laptop_id,Name,Price,Rating,Total_Reviews,Product_Link,Processor,RAM,Operating_System,Storage,Warranty
1,"Samsung Galaxy Book4 Metal",56990,4.4,19735,https://www.flipkart.com/samsung-galaxy-book4-metal-intel-core-i5-13th-gen-1335u-8-gb-512-gb-ssd-windows-11-home-np750xgj-kg1in-np750xgj-lg1in-np750xgj-lg6in-thin-light-laptop/p/itm1df5212efb9fc?pid=COMGZUYDFZXHWYWZ&lid=LSTCOMGZUYDFZXHWYWZJ6V2KW&marketplace=FLIPKART&q=laptop&store=6bo%2Fb5g&srno=s_1_1&otracker=search&fm=organic&iid=en_kXWkwc5WAOHuBn_u5WwmbbJxdN-ia_TgvRpw6L_mTRCLrMXFASYbOtPsxxUiDEBnsfGME0kkMQMICwGxasfmZSpiZoP3ZcDDMuaOuWFYumMvd7d2LSUEeJYJYxyzNm4N&ppt=None&ppn=None&ssid=56f49g3z6o0000001784730917322&qH=312f91285e048e09&ov_redirect=true,"Intel Core i5 Processor (13th Gen)","8 GB LPDDR4X RAM","64 bit Windows 11","512 GB SSD","1 Year Manufacturer Warranty for Laptop and 6 Months for In-Box Accessories"
2,"ASUS Vivobook S14 (2025)(i5 14th Gen)",65990,4.4,140,https://www.flipkart.com/asus-vivobook-s14-2025-i5-14th-gen-office-2024-m365-basic-backlit-keyboard-intel-core-5-210h-16-gb-512-gb-ssd-windows-11-home-s3407va-ly075ws-thin-light-laptop/p/itm2ba976d7093b2?pid=COMHEZZTSJAU3CDG&lid=LSTCOMHEZZTSJAU3CDG0SIINF&marketplace=FLIPKART&q=laptop&store=6bo%2Fb5g&srno=s_2_26&otracker=search&fm=organic&iid=bae6476f-85ba-40a0-889b-71a08a1cb35f.COMHEZZTSJAU3CDG.SEARCH&ppt=sp&ppn=sp&ssid=h7u7ths5xc0000001784730922905&qH=312f91285e048e09&ov_redirect=true,"Intel Core 5 Processor","16 GB DDR5 RAM","Windows 11 Home","512 GB SSD","1 Year Onsite Warranty"
3,"HP 14 AI PC",89990,4.1,790,https://www.flipkart.com/hp-14-ai-pc-intel-core-ultra-7-155h-24-gb-1-tb-ssd-windows-11-home-14-ep1181tu-thin-light-laptop/p/itm5d64ff09a148b?pid=COMHG98E5BBG8TAD&lid=LSTCOMHG98E5BBG8TADUEWRKG&marketplace=FLIPKART&q=laptop&store=6bo%2Fb5g&srno=s_1_9&otracker=search&fm=organic&iid=ee753269-5c34-4051-94b6-3152be90bc26.COMHG98E5BBG8TAD.SEARCH&ppt=None&ppn=None&ssid=56f49g3z6o0000001784730917322&qH=312f91285e048e09&ov_redirect=true,"Intel Core Ultra 7 Processor","24 GB DDR5 RAM","Windows 11 Home","1 TB SSD","1 Year Onsite Warranty"
4,"Samsung Galaxy Book5 AI Metal",84990,4.6,837,https://www.flipkart.com/samsung-galaxy-book5-ai-metal-intel-core-ultra-5-225u-16-gb-512-gb-ssd-windows-11-home-np750xhd-thin-light-laptop/p/itmc33d2563d0ffc?pid=COMHE4ATPCZ9FXRP&lid=LSTCOMHE4ATPCZ9FXRP7N1GVG&marketplace=FLIPKART&q=laptop&store=6bo%2Fb5g&srno=s_2_42&otracker=search&fm=organic&iid=en_Q1C_KtzCI8zDLFcmGomTJTPJvXPAf6azCFvpRBN1NHzyILiBn4gaG6MJslm2xAgO3WHJiuMjlX0EHxFVCjPkyeUBYPBIqgZE3mSuDz4HsbkgHM8ej7ZbhmAvSMToc60m&ppt=sp&ppn=sp&ssid=h7u7ths5xc0000001784730922905&qH=312f91285e048e09&ov_redirect=true,"Intel Core Ultra 5 Processor","16 GB LPDDR5X RAM","64 bit Windows 11","512 GB SSD","1 Year Manufacturer Warranty for Laptop and 6 Months for In-Box Accessories"
5,"Samsung Galaxy Book4 Metal",56990,4.4,19735,https://www.flipkart.com/samsung-galaxy-book4-metal-intel-core-i5-13th-gen-1335u-8-gb-512-gb-ssd-windows-11-home-np750xgj-kg1in-np750xgj-lg1in-np750xgj-lg6in-thin-light-laptop/p/itm1df5212efb9fc?pid=COMGZUYDFZXHWYWZ&lid=LSTCOMGZUYDFZXHWYWZJ6V2KW&marketplace=FLIPKART&q=laptop&store=6bo%2Fb5g&srno=s_2_27&otracker=search&fm=organic&iid=en_Q1C_KtzCI8zDLFcmGomTJTPJvXPAf6azCFvpRBN1NHygRgO3WRv6x6IWk_vo-gjcsfGME0kkMQMICwGxasfmZSpiZoP3ZcDDMuaOuWFYumMgHM8ej7ZbhmAvSMToc60m&ppt=sp&ppn=sp&ssid=h7u7ths5xc0000001784730922905&qH=312f91285e048e09&ov_redirect=true,"Intel Core i5 Processor (13th Gen)","8 GB LPDDR4X RAM","64 bit Windows 11","512 GB SSD","1 Year Manufacturer Warranty for Laptop and 6 Months for In-Box Accessories"
6,"Samsung Galaxy Book4 Metal",57490,4.4,10670,https://www.flipkart.com/samsung-galaxy-book4-metal-intel-core-i3-13th-gen-1315u-8-gb-512-gb-ssd-windows-11-home-np750xgj-lg9in-thin-light-laptop/p/itmc29d559898e6f?pid=COMH4Y6KKRC9YSWE&lid=LSTCOMH4Y6KKRC9YSWERDUMZD&marketplace=FLIPKART&q=laptop&store=6bo%2Fb5g&srno=s_2_28&otracker=search&fm=organic&iid=en_Q1C_KtzCI8zDLFcmGomTJTPJvXPAf6azCFvpRBN1NHzP1-9yjELkRIjCtzSH4B7aVqKfzRTPmTYCvEc1OQ2_kCChg9vAnpscSdI7uOc1ZHUgHM8ej7ZbhmAvSMToc60m&ppt=sp&ppn=sp&ssid=h7u7ths5xc0000001784730922905&qH=312f91285e048e09&ov_redirect=true,"Intel Core i3 Processor (13th Gen)","8 GB LPDDR4X RAM","64 bit Windows 11","512 GB SSD","1 Year Onsite Warranty"
7,"Acer Aspire Lite",47990,4.1,1615,https://www.flipkart.com/acer-aspire-lite-amd-ryzen-3-quad-core-5300u-16-gb-512-gb-ssd-windows-11-home-al15-41-thin-light-laptop/p/itm1bc0bcb4598e7?pid=COMH28U4WDFBUKP3&lid=LSTCOMH28U4WDFBUKP3PFEZVB&marketplace=FLIPKART&q=laptop&store=6bo%2Fb5g&srno=s_2_29&otracker=search&fm=organic&iid=bae6476f-85ba-40a0-889b-71a08a1cb35f.COMH28U4WDFBUKP3.SEARCH&ppt=sp&ppn=sp&ssid=h7u7ths5xc0000001784730922905&qH=312f91285e048e09&ov_redirect=true,"AMD Ryzen 3 Quad Core Processor","16 GB DDR4 RAM","Windows 11","512 GB SSD","1 Year Carry-in Warranty"
8,"Acer Aspire 3",34990,3.8,9828,https://www.flipkart.com/acer-aspire-3-intel-celeron-dual-core-8-gb-512-gb-ssd-windows-11-home-a311-45-thin-light-laptop/p/itmc0ed9561d2e85?pid=COMHCC7BGNVEZA9B&lid=LSTCOMHCC7BGNVEZA9B1YZNGS&marketplace=FLIPKART&q=laptop&store=6bo%2Fb5g&srno=s_2_43&otracker=search&fm=organic&iid=bae6476f-85ba-40a0-889b-71a08a1cb35f.COMHCC7BGNVEZA9B.SEARCH&ppt=sp&ppn=sp&ssid=h7u7ths5xc0000001784730922905&qH=312f91285e048e09&ov_redirect=true,"Intel Celeron Dual Core Processor","8 GB DDR4 RAM","64 bit Windows 11 Home","512 GB SSD","1 Year Warranty"
9,"Acer Aspire 3",54990,4.1,2005,https://www.flipkart.com/acer-aspire-3-backlit-amd-ryzen-7-octa-core-7730u-16-gb-512-gb-ssd-windows-11-home-as15-42-thin-light-laptop/p/itmdaf15e01a1d1a?pid=COMH397XPF4Z3BMX&lid=LSTCOMH397XPF4Z3BMXL8O53G&marketplace=FLIPKART&q=laptop&store=6bo%2Fb5g&srno=s_2_30&otracker=search&fm=organic&iid=bae6476f-85ba-40a0-889b-71a08a1cb35f.COMH397XPF4Z3BMX.SEARCH&ppt=sp&ppn=sp&ssid=h7u7ths5xc0000001784730922905&qH=312f91285e048e09&ov_redirect=true,"AMD Ryzen 7 Octa Core Processor","16 GB DDR4 RAM","Windows 11","512 GB SSD","1 Year Carry-in Warranty"
10,"HP Omnibook 3 2K WUXGA",72990,4.1,11,https://www.flipkart.com/hp-omnibook-3-2k-wuxga-snapdragon-x-16-gb-512-gb-ssd-windows-11-home-14-hz0024qu-laptop/p/itmbd5346cd09abc?pid=COMHZGK2ACSECZB5&lid=LSTCOMHZGK2ACSECZB52ALLPO&marketplace=FLIPKART&q=laptop&store=6bo%2Fb5g&srno=s_2_31&otracker=search&fm=organic&iid=en_Q1C_KtzCI8zDLFcmGomTJTPJvXPAf6azCFvpRBN1NHwRtUIWtEIFrj3PhS27hPHrQDaMOpjaAqIhVlr2eDOqkK8WMJxc_eOD3pdFe_35DQUgHM8ej7ZbhmAvSMToc60m&ppt=sp&ppn=sp&ssid=h7u7ths5xc0000001784730922905&qH=312f91285e048e09&ov_redirect=true,"Snapdragon X Processor","16 GB LPDDR5X RAM","Windows 11 Home","512 GB SSD","1 Year Onsite Service"
11,"DELL 15 (Previouly Inspiron)",57990,4.5,6,https://www.flipkart.com/dell-15-previouly-inspiron-amd-ryzen-5-quad-core-7520u-8-gb-512-gb-ssd-windows-11-home-dc15255-thin-light-laptop/p/itmb80bb4e819164?pid=COMHDXXUHGDCHMQX&lid=LSTCOMHDXXUHGDCHMQXUEUE9X&marketplace=FLIPKART&q=laptop&store=6bo%2Fb5g&srno=s_2_32&otracker=search&fm=organic&iid=en_Q1C_KtzCI8zDLFcmGomTJTPJvXPAf6azCFvpRBN1NHyXU9mrAYa0Kmv3k3uB0cdcKS7KjhXWMehRCKPAR7kLILb6bL0Zx_kaK68EeWHdQeAgHM8ej7ZbhmAvSMToc60m&ppt=sp&ppn=sp&ssid=h7u7ths5xc0000001784730922905&qH=312f91285e048e09&ov_redirect=true,"AMD Ryzen 5 Quad Core Processor","8 GB LPDDR5 RAM","Windows 11","512 GB SSD","1 Year Onsite Warranty"
12,"Lenovo Chromebook 11IJL9",17990,4,143,https://www.flipkart.com/lenovo-chromebook-11ijl9-intel-celeron-dual-core-n4500-4-gb-64-gb-emmc-storage-chrome-os/p/itmd2a376187074e?pid=COMHCYMG83BGNQHH&lid=LSTCOMHCYMG83BGNQHHQNGMKF&marketplace=FLIPKART&q=laptop&store=6bo%2Fb5g&srno=s_2_33&otracker=search&fm=organic&iid=bae6476f-85ba-40a0-889b-71a08a1cb35f.COMHCYMG83BGNQHH.SEARCH&ppt=sp&ppn=sp&ssid=h7u7ths5xc0000001784730922905&qH=312f91285e048e09&ov_redirect=true,"Intel Celeron Dual Core Processor","4 GB LPDDR4X RAM",ChromeOS,NULL,"1 Year Onsite Warranty"
13,"HP Essentials(i5 14th Gen)",59990,4.5,10,https://www.flipkart.com/hp-essentials-i5-14th-gen-intel-core-5-13th-gen-120u-8-gb-1-tb-ssd-windows-11-home-15-fd0549tu-thin-light-laptop/p/itm426d2307326b2?pid=COMHFKPVKEQZJYVX&lid=LSTCOMHFKPVKEQZJYVXGB0ABE&marketplace=FLIPKART&q=laptop&store=6bo%2Fb5g&srno=s_2_34&otracker=search&fm=organic&iid=bae6476f-85ba-40a0-889b-71a08a1cb35f.COMHFKPVKEQZJYVX.SEARCH&ppt=sp&ppn=sp&ssid=h7u7ths5xc0000001784730922905&qH=312f91285e048e09&ov_redirect=true,"Intel Core 5 Processor (13th Gen)","8 GB DDR4 RAM","Windows 11 Home","1 TB SSD","1 Year Warranty and Only 6 Months Warranty on Battery and Adaptor"
14,"HP 15 (i3 14th Gen)",49990,4.2,1654,https://www.flipkart.com/hp-15-i3-14th-gen-intel-core-3-100u-16-gb-512-gb-ssd-windows-11-home-15-fd0885tu-thin-light-laptop/p/itm661ed697fa9ca?pid=COMHK4F734GZWHFM&lid=LSTCOMHK4F734GZWHFMN7EU3K&marketplace=FLIPKART&q=laptop&store=6bo%2Fb5g&srno=s_2_35&otracker=search&fm=organic&iid=bae6476f-85ba-40a0-889b-71a08a1cb35f.COMHK4F734GZWHFM.SEARCH&ppt=sp&ppn=sp&ssid=h7u7ths5xc0000001784730922905&qH=312f91285e048e09&ov_redirect=true,"Intel Core 3 Processor","16 GB DDR4 RAM","Windows 11 Home","512 GB SSD","1 Year Onsite Warranty"
15,"ASUS ExpertBook P1 (i3 14th Gen)",50990,4.3,6585,https://www.flipkart.com/asus-expertbook-p1-i3-14th-gen-1-yr-adp-intel-core-3-gen-100u-8-gb-512-gb-ssd-windows-11-home-p1503cva-s72562ws-thin-light-laptop/p/itm1ed622fed8f3a?pid=COMHGYAFDTDPH4GZ&lid=LSTCOMHGYAFDTDPH4GZTQUSTS&marketplace=FLIPKART&q=laptop&store=6bo%2Fb5g&srno=s_2_36&otracker=search&fm=organic&iid=bae6476f-85ba-40a0-889b-71a08a1cb35f.COMHGYAFDTDPH4GZ.SEARCH&ppt=sp&ppn=sp&ssid=h7u7ths5xc0000001784730922905&qH=312f91285e048e09&ov_redirect=true,"Intel Core 3 Processor (14th Gen)","8 GB DDR5 RAM","64 bit Windows 11 Home","512 GB SSD","1 Year Limited Warranty"
16,"ASUS Vivobook 16 (2025)",73990,4.3,116,https://www.flipkart.com/asus-vivobook-16-2025-office-2024-m365-basic-ai-pc-intel-core-ultra-5-series-2-225h-16-gb-512-gb-ssd-windows-11-home-x1607ca-mb142ws-thin-light-laptop/p/itm6e5fc45e4e812?pid=COMH89EBYFHZZGMH&lid=LSTCOMH89EBYFHZZGMHIYRISQ&marketplace=FLIPKART&q=laptop&store=6bo%2Fb5g&srno=s_2_44&otracker=search&fm=organic&iid=bae6476f-85ba-40a0-889b-71a08a1cb35f.COMH89EBYFHZZGMH.SEARCH&ppt=sp&ppn=sp&ssid=h7u7ths5xc0000001784730922905&qH=312f91285e048e09&ov_redirect=true,"Intel Core Ultra 5 Processor (Series 2)","16 GB DDR5 RAM","Windows 11 Home","512 GB SSD","1 Year Onsite warranty"
17,"HP 15 (i5 14th Gen)",82990,4.2,195,https://www.flipkart.com/hp-15-i5-14th-gen-intel-core-5-120u-24-gb-512-gb-ssd-windows-11-home-15-fd0262tu-thin-light-laptop/p/itm027a3317f4ff9?pid=COMHM94A7PHVCQT7&lid=LSTCOMHM94A7PHVCQT7QTPOH7&marketplace=FLIPKART&q=laptop&store=6bo%2Fb5g&srno=s_2_37&otracker=search&fm=organic&iid=en_Q1C_KtzCI8zDLFcmGomTJTPJvXPAf6azCFvpRBN1NHyKYsy81cwkNupm7Zx12__CajNODExQ3AD2YwLVEpFEnL-0TByd-y2aowfbZcqv2qAgHM8ej7ZbhmAvSMToc60m&ppt=sp&ppn=sp&ssid=h7u7ths5xc0000001784730922905&qH=312f91285e048e09&ov_redirect=true,"Intel Core 5 Processor","24 GB DDR5 RAM","Windows 11 Home","512 GB SSD","1 Year Onsite Service"
18,"HP 14 AI PC",85990,4.1,790,https://www.flipkart.com/hp-14-ai-pc-intel-core-ultra-7-155h-16-gb-1-tb-ssd-windows-11-home-14-ep1152tu-thin-light-laptop/p/itm448874079369f?pid=COMHG98EXZ3AJYZN&lid=LSTCOMHG98EXZ3AJYZNODD67U&marketplace=FLIPKART&q=laptop&store=6bo%2Fb5g&srno=s_2_38&otracker=search&fm=organic&iid=en_Q1C_KtzCI8zDLFcmGomTJTPJvXPAf6azCFvpRBN1NHz-olHrnrXHPalYLFXoSO3un9sG8qIKSbGwDcGdLV_LgSGkgDYpheMzpTOfbcb9jJrXEToOxZHcLKlgWDTGSI49&ppt=sp&ppn=sp&ssid=h7u7ths5xc0000001784730922905&qH=312f91285e048e09&ov_redirect=true,"Intel Core Ultra 7 Processor","16 GB DDR5 RAM","Windows 11 Home","1 TB SSD","1 Year Onsite Warranty"
19,"Acer Aspire 3",33250,3.8,9828,https://www.flipkart.com/acer-aspire-3-intel-celeron-dual-core-8-gb-128-gb-ssd-windows-11-home-a311-45-thin-light-laptop/p/itmad38595c5a902?pid=COMH7NCZGGGWQC4W&lid=LSTCOMH7NCZGGGWQC4WA6EIVT&marketplace=FLIPKART&q=laptop&store=6bo%2Fb5g&srno=s_2_45&otracker=search&fm=organic&iid=bae6476f-85ba-40a0-889b-71a08a1cb35f.COMH7NCZGGGWQC4W.SEARCH&ppt=sp&ppn=sp&ssid=h7u7ths5xc0000001784730922905&qH=312f91285e048e09&ov_redirect=true,"Intel Celeron Dual Core Processor","8 GB DDR4 RAM","64 bit Windows 11 Home","128 GB SSD","1 Year Warranty"
20,"Acer Aspire 3",48104,4.1,1002,https://www.flipkart.com/acer-aspire-3-amd-ryzen-quad-core-7330u-8-gb-256-gb-ssd-windows-11-home-as15-42-thin-light-laptop/p/itmdaf15e01a1d1a?pid=COMH898FYYFGRAFZ&lid=LSTCOMH898FYYFGRAFZRSRCGK&marketplace=FLIPKART&q=laptop&store=6bo%2Fb5g&srno=s_2_46&otracker=search&fm=organic&iid=bae6476f-85ba-40a0-889b-71a08a1cb35f.COMH898FYYFGRAFZ.SEARCH&ppt=sp&ppn=sp&ssid=h7u7ths5xc0000001784730922905&qH=312f91285e048e09&ov_redirect=true,"AMD Ryzen 3 Quad Core Processor","8 GB DDR4 RAM","Windows 11","256 GB SSD","1 Year Onsite Warranty"
21,"Samsung Galaxy Book5 AI Metal",91990,4.6,463,https://www.flipkart.com/samsung-galaxy-book5-ai-metal-intel-core-ultra-7-255u-16-gb-512-gb-ssd-windows-11-home-np750xhd-thin-light-laptop/p/itma9c081cdbe95d?pid=COMHE4ATBCUTGUYT&lid=LSTCOMHE4ATBCUTGUYTJZ7NHN&marketplace=FLIPKART&q=laptop&store=6bo%2Fb5g&srno=s_2_47&otracker=search&fm=organic&iid=en_Q1C_KtzCI8zDLFcmGomTJTPJvXPAf6azCFvpRBN1NHxSHiAj88o2qh8680-_0cQL_54vlUw9QAlUFlRYR6QtY8H5LP6GMXD1iSKF2pPmS-QgHM8ej7ZbhmAvSMToc60m&ppt=sp&ppn=sp&ssid=h7u7ths5xc0000001784730922905&qH=312f91285e048e09&ov_redirect=true,"Intel Core Ultra 7 Processor","16 GB LPDDR5X RAM","64 bit Windows 11","512 GB SSD","1 Year Manufacturer Warranty for Laptop and 6 Months for In-Box Accessories"
22,"Lenovo 100e Chromebook Gen 4",20990,4,3211,https://www.flipkart.com/lenovo-100e-chromebook-gen-4-mediatek-kompanio-520-4-gb-32-gb-emmc-storage-chrome-os/p/itm041aea27f1885?pid=COMHA9FK8YXVUUWA&lid=LSTCOMHA9FK8YXVUUWAAREQMZ&marketplace=FLIPKART&q=laptop&store=6bo%2Fb5g&srno=s_2_39&otracker=search&fm=organic&iid=bae6476f-85ba-40a0-889b-71a08a1cb35f.COMHA9FK8YXVUUWA.SEARCH&ppt=sp&ppn=sp&ssid=h7u7ths5xc0000001784730922905&qH=312f91285e048e09&ov_redirect=true,"MediaTek Kompanio 520 Processor","4 GB LPDDR4X RAM",ChromeOS,NULL,"1 Year Carry-in Warranty"
23,"HP OMEN AI",134990,4.5,112,https://www.flipkart.com/hp-omen-ai-amd-ryzen-7-octa-core-350-24-gb-1-tb-ssd-windows-11-home-8-gb-graphics-nvidia-geforce-rtx-5050-16-ap0165ax-gaming-laptop/p/itm5661c90728083?pid=COMHEHHXKFQSABXZ&lid=LSTCOMHEHHXKFQSABXZEF3JCN&marketplace=FLIPKART&q=laptop&store=6bo%2Fb5g&srno=s_2_48&otracker=search&fm=organic&iid=en_Q1C_KtzCI8zDLFcmGomTJTPJvXPAf6azCFvpRBN1NHy8Uwpsv2uYahaLAOMTL83iSt8s0FwzStmVNuDw0YIb7vRQYaQqNgqexXd2bqUccoJsFE5ToXBHCPzbhbS1Vx1o&ppt=sp&ppn=sp&ssid=h7u7ths5xc0000001784730922905&qH=312f91285e048e09&ov_redirect=true,"AMD Ryzen AI 7 Octa Core Processor","24 GB DDR5 RAM","Windows 11 Home","1 TB SSD","1 Year Onsite Warranty"
24,"ASUS Vivobook 14 (2025)",58990,4.4,693,https://www.flipkart.com/asus-vivobook-14-2025-office-2024-m365-basic-backlit-keyboard-snapdragon-x-16-gb-512-gb-ssd-windows-11-home-x1407qa-ly088ws-thin-light-laptop/p/itm50b9ac5b77ae0?pid=COMHEDHREAGHHPGG&lid=LSTCOMHEDHREAGHHPGGDRJ6MG&marketplace=FLIPKART&q=laptop&store=6bo%2Fb5g&srno=s_2_40&otracker=search&fm=organic&iid=bae6476f-85ba-40a0-889b-71a08a1cb35f.COMHEDHREAGHHPGG.SEARCH&ppt=sp&ppn=sp&ssid=h7u7ths5xc0000001784730922905&qH=312f91285e048e09&ov_redirect=true,"Snapdragon X Processor","16 GB LPDDR5X RAM","Windows 11 Home","512 GB SSD","1 Year Onsite Warranty"
25,"ASUS TUF Gaming A15 (2026)",83990,4.7,39,https://www.flipkart.com/asus-tuf-gaming-a15-2026-amd-ryzen-7-170-16-gb-1-tb-ssd-windows-11-home-4-gb-graphics-nvidia-geforce-rtx-3050-fa506ncq-hn008w-laptop/p/itm187b00d3b76d3?pid=COMHHNH8QYHRSTCG&lid=LSTCOMHHNH8QYHRSTCGYUF05H&marketplace=FLIPKART&q=laptop&store=6bo%2Fb5g&srno=s_3_49&otracker=search&fm=organic&iid=27ed236b-3426-42e2-a9ba-7ba53609e119.COMHHNH8QYHRSTCG.SEARCH&ppt=sp&ppn=sp&ssid=pwnzwl4e8w0000001784730928669&qH=312f91285e048e09&ov_redirect=true,"AMD Ryzen 7 Processor","16 GB DDR5 RAM","Windows 11 Home","1 TB SSD","1 Year Onsite Service"
26,"Samsung Galaxy Book4 Metal",56990,4.4,19735,https://www.flipkart.com/samsung-galaxy-book4-metal-intel-core-i5-13th-gen-1335u-8-gb-512-gb-ssd-windows-11-home-np750xgj-kg1in-np750xgj-lg1in-np750xgj-lg6in-thin-light-laptop/p/itm1df5212efb9fc?pid=COMGZUYDFZXHWYWZ&lid=LSTCOMGZUYDFZXHWYWZJ6V2KW&marketplace=FLIPKART&q=laptop&store=6bo%2Fb5g&srno=s_3_51&otracker=search&fm=organic&iid=en_Ic5ziquTi-xyo-USlwrd3m-2BOSV46O3FrVLU6XavOJlp6BUpYJ3iL-dGykDdWOVsfGME0kkMQMICwGxasfmZSpiZoP3ZcDDMuaOuWFYumO-TLoHQfxDL5YfQlxCfpwn&ppt=sp&ppn=sp&ssid=pwnzwl4e8w0000001784730928669&qH=312f91285e048e09&ov_redirect=true,"Intel Core i5 Processor (13th Gen)","8 GB LPDDR4X RAM","64 bit Windows 11","512 GB SSD","1 Year Manufacturer Warranty for Laptop and 6 Months for In-Box Accessories"
27,"Samsung Galaxy Book4 Metal",57490,4.4,10670,https://www.flipkart.com/samsung-galaxy-book4-metal-intel-core-i3-13th-gen-1315u-8-gb-512-gb-ssd-windows-11-home-np750xgj-lg9in-thin-light-laptop/p/itmc29d559898e6f?pid=COMH4Y6KKRC9YSWE&lid=LSTCOMH4Y6KKRC9YSWERDUMZD&marketplace=FLIPKART&q=laptop&store=6bo%2Fb5g&srno=s_3_52&otracker=search&fm=organic&iid=en_Ic5ziquTi-xyo-USlwrd3m-2BOSV46O3FrVLU6XavOIxnxCe3B_2ASuI-K6Z8SJ-VqKfzRTPmTYCvEc1OQ2_kCChg9vAnpscSdI7uOc1ZHW-TLoHQfxDL5YfQlxCfpwn&ppt=sp&ppn=sp&ssid=pwnzwl4e8w0000001784730928669&qH=312f91285e048e09&ov_redirect=true,"Intel Core i3 Processor (13th Gen)","8 GB LPDDR4X RAM","64 bit Windows 11","512 GB SSD","1 Year Onsite Warranty"
28,"HP 14 AI PC",79990,4.1,790,https://www.flipkart.com/hp-14-ai-pc-intel-core-ultra-7-155h-16-gb-512-gb-ssd-windows-11-home-14-ep1151tu-14-gr1036tu-14-ep1151tu-thin-light-laptop/p/itm4c681812b88bf?pid=COMHF8G932EYZAJF&lid=LSTCOMHF8G932EYZAJFOUI9CA&marketplace=FLIPKART&q=laptop&store=6bo%2Fb5g&srno=s_2_41&otracker=search&fm=organic&iid=en_Q1C_KtzCI8zDLFcmGomTJTPJvXPAf6azCFvpRBN1NHzr69SNdoSCnnKqFEoshU853zzcGhlXkGO1hWP1UU6KY6U4JGq2qGfuCYjFJWjKqlTXEToOxZHcLKlgWDTGSI49&ppt=sp&ppn=sp&ssid=h7u7ths5xc0000001784730922905&qH=312f91285e048e09&ov_redirect=true,"Intel Core Ultra 7 Processor","16 GB DDR5 RAM","Windows 11 Home","512 GB SSD","1 Year Onsite Warranty"
29,"ASUS Vivobook 15 (2026)",64990,4.5,113,https://www.flipkart.com/asus-vivobook-15-2026-office-2024-m365-basic-amd-ryzen-5-hexa-core-150-16-gb-512-gb-ssd-windows-11-home-m1502naq-bq118ws-thin-light-laptop/p/itm194545ff7b206?pid=COMHKDXB5DD3ARYM&lid=LSTCOMHKDXB5DD3ARYMIU2AJX&marketplace=FLIPKART&q=laptop&store=6bo%2Fb5g&srno=s_3_53&otracker=search&fm=organic&iid=27ed236b-3426-42e2-a9ba-7ba53609e119.COMHKDXB5DD3ARYM.SEARCH&ppt=sp&ppn=sp&ssid=pwnzwl4e8w0000001784730928669&qH=312f91285e048e09&ov_redirect=true,"AMD Ryzen 5 Hexa Core Processor","16 GB DDR5 RAM","Windows 11 Home","512 GB SSD","1 Year Onsite Warranty"
30,"Lenovo IdeaPad Slim 1",33990,4.2,7228,https://www.flipkart.com/lenovo-ideapad-slim-1-amd-ryzen-5-hexa-core-5500u-16-gb-512-gb-ssd-windows-11-home-15alc7-15alc6-thin-light-laptop/p/itm3680fb576eb7b?pid=COMGN2YDSFGGXYG3&lid=LSTCOMGN2YDSFGGXYG3MJBCRU&marketplace=FLIPKART&q=laptop&store=6bo%2Fb5g&srno=s_3_55&otracker=search&fm=organic&iid=27ed236b-3426-42e2-a9ba-7ba53609e119.COMGN2YDSFGGXYG3.SEARCH&ppt=sp&ppn=sp&ssid=pwnzwl4e8w0000001784730928669&qH=312f91285e048e09&ov_redirect=true,"AMD Ryzen 5 Hexa Core Processor","16 GB DDR4 RAM","64 bit Windows 11","512 GB SSD","1 Year Onsite Warranty"
31,"ASUS Vivobook 14 (2025)",48990,4.3,3115,https://www.flipkart.com/asus-vivobook-14-2025-office-2024-m365-basic-backlit-keyboard-intel-core-i3-13th-gen-1315u-8-gb-512-gb-ssd-windows-11-home-x1404va-eb321ws-thin-light-laptop/p/itm86b2575a66c73?pid=COMHEZZTACFZCGWF&lid=LSTCOMHEZZTACFZCGWFFCUHCO&marketplace=FLIPKART&q=laptop&store=6bo%2Fb5g&srno=s_3_56&otracker=search&fm=organic&iid=27ed236b-3426-42e2-a9ba-7ba53609e119.COMHEZZTACFZCGWF.SEARCH&ppt=sp&ppn=sp&ssid=pwnzwl4e8w0000001784730928669&qH=312f91285e048e09&ov_redirect=true,"Intel Core i3 Processor (13th Gen)","8 GB DDR4 RAM","Windows 11 Home","512 GB SSD","1 Year Onsite Warranty"
32,"HP Omnibook 3 2K WUXGA",72990,4.1,11,https://www.flipkart.com/hp-omnibook-3-2k-wuxga-snapdragon-x-16-gb-512-gb-ssd-windows-11-home-14-hz0024qu-laptop/p/itmbd5346cd09abc?pid=COMHZGK2ACSECZB5&lid=LSTCOMHZGK2ACSECZB52ALLPO&marketplace=FLIPKART&q=laptop&store=6bo%2Fb5g&srno=s_3_57&otracker=search&fm=organic&iid=en_Ic5ziquTi-xyo-USlwrd3m-2BOSV46O3FrVLU6XavOKLzp0S-m-Mb3Fs1eOq-DBOQDaMOpjaAqIhVlr2eDOqkK8WMJxc_eOD3pdFe_35DQW-TLoHQfxDL5YfQlxCfpwn&ppt=sp&ppn=sp&ssid=pwnzwl4e8w0000001784730928669&qH=312f91285e048e09&ov_redirect=true,"Snapdragon X Processor","16 GB LPDDR5X RAM","Windows 11 Home","512 GB SSD","1 Year Onsite Service"
33,"HP 15 (i5 14th Gen)",82990,4.2,195,https://www.flipkart.com/hp-15-i5-14th-gen-intel-core-5-120u-24-gb-512-gb-ssd-windows-11-home-15-fd0262tu-thin-light-laptop/p/itm027a3317f4ff9?pid=COMHM94A7PHVCQT7&lid=LSTCOMHM94A7PHVCQT7QTPOH7&marketplace=FLIPKART&q=laptop&store=6bo%2Fb5g&srno=s_3_58&otracker=search&fm=organic&iid=en_Ic5ziquTi-xyo-USlwrd3m-2BOSV46O3FrVLU6XavOJFoyoIt7H7THmGYyOdQ9fSajNODExQ3AD2YwLVEpFEnHQxmIaeT1eVU6lHR1JOxyC-TLoHQfxDL5YfQlxCfpwn&ppt=sp&ppn=sp&ssid=pwnzwl4e8w0000001784730928669&qH=312f91285e048e09&ov_redirect=true,"Intel Core 5 Processor","24 GB DDR5 RAM","Windows 11 Home","512 GB SSD","1 Year Onsite Service"
34,"ASUS Expertbook P3 Metal High-performance processor",67990,4.4,684,https://www.flipkart.com/asus-expertbook-p3-metal-high-performance-processor-1-yr-adp-intel-core-i5-13th-gen-13420h-16-gb-512-gb-ssd-windows-11-home-p3405cva-ly0015ws-thin-light-laptop/p/itm09459c3a8fab7?pid=COMHB7VNHHRQYPFJ&lid=LSTCOMHB7VNHHRQYPFJ6FCSRI&marketplace=FLIPKART&q=laptop&store=6bo%2Fb5g&srno=s_3_59&otracker=search&fm=organic&iid=27ed236b-3426-42e2-a9ba-7ba53609e119.COMHB7VNHHRQYPFJ.SEARCH&ppt=sp&ppn=sp&ssid=pwnzwl4e8w0000001784730928669&qH=312f91285e048e09&ov_redirect=true,"Intel Core i5 Processor (13th Gen)","16 GB DDR5 RAM","Windows 11 Home","512 GB SSD","1 Year Onsite Warranty"
35,"HP 255R G10 (2026) Professional DDR5 5600Mhz",55991,4.5,23,https://www.flipkart.com/hp-255r-g10-2026-professional-ddr5-5600mhz-amd-ryzen-5-hexa-core-8-gb-512-gb-ssd-windows-11-pro-thin-light-laptop/p/itmf384f3e0e52b8?pid=COMHKTC35EHGQYEG&lid=LSTCOMHKTC35EHGQYEGHJDIF9&marketplace=FLIPKART&q=laptop&store=6bo%2Fb5g&srno=s_3_60&otracker=search&fm=organic&iid=27ed236b-3426-42e2-a9ba-7ba53609e119.COMHKTC35EHGQYEG.SEARCH&ppt=sp&ppn=sp&ssid=pwnzwl4e8w0000001784730928669&qH=312f91285e048e09&ov_redirect=true,"AMD Ryzen 5 Hexa Core Processor","8 GB DDR5 RAM","64 bit Windows 11","512 GB SSD","1 Year"
36,"ASUS Vivobook 15,",54790,4.3,3115,https://www.flipkart.com/asus-vivobook-15-backlit-keyboard-intel-core-i3-13th-gen-1315u-16-gb-512-gb-ssd-windows-11-home-x1504va-nj2325ws-x1504va-bq342ws-thin-light-laptop/p/itmb44a032e58491?pid=COMH9499CDEZTNHX&lid=LSTCOMH9499CDEZTNHX71LGZJ&marketplace=FLIPKART&q=laptop&store=6bo%2Fb5g&srno=s_4_75&otracker=search&fm=organic&iid=e0efea9a-4663-49de-a5e8-ea6d3b1482a8.COMH9499CDEZTNHX.SEARCH&ppt=sp&ppn=sp&ssid=1d4ec7svgw0000001784730934267&qH=312f91285e048e09&ov_redirect=true,"Intel Core i3 Processor (13th Gen)","16 GB DDR4 RAM","Windows 11 Home","512 GB SSD","1 Year Onsite Warranty"
37,"DELL 15 (Previouly Inspiron)",57990,4.5,6,https://www.flipkart.com/dell-15-previouly-inspiron-amd-ryzen-5-quad-core-7520u-8-gb-512-gb-ssd-windows-11-home-dc15255-thin-light-laptop/p/itmb80bb4e819164?pid=COMHDXXUHGDCHMQX&lid=LSTCOMHDXXUHGDCHMQXUEUE9X&marketplace=FLIPKART&q=laptop&store=6bo%2Fb5g&srno=s_3_61&otracker=search&fm=organic&iid=en_Ic5ziquTi-xyo-USlwrd3m-2BOSV46O3FrVLU6XavOL0xi9W1chYdgCeP7THFmtqKS7KjhXWMehRCKPAR7kLICmyONG8u9GUv-mVZHUzBoy-TLoHQfxDL5YfQlxCfpwn&ppt=sp&ppn=sp&ssid=pwnzwl4e8w0000001784730928669&qH=312f91285e048e09&ov_redirect=true,"AMD Ryzen 5 Quad Core Processor","8 GB LPDDR5 RAM","Windows 11","512 GB SSD","1 Year Onsite Warranty"
38,"Lenovo Ideapad",69980,4.1,153,https://www.flipkart.com/lenovo-ideapad-intel-core-i5-12th-gen-12450h-16-gb-512-gb-ssd-windows-11-home-4-graphics-15iah8-thin-light-laptop/p/itm76f0e5d975817?pid=COMGYSFGJKSCNDDC&lid=LSTCOMGYSFGJKSCNDDCDTHDSB&marketplace=FLIPKART&q=laptop&store=6bo%2Fb5g&srno=s_4_76&otracker=search&fm=organic&iid=e0efea9a-4663-49de-a5e8-ea6d3b1482a8.COMGYSFGJKSCNDDC.SEARCH&ppt=sp&ppn=sp&ssid=1d4ec7svgw0000001784730934267&qH=312f91285e048e09&ov_redirect=true,"Intel Core i5 Processor (12th Gen)","16 GB LPDDR5 RAM","Windows 11","512 GB SSD","1 Yr. Onsite + 1 Yr. Accidental Damage Protection"
39,"HP 14 AI PC",85990,4.1,790,https://www.flipkart.com/hp-14-ai-pc-intel-core-ultra-7-155h-16-gb-1-tb-ssd-windows-11-home-14-ep1152tu-thin-light-laptop/p/itm448874079369f?pid=COMHG98EXZ3AJYZN&lid=LSTCOMHG98EXZ3AJYZNODD67U&marketplace=FLIPKART&q=laptop&store=6bo%2Fb5g&srno=s_3_62&otracker=search&fm=organic&iid=en_Ic5ziquTi-xyo-USlwrd3m-2BOSV46O3FrVLU6XavOIiRGpK13NQPugZhDZNb8MCn9sG8qIKSbGwDcGdLV_LgSGkgDYpheMzpTOfbcb9jJoVe_jrbeVzH2yfk9h1CsZJ&ppt=sp&ppn=sp&ssid=pwnzwl4e8w0000001784730928669&qH=312f91285e048e09&ov_redirect=true,"Intel Core Ultra 7 Processor","16 GB DDR5 RAM","Windows 11 Home","1 TB SSD","1 Year Onsite Warranty"
40,"ASUS Vivobook 16 (2025)",64990,4.4,302,https://www.flipkart.com/asus-vivobook-16-2025-office-2024-m365-basic-intel-core-i5-13th-gen-13420h-16-gb-512-gb-ssd-windows-11-home-x1605va-mb1627ws-thin-light-laptop/p/itmd74674c1c830b?pid=COMH9SJ9CF9DSGXF&lid=LSTCOMH9SJ9CF9DSGXF8IEPGJ&marketplace=FLIPKART&q=laptop&store=6bo%2Fb5g&srno=s_3_63&otracker=search&fm=organic&iid=27ed236b-3426-42e2-a9ba-7ba53609e119.COMH9SJ9CF9DSGXF.SEARCH&ppt=sp&ppn=sp&ssid=pwnzwl4e8w0000001784730928669&qH=312f91285e048e09&ov_redirect=true,"Intel Core i5 Processor (13th Gen)","16 GB DDR4 RAM","Windows 11 Home","512 GB SSD","1 Year Onsite Warranty"
41,"Samsung Galaxy Book4 Metal",56990,4.4,19735,https://www.flipkart.com/samsung-galaxy-book4-metal-intel-core-i5-13th-gen-1335u-8-gb-512-gb-ssd-windows-11-home-np750xgj-kg1in-np750xgj-lg1in-np750xgj-lg6in-thin-light-laptop/p/itm1df5212efb9fc?pid=COMGZUYDFZXHWYWZ&lid=LSTCOMGZUYDFZXHWYWZJ6V2KW&marketplace=FLIPKART&q=laptop&store=6bo%2Fb5g&srno=s_4_77&otracker=search&fm=organic&iid=en_ESPhaKoXAdh25geYsa_tIlCnMNIjI1NOCfXEf1RsOIRXB-r9QENR9wJdq9M_kRcesfGME0kkMQMICwGxasfmZSpiZoP3ZcDDMuaOuWFYumN5NLWBY6SdUwYuFeibLPTi&ppt=sp&ppn=sp&ssid=1d4ec7svgw0000001784730934267&qH=312f91285e048e09&ov_redirect=true,"Intel Core i5 Processor (13th Gen)","8 GB LPDDR4X RAM","64 bit Windows 11","512 GB SSD","1 Year Manufacturer Warranty for Laptop and 6 Months for In-Box Accessories"
42,"HP Professional 14,",69990,4.4,59,https://www.flipkart.com/hp-professional-14-intel-core-i5-13th-gen-1334u-16-gb-512-gb-ssd-windows-11-pro-240-g10-thin-light-laptop/p/itm84e8fe2d61b08?pid=COMHF8AFGVQEABHR&lid=LSTCOMHF8AFGVQEABHR23UT18&marketplace=FLIPKART&q=laptop&store=6bo%2Fb5g&srno=s_3_64&otracker=search&fm=organic&iid=27ed236b-3426-42e2-a9ba-7ba53609e119.COMHF8AFGVQEABHR.SEARCH&ppt=sp&ppn=sp&ssid=pwnzwl4e8w0000001784730928669&qH=312f91285e048e09&ov_redirect=true,"Intel Core i5 Processor (13th Gen)","16 GB DDR4X RAM","64 bit Windows 11","512 GB SSD",1-Year(DOMESTIC)
43,"Samsung Galaxy Book4 Metal",57490,4.4,10670,https://www.flipkart.com/samsung-galaxy-book4-metal-intel-core-i3-13th-gen-1315u-8-gb-512-gb-ssd-windows-11-home-np750xgj-lg9in-thin-light-laptop/p/itmc29d559898e6f?pid=COMH4Y6KKRC9YSWE&lid=LSTCOMH4Y6KKRC9YSWERDUMZD&marketplace=FLIPKART&q=laptop&store=6bo%2Fb5g&srno=s_4_78&otracker=search&fm=organic&iid=en_ESPhaKoXAdh25geYsa_tIlCnMNIjI1NOCfXEf1RsOITky5Bw01wuOZOhW7KzqL_xVqKfzRTPmTYCvEc1OQ2_kCChg9vAnpscSdI7uOc1ZHV5NLWBY6SdUwYuFeibLPTi&ppt=sp&ppn=sp&ssid=1d4ec7svgw0000001784730934267&qH=312f91285e048e09&ov_redirect=true,"Intel Core i3 Processor (13th Gen)","8 GB LPDDR4X RAM","64 bit Windows 11","512 GB SSD","1 Year Onsite Warranty"
44,"DELL 14 Next Gen AI PC",91390,4.5,64,https://www.flipkart.com/dell-14-next-gen-ai-pc-microsoft-office-home-2024-intel-core-ultra-5-226v-16-gb-512-gb-ssd-windows-11-home-db14250-plus-2-1-db04250-thin-light-laptop/p/itmd5a3fea5e96f8?pid=COMHDGD5HGDVUX9R&lid=LSTCOMHDGD5HGDVUX9RPSVW5T&marketplace=FLIPKART&q=laptop&store=6bo%2Fb5g&srno=s_3_65&otracker=search&fm=organic&iid=27ed236b-3426-42e2-a9ba-7ba53609e119.COMHDGD5HGDVUX9R.SEARCH&ppt=sp&ppn=sp&ssid=pwnzwl4e8w0000001784730928669&qH=312f91285e048e09&ov_redirect=true,"Intel Core Ultra 5 Processor","16 GB LPDDR5X RAM","Windows 11","512 GB SSD","1 Year Onsite Warranty"
45,"Acer Swift Neo",65990,4.1,314,https://www.flipkart.com/acer-swift-neo-office-2024-m365-basic-intel-core-ultra-7-155u-16-gb-512-gb-ssd-windows-11-home-sfn14-54h-thin-light-laptop/p/itm84801184d63e1?pid=COMHDZRBCFZZGBWR&lid=LSTCOMHDZRBCFZZGBWRRHFLX5&marketplace=FLIPKART&q=laptop&store=6bo%2Fb5g&srno=s_4_79&otracker=search&fm=organic&iid=e0efea9a-4663-49de-a5e8-ea6d3b1482a8.COMHDZRBCFZZGBWR.SEARCH&ppt=sp&ppn=sp&ssid=1d4ec7svgw0000001784730934267&qH=312f91285e048e09&ov_redirect=true,"Intel Core Ultra 7 Processor","16 GB LPDDR5 RAM","64 bit Windows 11 Home","512 GB SSD","1 Year Warranty"
46,"Acer Swift Neo",60990,4.1,714,https://www.flipkart.com/acer-swift-neo-office-2024-m365-basic-intel-core-ultra-5-115u-16-gb-1-tb-ssd-windows-11-home-sfn14-54h-thin-light-laptop/p/itm6985fa8acc1b8?pid=COMHFCR6SKGHBN4V&lid=LSTCOMHFCR6SKGHBN4VDWORVQ&marketplace=FLIPKART&q=laptop&store=6bo%2Fb5g&srno=s_3_66&otracker=search&fm=organic&iid=27ed236b-3426-42e2-a9ba-7ba53609e119.COMHFCR6SKGHBN4V.SEARCH&ppt=sp&ppn=sp&ssid=pwnzwl4e8w0000001784730928669&qH=312f91285e048e09&ov_redirect=true,"Intel Core Ultra 5 Processor","16 GB LPDDR5 RAM","64 bit Windows 11 Home","1 TB SSD","1 Year Warranty"
47,"Acer Aspire Lite",49990,4.1,1090,https://www.flipkart.com/acer-aspire-lite-intel-core-i3-12th-gen-1215u-16-gb-512-gb-ssd-windows-11-home-al15-52-thin-light-laptop/p/itm130746bcc0e38?pid=COMGWKF2QYG6XNCZ&lid=LSTCOMGWKF2QYG6XNCZRHWCKU&marketplace=FLIPKART&q=laptop&store=6bo%2Fb5g&srno=s_4_80&otracker=search&fm=organic&iid=e0efea9a-4663-49de-a5e8-ea6d3b1482a8.COMGWKF2QYG6XNCZ.SEARCH&ppt=sp&ppn=sp&ssid=1d4ec7svgw0000001784730934267&qH=312f91285e048e09&ov_redirect=true,"Intel Core i3 Processor (12th Gen)","16 GB DDR4 RAM","Windows 11","512 GB SSD","1 Year Onsite Warranty"
48,"HP 14 AI PC",79990,4.1,790,https://www.flipkart.com/hp-14-ai-pc-intel-core-ultra-7-155h-16-gb-512-gb-ssd-windows-11-home-14-ep1151tu-14-gr1036tu-14-ep1151tu-thin-light-laptop/p/itm4c681812b88bf?pid=COMHF8G932EYZAJF&lid=LSTCOMHF8G932EYZAJFOUI9CA&marketplace=FLIPKART&q=laptop&store=6bo%2Fb5g&srno=s_3_67&otracker=search&fm=organic&iid=en_Ic5ziquTi-xyo-USlwrd3m-2BOSV46O3FrVLU6XavOI9796R8Ovb5PBLwN9GuvJN3zzcGhlXkGO1hWP1UU6KY6U4JGq2qGfuCYjFJWjKqlQVe_jrbeVzH2yfk9h1CsZJ&ppt=sp&ppn=sp&ssid=pwnzwl4e8w0000001784730928669&qH=312f91285e048e09&ov_redirect=true,"Intel Core Ultra 7 Processor","16 GB DDR5 RAM","Windows 11 Home","512 GB SSD","1 Year Onsite Warranty"
49,"HP Omnibook 3 2K WUXGA",72990,4.1,11,https://www.flipkart.com/hp-omnibook-3-2k-wuxga-snapdragon-x-16-gb-512-gb-ssd-windows-11-home-14-hz0024qu-laptop/p/itmbd5346cd09abc?pid=COMHZGK2ACSECZB5&lid=LSTCOMHZGK2ACSECZB52ALLPO&marketplace=FLIPKART&q=laptop&store=6bo%2Fb5g&srno=s_4_81&otracker=search&fm=organic&iid=en_ESPhaKoXAdh25geYsa_tIlCnMNIjI1NOCfXEf1RsOIRwjLbNepBJUX9hgireK8pxQDaMOpjaAqIhVlr2eDOqkK8WMJxc_eOD3pdFe_35DQV5NLWBY6SdUwYuFeibLPTi&ppt=sp&ppn=sp&ssid=1d4ec7svgw0000001784730934267&qH=312f91285e048e09&ov_redirect=true,"Snapdragon X Processor","16 GB LPDDR5X RAM","Windows 11 Home","512 GB SSD","1 Year Onsite Service"
50,"Samsung Galaxy Book5 AI Metal",91990,4.6,463,https://www.flipkart.com/samsung-galaxy-book5-ai-metal-intel-core-ultra-7-255u-16-gb-512-gb-ssd-windows-11-home-np750xhd-thin-light-laptop/p/itma9c081cdbe95d?pid=COMHE4ATBCUTGUYT&lid=LSTCOMHE4ATBCUTGUYTJZ7NHN&marketplace=FLIPKART&q=laptop&store=6bo%2Fb5g&srno=s_3_68&otracker=search&fm=organic&iid=en_Ic5ziquTi-xyo-USlwrd3m-2BOSV46O3FrVLU6XavOIOLlMv27Fl8ry48mOqyU25_54vlUw9QAlUFlRYR6QtY-UBYPBIqgZE3mSuDz4Hsbm-TLoHQfxDL5YfQlxCfpwn&ppt=sp&ppn=sp&ssid=pwnzwl4e8w0000001784730928669&qH=312f91285e048e09&ov_redirect=true,"Intel Core Ultra 7 Processor","16 GB LPDDR5X RAM","64 bit Windows 11","512 GB SSD","1 Year Manufacturer Warranty for Laptop and 6 Months for In-Box Accessories"
51,"HP Omnibook 3",75990,4.3,24,https://www.flipkart.com/hp-omnibook-3-backlit-keyboard-amd-ryzen-ai-5-quad-core-24-gb-1-tb-ssd-windows-11-home-15-fn0074au-thin-light-laptop/p/itmd94bf8129a01f?pid=COMHKBVVTE6KT5HH&lid=LSTCOMHKBVVTE6KT5HHYTYNCQ&marketplace=FLIPKART&q=laptop&store=6bo%2Fb5g&srno=s_3_69&otracker=search&fm=organic&iid=27ed236b-3426-42e2-a9ba-7ba53609e119.COMHKBVVTE6KT5HH.SEARCH&ppt=sp&ppn=sp&ssid=pwnzwl4e8w0000001784730928669&qH=312f91285e048e09&ov_redirect=true,"AMD Ryzen AI 5 Quad Core Processor","24 GB DDR5 RAM","Windows 11","1 TB SSD","1 Year Onsite Service"
52,"Samsung Galaxy Book4 Metal",56990,4.4,19735,https://www.flipkart.com/samsung-galaxy-book4-metal-intel-core-i5-13th-gen-1335u-8-gb-512-gb-ssd-windows-11-home-np750xgj-kg1in-np750xgj-lg1in-np750xgj-lg6in-thin-light-laptop/p/itm1df5212efb9fc?pid=COMGZUYDFZXHWYWZ&lid=LSTCOMGZUYDFZXHWYWZJ6V2KW&marketplace=FLIPKART&q=laptop&store=6bo%2Fb5g&srno=s_3_70&otracker=search&fm=organic&iid=27ed236b-3426-42e2-a9ba-7ba53609e119.COMGZUYDFZXHWYWZ.SEARCH&ppt=sp&ppn=sp&ssid=pwnzwl4e8w0000001784730928669&qH=312f91285e048e09&ov_redirect=true,"Intel Core i5 Processor (13th Gen)","8 GB LPDDR4X RAM","64 bit Windows 11","512 GB SSD","1 Year Manufacturer Warranty for Laptop and 6 Months for In-Box Accessories"
53,"Samsung Galaxy Book5 AI Metal",84990,4.6,837,https://www.flipkart.com/samsung-galaxy-book5-ai-metal-intel-core-ultra-5-225u-16-gb-512-gb-ssd-windows-11-home-np750xhd-thin-light-laptop/p/itmc33d2563d0ffc?pid=COMHE4ATPCZ9FXRP&lid=LSTCOMHE4ATPCZ9FXRP7N1GVG&marketplace=FLIPKART&q=laptop&store=6bo%2Fb5g&srno=s_3_71&otracker=search&fm=organic&iid=en_Ic5ziquTi-xyo-USlwrd3m-2BOSV46O3FrVLU6XavOK6DgkDTh3J7hVFjqO_apxC3WHJiuMjlX0EHxFVCjPkycH5LP6GMXD1iSKF2pPmS-S-TLoHQfxDL5YfQlxCfpwn&ppt=sp&ppn=sp&ssid=pwnzwl4e8w0000001784730928669&qH=312f91285e048e09&ov_redirect=true,"Intel Core Ultra 5 Processor","16 GB LPDDR5X RAM","64 bit Windows 11","512 GB SSD","1 Year Manufacturer Warranty for Laptop and 6 Months for In-Box Accessories"
54,"HP OMEN AI",134990,4.5,112,https://www.flipkart.com/hp-omen-ai-amd-ryzen-7-octa-core-350-24-gb-1-tb-ssd-windows-11-home-8-gb-graphics-nvidia-geforce-rtx-5050-16-ap0165ax-gaming-laptop/p/itm5661c90728083?pid=COMHEHHXKFQSABXZ&lid=LSTCOMHEHHXKFQSABXZEF3JCN&marketplace=FLIPKART&q=laptop&store=6bo%2Fb5g&srno=s_3_72&otracker=search&fm=organic&iid=en_Ic5ziquTi-xyo-USlwrd3m-2BOSV46O3FrVLU6XavOJzg4pfqEl472F3f4nhNZN7St8s0FwzStmVNuDw0YIb7vRQYaQqNgqexXd2bqUccoKeDmOW2Dpg1Y9Sllr_kzbl&ppt=sp&ppn=sp&ssid=pwnzwl4e8w0000001784730928669&qH=312f91285e048e09&ov_redirect=true,"AMD Ryzen AI 7 Octa Core Processor","24 GB DDR5 RAM","Windows 11 Home","1 TB SSD","1 Year Onsite Warranty"
55,"DELL 15 (Previouly Inspiron)",57990,4.5,6,https://www.flipkart.com/dell-15-previouly-inspiron-amd-ryzen-5-quad-core-7520u-8-gb-512-gb-ssd-windows-11-home-dc15255-thin-light-laptop/p/itmb80bb4e819164?pid=COMHDXXUHGDCHMQX&lid=LSTCOMHDXXUHGDCHMQXUEUE9X&marketplace=FLIPKART&q=laptop&store=6bo%2Fb5g&srno=s_4_82&otracker=search&fm=organic&iid=en_ESPhaKoXAdh25geYsa_tIlCnMNIjI1NOCfXEf1RsOITaiJvRP-JeaP6MbZMzdfV0KS7KjhXWMehRCKPAR7kLILb6bL0Zx_kaK68EeWHdQeB5NLWBY6SdUwYuFeibLPTi&ppt=sp&ppn=sp&ssid=1d4ec7svgw0000001784730934267&qH=312f91285e048e09&ov_redirect=true,"AMD Ryzen 5 Quad Core Processor","8 GB LPDDR5 RAM","Windows 11","512 GB SSD","1 Year Onsite Warranty"
56,"Acer Nitro V 15",106990,4.2,359,https://www.flipkart.com/acer-nitro-v-15-intel-core-i5-13th-gen-13420h-16-gb-512-gb-ssd-windows-11-home-8-graphics-nvidia-geforce-rtx-5050-anv15-52-gaming-laptop/p/itm9e214d20dd479?pid=COMHF8KZGUMD7GHG&lid=LSTCOMHF8KZGUMD7GHGBONZPK&marketplace=FLIPKART&q=laptop&store=6bo%2Fb5g&srno=s_4_73&otracker=search&fm=organic&iid=e0efea9a-4663-49de-a5e8-ea6d3b1482a8.COMHF8KZGUMD7GHG.SEARCH&ppt=sp&ppn=sp&ssid=1d4ec7svgw0000001784730934267&qH=312f91285e048e09&ov_redirect=true,"Intel Core i5 Processor (13th Gen)","16 GB DDR4 RAM","64 bit Windows 11 Home","512 GB SSD","1 Year Warranty"
57,"Acer Aspire 7 (i5 14th Gen)",84999,4.3,151,https://www.flipkart.com/acer-aspire-7-i5-14th-gen-intel-core-5-210h-16-gb-512-gb-ssd-windows-11-home-6-graphics-nvidia-geforce-rtx-4050-a715-79g-gaming-laptop/p/itm96c08ed7d9792?pid=COMHEYV9AZZXC8PC&lid=LSTCOMHEYV9AZZXC8PCE20HTI&marketplace=FLIPKART&q=laptop&store=6bo%2Fb5g&srno=s_4_83&otracker=search&fm=organic&iid=e0efea9a-4663-49de-a5e8-ea6d3b1482a8.COMHEYV9AZZXC8PC.SEARCH&ppt=sp&ppn=sp&ssid=1d4ec7svgw0000001784730934267&qH=312f91285e048e09&ov_redirect=true,"Intel Core 5 Processor","16 GB DDR4 RAM","64 bit Windows 11 Home","512 GB SSD","1 Year Warranty"
58,"HP Chromebook (TouchScreen)",39990,3.8,11,https://www.flipkart.com/hp-chromebook-touchscreen-mediatek-kompanio-540-4-gb-128-gb-ssd-chrome-os-14a-nm0006mu/p/itm65d2dcd4929ef?pid=COMHMXAHWDXHHDB2&lid=LSTCOMHMXAHWDXHHDB2DLO7VN&marketplace=FLIPKART&q=laptop&store=6bo%2Fb5g&srno=s_4_74&otracker=search&fm=organic&iid=e0efea9a-4663-49de-a5e8-ea6d3b1482a8.COMHMXAHWDXHHDB2.SEARCH&ppt=sp&ppn=sp&ssid=1d4ec7svgw0000001784730934267&qH=312f91285e048e09&ov_redirect=true,"MediaTek MediaTek Kompanio 540 Processor","4 GB LPDDR5 RAM",ChromeOS,"128 GB SSD","1 Year Onsite Service"
59,"Lenovo Ideapad Slim 3 OLED",71900,4.7,20,https://www.flipkart.com/lenovo-ideapad-slim-3-oled-1yr-adp-snapdragon-x-16-gb-512-gb-ssd-windows-11-home-15q8x10-laptop/p/itm5306716cd0f2f?pid=COMHGMMWNG4ME6GT&lid=LSTCOMHGMMWNG4ME6GTU7EFB5&marketplace=FLIPKART&q=laptop&store=6bo%2Fb5g&srno=s_4_84&otracker=search&fm=organic&iid=e0efea9a-4663-49de-a5e8-ea6d3b1482a8.COMHGMMWNG4ME6GT.SEARCH&ppt=sp&ppn=sp&ssid=1d4ec7svgw0000001784730934267&qH=312f91285e048e09&ov_redirect=true,"Snapdragon X Processor","16 GB LPDDR5X RAM","64 bit Windows 11 Home","512 GB SSD","1 Year Limited Warranty"
60,"ASUS Vivobook S14 (2025)",78990,4.5,134,https://www.flipkart.com/asus-vivobook-s14-2025-office-2024-m365-basic-ai-pc-backlit-keyboard-intel-core-ultra-5-225h-16-gb-512-gb-ssd-windows-11-home-s3407ca-ly057ws-thin-light-laptop/p/itma23ab93a3f665?pid=COMH9SJ9DFFGUEHU&lid=LSTCOMH9SJ9DFFGUEHUCMUKJD&marketplace=FLIPKART&q=laptop&store=6bo%2Fb5g&srno=s_4_85&otracker=search&fm=organic&iid=e0efea9a-4663-49de-a5e8-ea6d3b1482a8.COMH9SJ9DFFGUEHU.SEARCH&ppt=sp&ppn=sp&ssid=1d4ec7svgw0000001784730934267&qH=312f91285e048e09&ov_redirect=true,"Intel Core Ultra 5 Processor","16 GB DDR5 RAM","Windows 11 Home","512 GB SSD","1 Year Onsite Warranty"
61,"Acer Aspire Lite",44990,4.1,1615,https://www.flipkart.com/acer-aspire-lite-amd-ryzen-3-quad-core-5300u-8-gb-512-gb-ssd-windows-11-home-al15-41-thin-light-laptop/p/itm1bc0bcb4598e7?pid=COMH2TPSM9V7V38F&lid=LSTCOMH2TPSM9V7V38FUK0ITB&marketplace=FLIPKART&q=laptop&store=6bo%2Fb5g&srno=s_4_86&otracker=search&fm=organic&iid=e0efea9a-4663-49de-a5e8-ea6d3b1482a8.COMH2TPSM9V7V38F.SEARCH&ppt=sp&ppn=sp&ssid=1d4ec7svgw0000001784730934267&qH=312f91285e048e09&ov_redirect=true,"AMD Ryzen 3 Quad Core Processor","8 GB DDR4 RAM","Windows 11","512 GB SSD","1 Year Carry-in Warranty"
62,"HP 15 (i5 14th Gen)",82990,4.2,195,https://www.flipkart.com/hp-15-i5-14th-gen-intel-core-5-120u-24-gb-512-gb-ssd-windows-11-home-15-fd0262tu-thin-light-laptop/p/itm027a3317f4ff9?pid=COMHM94A7PHVCQT7&lid=LSTCOMHM94A7PHVCQT7QTPOH7&marketplace=FLIPKART&q=laptop&store=6bo%2Fb5g&srno=s_4_87&otracker=search&fm=organic&iid=en_ESPhaKoXAdh25geYsa_tIlCnMNIjI1NOCfXEf1RsOITwW7Mbpuj1i4D5m8rp2_XXajNODExQ3AD2YwLVEpFEnL-0TByd-y2aowfbZcqv2qB5NLWBY6SdUwYuFeibLPTi&ppt=sp&ppn=sp&ssid=1d4ec7svgw0000001784730934267&qH=312f91285e048e09&ov_redirect=true,"Intel Core 5 Processor","24 GB DDR5 RAM","Windows 11 Home","512 GB SSD","1 Year Onsite Service"
63,"HP 14 AI PC",79990,4.1,790,https://www.flipkart.com/hp-14-ai-pc-intel-core-ultra-7-155h-16-gb-512-gb-ssd-windows-11-home-14-ep1151tu-14-gr1036tu-14-ep1151tu-thin-light-laptop/p/itm4c681812b88bf?pid=COMHF8G932EYZAJF&lid=LSTCOMHF8G932EYZAJFOUI9CA&marketplace=FLIPKART&q=laptop&store=6bo%2Fb5g&srno=s_4_88&otracker=search&fm=organic&iid=en_ESPhaKoXAdh25geYsa_tIlCnMNIjI1NOCfXEf1RsOIT2z3qb3f9bmR_NvCU7iwpGq1hjzYDbDbYctS2-qOIVIqU4JGq2qGfuCYjFJWjKqlSHmEqnNhjtOXTVNEUNUykW&ppt=sp&ppn=sp&ssid=1d4ec7svgw0000001784730934267&qH=312f91285e048e09&ov_redirect=true,"Intel Core Ultra 7 Processor","16 GB DDR5 RAM","Windows 11 Home","512 GB SSD","1 Year Onsite Warranty"
64,"MSI Modern 14",42990,4.3,224,https://www.flipkart.com/msi-modern-14-intel-core-i3-13th-gen-1315u-8-gb-512-gb-ssd-windows-11-home-c13m-115in-c13m-438in-thin-light-laptop/p/itmc778cc72a0aa4?pid=COMGMV6V6ZAUMWEH&lid=LSTCOMGMV6V6ZAUMWEHX12DJK&marketplace=FLIPKART&q=laptop&store=6bo%2Fb5g&srno=s_4_89&otracker=search&fm=organic&iid=e0efea9a-4663-49de-a5e8-ea6d3b1482a8.COMGMV6V6ZAUMWEH.SEARCH&ppt=sp&ppn=sp&ssid=1d4ec7svgw0000001784730934267&qH=312f91285e048e09&ov_redirect=true,"Intel Core i3 Processor (13th Gen)","8 GB DDR4 RAM","Windows 11","512 GB SSD","1 Year Carry-in Warranty"
65,"HP 14 AI PC",85990,4.1,790,https://www.flipkart.com/hp-14-ai-pc-intel-core-ultra-7-155h-16-gb-1-tb-ssd-windows-11-home-14-ep1152tu-thin-light-laptop/p/itm448874079369f?pid=COMHG98EXZ3AJYZN&lid=LSTCOMHG98EXZ3AJYZNODD67U&marketplace=FLIPKART&q=laptop&store=6bo%2Fb5g&srno=s_4_91&otracker=search&fm=organic&iid=en_ESPhaKoXAdh25geYsa_tIlCnMNIjI1NOCfXEf1RsOIQP8rrnA9TPrCSFx8uMajBNC6YBzjaUMmK47SGkba_3oSGkgDYpheMzpTOfbcb9jJqHmEqnNhjtOXTVNEUNUykW&ppt=sp&ppn=sp&ssid=1d4ec7svgw0000001784730934267&qH=312f91285e048e09&ov_redirect=true,"Intel Core Ultra 7 Processor","16 GB DDR5 RAM","Windows 11 Home","1 TB SSD","1 Year Onsite Warranty"
66,"Lenovo Legion 5 2025",186490,4.6,82,https://www.flipkart.com/lenovo-legion-5-2025-amd-ryzen-7-octa-core-260-16-gb-1-tb-ssd-windows-11-home-8-gb-graphics-nvidia-geforce-rtx-5060-165-hz-15ahp10-gaming-laptop/p/itm07fa55fee8239?pid=COMHHE2YNEVQVFFS&lid=LSTCOMHHE2YNEVQVFFS2P9OR9&marketplace=FLIPKART&q=laptop&store=6bo%2Fb5g&srno=s_4_90&otracker=search&fm=organic&iid=e0efea9a-4663-49de-a5e8-ea6d3b1482a8.COMHHE2YNEVQVFFS.SEARCH&ppt=sp&ppn=sp&ssid=1d4ec7svgw0000001784730934267&qH=312f91285e048e09&ov_redirect=true,"AMD Ryzen 7 Octa Core Processor","16 GB DDR5 RAM","64 bit Windows 11 Home","1 TB SSD","1 Year Limited Warranty"
67,"Samsung Galaxy Book5 AI Metal",84990,4.6,837,https://www.flipkart.com/samsung-galaxy-book5-ai-metal-intel-core-ultra-5-225u-16-gb-512-gb-ssd-windows-11-home-np750xhd-thin-light-laptop/p/itmc33d2563d0ffc?pid=COMHE4ATPCZ9FXRP&lid=LSTCOMHE4ATPCZ9FXRP7N1GVG&marketplace=FLIPKART&q=laptop&store=6bo%2Fb5g&srno=s_4_92&otracker=search&fm=organic&iid=en_ESPhaKoXAdh25geYsa_tIlCnMNIjI1NOCfXEf1RsOIR8UDNqiSdx1eX5PAdMPY2a3WHJiuMjlX0EHxFVCjPkyeUBYPBIqgZE3mSuDz4Hsbl5NLWBY6SdUwYuFeibLPTi&ppt=sp&ppn=sp&ssid=1d4ec7svgw0000001784730934267&qH=312f91285e048e09&ov_redirect=true,"Intel Core Ultra 5 Processor","16 GB LPDDR5X RAM","64 bit Windows 11","512 GB SSD","1 Year Manufacturer Warranty for Laptop and 6 Months for In-Box Accessories"
68,"ASUS ExpertBook P3",90990,4.5,40,https://www.flipkart.com/asus-expertbook-p3-intel-core-ultra-7-255h-16-gb-512-gb-ssd-windows-11-home-p3406ccap-ly0161ws-thin-light-laptop/p/itm4e82eadf48819?pid=COMHHT9G9QC9CABY&lid=LSTCOMHHT9G9QC9CABYSKCT81&marketplace=FLIPKART&q=laptop&store=6bo%2Fb5g&srno=s_4_93&otracker=search&fm=organic&iid=e0efea9a-4663-49de-a5e8-ea6d3b1482a8.COMHHT9G9QC9CABY.SEARCH&ppt=sp&ppn=sp&ssid=1d4ec7svgw0000001784730934267&qH=312f91285e048e09&ov_redirect=true,"Intel Core Ultra 7 Processor","16 GB DDR5 RAM","Windows 11 Home","512 GB SSD","1 Year Onsite Service"
69,"ASUS Vivobook 16 (2025), Copilot + PC",61990,4.1,169,https://www.flipkart.com/asus-vivobook-16-2025-copilot-pc-backlit-keyboard-ai-pc-snapdragon-x-16-gb-512-gb-ssd-windows-11-home-x1607qa-mb049ws-thin-light-laptop/p/itmaff92a0acb4ff?pid=COMH9EVGZHTHHPFH&lid=LSTCOMH9EVGZHTHHPFHWI6NKH&marketplace=FLIPKART&q=laptop&store=6bo%2Fb5g&srno=s_4_94&otracker=search&fm=organic&iid=e0efea9a-4663-49de-a5e8-ea6d3b1482a8.COMH9EVGZHTHHPFH.SEARCH&ppt=sp&ppn=sp&ssid=1d4ec7svgw0000001784730934267&qH=312f91285e048e09&ov_redirect=true,"Snapdragon X Processor","16 GB LPDDR5X RAM","Windows 11 Home","512 GB SSD","1 Year Onsite Warranty"
70,"DELL 15 (Previouly Inspiron)",57990,4.5,6,https://www.flipkart.com/dell-15-previouly-inspiron-amd-ryzen-5-quad-core-7520u-8-gb-512-gb-ssd-windows-11-home-dc15255-thin-light-laptop/p/itmb80bb4e819164?pid=COMHDXXUHGDCHMQX&lid=LSTCOMHDXXUHGDCHMQXUEUE9X&marketplace=FLIPKART&q=laptop&store=6bo%2Fb5g&srno=s_5_107&otracker=search&fm=organic&iid=en_yFECMEQfkAiTHRzprd7psARPHjIgTGFgJXJYmyiK3lK9XYc5poF2crKYn828YtyhKS7KjhXWMehRCKPAR7kLICmyONG8u9GUv-mVZHUzBoyXuINVXdeUA48cZXf8Je7d&ppt=sp&ppn=sp&ssid=53t5ctxjr40000001784730939724&qH=312f91285e048e09&ov_redirect=true,"AMD Ryzen 5 Quad Core Processor","8 GB LPDDR5 RAM","Windows 11","512 GB SSD","1 Year Onsite Warranty"
71,"HP 14 AI PC",85990,4.1,790,https://www.flipkart.com/hp-14-ai-pc-intel-core-ultra-7-155h-16-gb-1-tb-ssd-windows-11-home-14-ep1152tu-thin-light-laptop/p/itm448874079369f?pid=COMHG98EXZ3AJYZN&lid=LSTCOMHG98EXZ3AJYZNODD67U&marketplace=FLIPKART&q=laptop&store=6bo%2Fb5g&srno=s_5_108&otracker=search&fm=organic&iid=en_yFECMEQfkAiTHRzprd7psARPHjIgTGFgJXJYmyiK3lIRF7poh9RwnjqoNu1xjOxCn9sG8qIKSbGwDcGdLV_LgSGkgDYpheMzpTOfbcb9jJpE1ATSwqojon6vb7keyQBf&ppt=sp&ppn=sp&ssid=53t5ctxjr40000001784730939724&qH=312f91285e048e09&ov_redirect=true,"Intel Core Ultra 7 Processor","16 GB DDR5 RAM","Windows 11 Home","1 TB SSD","1 Year Onsite Warranty"
72,"Acer Predator Helios Neo 16S AI",159990,4.7,136,https://www.flipkart.com/acer-predator-helios-neo-16s-ai-intel-core-ultra-7-255-hx-16-gb-1-tb-ssd-windows-11-home-8-gb-graphics-nvidia-geforce-rtx-5060-phn16s-71-gaming-laptop/p/itm928fc558f47b8?pid=COMHDT6GZZHHE93D&lid=LSTCOMHDT6GZZHHE93DX1SBK7&marketplace=FLIPKART&q=laptop&store=6bo%2Fb5g&srno=s_5_109&otracker=search&fm=organic&iid=9a2c5c64-62a7-4d15-b2d2-00db59da1213.COMHDT6GZZHHE93D.SEARCH&ppt=sp&ppn=sp&ssid=53t5ctxjr40000001784730939724&qH=312f91285e048e09&ov_redirect=true,"Intel Core Ultra 7 Processor","16 GB DDR5 RAM","64 bit Windows 11 Home","1 TB SSD","1 Year Warranty"
73,"HP 15 G10 (2025)",42500,4,398,https://www.flipkart.com/hp-15-g10-2025-amd-athlon-dual-core-7120u-8-gb-256-gb-ssd-windows-11-home-thin-light-laptop/p/itm0801fb35a64f2?pid=COMH9Z2CMDZNBKGS&lid=LSTCOMH9Z2CMDZNBKGSF0FJ0P&marketplace=FLIPKART&q=laptop&store=6bo%2Fb5g&srno=s_5_110&otracker=search&fm=organic&iid=9a2c5c64-62a7-4d15-b2d2-00db59da1213.COMH9Z2CMDZNBKGS.SEARCH&ppt=sp&ppn=sp&ssid=53t5ctxjr40000001784730939724&qH=312f91285e048e09&ov_redirect=true,"AMD Athlon Dual Core Processor","8 GB DDR4 RAM","64 bit Windows 11 Home","256 GB SSD","1 Year Onsite Warranty"
74,"HP 14 AI PC",79990,4.1,790,https://www.flipkart.com/hp-14-ai-pc-intel-core-ultra-7-155h-16-gb-512-gb-ssd-windows-11-home-14-ep1151tu-14-gr1036tu-14-ep1151tu-thin-light-laptop/p/itm4c681812b88bf?pid=COMHF8G932EYZAJF&lid=LSTCOMHF8G932EYZAJFOUI9CA&marketplace=FLIPKART&q=laptop&store=6bo%2Fb5g&srno=s_5_111&otracker=search&fm=organic&iid=en_yFECMEQfkAiTHRzprd7psARPHjIgTGFgJXJYmyiK3lKh2_5H8hqkMTNsfFFaRr_y3zzcGhlXkGO1hWP1UU6KY6U4JGq2qGfuCYjFJWjKqlRE1ATSwqojon6vb7keyQBf&ppt=sp&ppn=sp&ssid=53t5ctxjr40000001784730939724&qH=312f91285e048e09&ov_redirect=true,"Intel Core Ultra 7 Processor","16 GB DDR5 RAM","Windows 11 Home","512 GB SSD","1 Year Onsite Warranty"
75,"Lenovo IdeaPad Slim 1",47290,4.2,7228,https://www.flipkart.com/lenovo-ideapad-slim-1-amd-ryzen-5-hexa-core-5500u-8-gb-512-gb-ssd-windows-11-home-15acl6-15alc7-2-thin-light-laptop/p/itm3680fb576eb7b?pid=COMG9VHHF6HVJPP9&lid=LSTCOMG9VHHF6HVJPP9U213LU&marketplace=FLIPKART&q=laptop&store=6bo%2Fb5g&srno=s_4_95&otracker=search&fm=organic&iid=e0efea9a-4663-49de-a5e8-ea6d3b1482a8.COMG9VHHF6HVJPP9.SEARCH&ppt=sp&ppn=sp&ssid=1d4ec7svgw0000001784730934267&qH=312f91285e048e09&ov_redirect=true,"AMD Ryzen 5 Hexa Core Processor","8 GB DDR4 RAM","64 bit Windows 11","512 GB SSD","1 Year Onsite + 1 Year Accidental Damage Protection"
76,"Samsung Galaxy Book5 AI Metal",84990,4.6,837,https://www.flipkart.com/samsung-galaxy-book5-ai-metal-intel-core-ultra-5-225u-16-gb-512-gb-ssd-windows-11-home-np750xhd-thin-light-laptop/p/itmc33d2563d0ffc?pid=COMHE4ATPCZ9FXRP&lid=LSTCOMHE4ATPCZ9FXRP7N1GVG&marketplace=FLIPKART&q=laptop&store=6bo%2Fb5g&srno=s_5_112&otracker=search&fm=organic&iid=en_yFECMEQfkAiTHRzprd7psARPHjIgTGFgJXJYmyiK3lJCQbjTaM0ZY8gn41sF7ehW3WHJiuMjlX0EHxFVCjPkyeUBYPBIqgZE3mSuDz4HsbmXuINVXdeUA48cZXf8Je7d&ppt=sp&ppn=sp&ssid=53t5ctxjr40000001784730939724&qH=312f91285e048e09&ov_redirect=true,"Intel Core Ultra 5 Processor","16 GB LPDDR5X RAM","64 bit Windows 11","512 GB SSD","1 Year Manufacturer Warranty for Laptop and 6 Months for In-Box Accessories"
77,"Samsung Galaxy Book4 Metal",72990,4.4,19735,https://www.flipkart.com/samsung-galaxy-book4-metal-intel-core-i5-13th-gen-1335u-16-gb-512-gb-ssd-windows-11-home-np750xgj-thin-light-laptop/p/itm1df5212efb9fc?pid=COMGZUYDGFJGHZR4&lid=LSTCOMGZUYDGFJGHZR4JPVIN2&marketplace=FLIPKART&q=laptop&store=6bo%2Fb5g&srno=s_4_96&otracker=search&fm=organic&iid=e0efea9a-4663-49de-a5e8-ea6d3b1482a8.COMGZUYDGFJGHZR4.SEARCH&ppt=sp&ppn=sp&ssid=1d4ec7svgw0000001784730934267&qH=312f91285e048e09&ov_redirect=true,"Intel Core i5 Processor (13th Gen)","16 GB LPDDR4X RAM","64 bit Windows 11","512 GB SSD","1 Year Manufacturer Warranty for Laptop and 6 Months for In-Box Accessories"
78,"ASUS Vivobook 15,",59699,4.3,3115,https://www.flipkart.com/asus-vivobook-15-backlit-keyboard-intel-core-i3-13th-gen-1315u-8-gb-512-gb-ssd-windows-11-home-x1504va-nj320ws-x1504va-bq321ws-thin-light-laptop/p/itm200184e4e0443?pid=COMGYSFGRDEFFPY6&lid=LSTCOMGYSFGRDEFFPY6VQO6HP&marketplace=FLIPKART&q=laptop&store=6bo%2Fb5g&srno=s_5_113&otracker=search&fm=organic&iid=9a2c5c64-62a7-4d15-b2d2-00db59da1213.COMGYSFGRDEFFPY6.SEARCH&ppt=sp&ppn=sp&ssid=53t5ctxjr40000001784730939724&qH=312f91285e048e09&ov_redirect=true,"Intel Core i3 Processor (13th Gen)","8 GB DDR4 RAM","Windows 11","512 GB SSD","1 Year Onsite warranty"
79,"Samsung Galaxy Book4 Metal",56990,4.4,19735,https://www.flipkart.com/samsung-galaxy-book4-metal-intel-core-i5-13th-gen-1335u-8-gb-512-gb-ssd-windows-11-home-np750xgj-kg1in-np750xgj-lg1in-np750xgj-lg6in-thin-light-laptop/p/itm1df5212efb9fc?pid=COMGZUYDFZXHWYWZ&lid=LSTCOMGZUYDFZXHWYWZJ6V2KW&marketplace=FLIPKART&q=laptop&store=6bo%2Fb5g&srno=s_5_97&otracker=search&fm=organic&iid=en_yFECMEQfkAiTHRzprd7psARPHjIgTGFgJXJYmyiK3lIEYOGbRwSqq-yMSZZp6f03sfGME0kkMQMICwGxasfmZSpiZoP3ZcDDMuaOuWFYumOXuINVXdeUA48cZXf8Je7d&ppt=sp&ppn=sp&ssid=53t5ctxjr40000001784730939724&qH=312f91285e048e09&ov_redirect=true,"Intel Core i5 Processor (13th Gen)","8 GB LPDDR4X RAM","64 bit Windows 11","512 GB SSD","1 Year Manufacturer Warranty for Laptop and 6 Months for In-Box Accessories"
80,"Samsung Galaxy Book4 Metal",57490,4.4,10670,https://www.flipkart.com/samsung-galaxy-book4-metal-intel-core-i3-13th-gen-1315u-8-gb-512-gb-ssd-windows-11-home-np750xgj-lg9in-thin-light-laptop/p/itmc29d559898e6f?pid=COMH4Y6KKRC9YSWE&lid=LSTCOMH4Y6KKRC9YSWERDUMZD&marketplace=FLIPKART&q=laptop&store=6bo%2Fb5g&srno=s_5_98&otracker=search&fm=organic&iid=en_yFECMEQfkAiTHRzprd7psARPHjIgTGFgJXJYmyiK3lKzZSfVRrO1M_qSjFZ-qhNKVqKfzRTPmTYCvEc1OQ2_kCChg9vAnpscSdI7uOc1ZHWXuINVXdeUA48cZXf8Je7d&ppt=sp&ppn=sp&ssid=53t5ctxjr40000001784730939724&qH=312f91285e048e09&ov_redirect=true,"Intel Core i3 Processor (13th Gen)","8 GB LPDDR4X RAM","64 bit Windows 11","512 GB SSD","1 Year Onsite Warranty"
81,"HP 15",68990,4.2,1727,https://www.flipkart.com/hp-15-intel-core-i5-13th-gen-1335u-16-gb-512-gb-ssd-windows-11-home-15-fd0576tu-15-fd0467tu-thin-light-laptop/p/itm3d552029526ba?pid=COMH8QXWHJRQKR6P&lid=LSTCOMH8QXWHJRQKR6PX8FMWS&marketplace=FLIPKART&q=laptop&store=6bo%2Fb5g&srno=s_5_99&otracker=search&fm=organic&iid=9a2c5c64-62a7-4d15-b2d2-00db59da1213.COMH8QXWHJRQKR6P.SEARCH&ppt=sp&ppn=sp&ssid=53t5ctxjr40000001784730939724&qH=312f91285e048e09&ov_redirect=true,"Intel Core i5 Processor (13th Gen)","16 GB DDR4 RAM","Windows 11 Home","512 GB SSD","1 Year Carry-in Warranty"
82,"Lenovo Chromebook Duet 11M889",36990,4.3,1581,https://www.flipkart.com/lenovo-chromebook-duet-11m889-mediatek-kompanio-838-8-gb-128-gb-emmc-storage-chrome-os/p/itm587e47e82499e?pid=COMHBCAFZGVNEDTK&lid=LSTCOMHBCAFZGVNEDTKUGILYO&marketplace=FLIPKART&q=laptop&store=6bo%2Fb5g&srno=s_5_100&otracker=search&fm=organic&iid=9a2c5c64-62a7-4d15-b2d2-00db59da1213.COMHBCAFZGVNEDTK.SEARCH&ppt=sp&ppn=sp&ssid=53t5ctxjr40000001784730939724&qH=312f91285e048e09&ov_redirect=true,"MediaTek MediaTek Kompanio 838 Processor","8 GB LPDDR4X RAM",ChromeOS,NULL,"1 Year Onsite Warranty"
83,"HP Laptop",49999,4.2,3329,https://www.flipkart.com/hp-laptop-intel-core-i3-13th-gen-1315u-8-gb-512-gb-ssd-windows-11-home-15-fd0129tu-15-fd0568tu-thin-light/p/itmcf7c16556a324?pid=COMHF6WAGPZCBQVZ&lid=LSTCOMHF6WAGPZCBQVZYOEG12&marketplace=FLIPKART&q=laptop&store=6bo%2Fb5g&srno=s_5_114&otracker=search&fm=organic&iid=9a2c5c64-62a7-4d15-b2d2-00db59da1213.COMHF6WAGPZCBQVZ.SEARCH&ppt=sp&ppn=sp&ssid=53t5ctxjr40000001784730939724&qH=312f91285e048e09&ov_redirect=true,"Intel Core i3 Processor (13th Gen)","8 GB DDR4 RAM","Windows 11 Home","512 GB SSD","1 Year Carry-in Warranty"
84,"HP Omnibook 3 2K WUXGA",72990,4.1,11,https://www.flipkart.com/hp-omnibook-3-2k-wuxga-snapdragon-x-16-gb-512-gb-ssd-windows-11-home-14-hz0024qu-laptop/p/itmbd5346cd09abc?pid=COMHZGK2ACSECZB5&lid=LSTCOMHZGK2ACSECZB52ALLPO&marketplace=FLIPKART&q=laptop&store=6bo%2Fb5g&srno=s_5_101&otracker=search&fm=organic&iid=en_yFECMEQfkAiTHRzprd7psARPHjIgTGFgJXJYmyiK3lJwusqXpgOPBhafa5Su8Wa9QDaMOpjaAqIhVlr2eDOqkK8WMJxc_eOD3pdFe_35DQWXuINVXdeUA48cZXf8Je7d&ppt=sp&ppn=sp&ssid=53t5ctxjr40000001784730939724&qH=312f91285e048e09&ov_redirect=true,"Snapdragon X Processor","16 GB LPDDR5X RAM","Windows 11 Home","512 GB SSD","1 Year Onsite Service"
85,"ASUS Chromebook CX14",27290,3.9,611,https://www.flipkart.com/asus-chromebook-cx14-intel-celeron-dual-core-n4500-4-gb-64-gb-emmc-storage-chrome-os-cx1405cka-nk0154-cx1405cka-s60342/p/itm076cdd51ac69a?pid=COMHDDZ7PYJZSGUZ&lid=LSTCOMHDDZ7PYJZSGUZDQ7ISM&marketplace=FLIPKART&q=laptop&store=6bo%2Fb5g&srno=s_5_115&otracker=search&fm=organic&iid=9a2c5c64-62a7-4d15-b2d2-00db59da1213.COMHDDZ7PYJZSGUZ.SEARCH&ppt=sp&ppn=sp&ssid=53t5ctxjr40000001784730939724&qH=312f91285e048e09&ov_redirect=true,"Intel Celeron Dual Core Processor","4 GB LPDDR4X RAM",ChromeOS,NULL,"1 Year Onsite Warranty"
86,"HP 15 (i5 14th Gen)",82990,4.2,195,https://www.flipkart.com/hp-15-i5-14th-gen-intel-core-5-120u-24-gb-512-gb-ssd-windows-11-home-15-fd0262tu-thin-light-laptop/p/itm027a3317f4ff9?pid=COMHM94A7PHVCQT7&lid=LSTCOMHM94A7PHVCQT7QTPOH7&marketplace=FLIPKART&q=laptop&store=6bo%2Fb5g&srno=s_5_102&otracker=search&fm=organic&iid=en_yFECMEQfkAiTHRzprd7psARPHjIgTGFgJXJYmyiK3lKlW13Gu284ZWH-NOE3QaY_ajNODExQ3AD2YwLVEpFEnHQxmIaeT1eVU6lHR1JOxyCXuINVXdeUA48cZXf8Je7d&ppt=sp&ppn=sp&ssid=53t5ctxjr40000001784730939724&qH=312f91285e048e09&ov_redirect=true,"Intel Core 5 Processor","24 GB DDR5 RAM","Windows 11 Home","512 GB SSD","1 Year Onsite Service"
87,"MOTOROLA Motobook 60 Full Metal OLED (i7 14th Gen)",72990,4.4,1197,https://www.flipkart.com/motorola-motobook-60-full-metal-oled-i7-14th-gen-intel-core-7-series-2-240h-16-gb-512-gb-ssd-windows-11-home-14irh10r-thin-light-laptop/p/itm96df72a170b7f?pid=COMHAUZWRPCKAGKZ&lid=LSTCOMHAUZWRPCKAGKZOGJOIN&marketplace=FLIPKART&q=laptop&store=6bo%2Fb5g&srno=s_5_116&otracker=search&fm=organic&iid=9a2c5c64-62a7-4d15-b2d2-00db59da1213.COMHAUZWRPCKAGKZ.SEARCH&ppt=sp&ppn=sp&ssid=53t5ctxjr40000001784730939724&qH=312f91285e048e09&ov_redirect=true,"Intel Core 7 Processor (Series 2)","16 GB DDR5 RAM","64 bit Windows 11","512 GB SSD","1 Year Onsite Warranty"
88,"Samsung Galaxy Book5 AI Metal",91990,4.6,463,https://www.flipkart.com/samsung-galaxy-book5-ai-metal-intel-core-ultra-7-255u-16-gb-512-gb-ssd-windows-11-home-np750xhd-thin-light-laptop/p/itma9c081cdbe95d?pid=COMHE4ATBCUTGUYT&lid=LSTCOMHE4ATBCUTGUYTJZ7NHN&marketplace=FLIPKART&q=laptop&store=6bo%2Fb5g&srno=s_5_117&otracker=search&fm=organic&iid=en_yFECMEQfkAiTHRzprd7psARPHjIgTGFgJXJYmyiK3lJUTSvXfz6OxiJrvyNKkqM1_54vlUw9QAlUFlRYR6QtY8H5LP6GMXD1iSKF2pPmS-SXuINVXdeUA48cZXf8Je7d&ppt=sp&ppn=sp&ssid=53t5ctxjr40000001784730939724&qH=312f91285e048e09&ov_redirect=true,"Intel Core Ultra 7 Processor","16 GB LPDDR5X RAM","64 bit Windows 11","512 GB SSD","1 Year Manufacturer Warranty for Laptop and 6 Months for In-Box Accessories"
89,"HP Victus (i5 14th Gen)",95746,3.3,3,https://www.flipkart.com/hp-victus-i5-14th-gen-intel-core-5-210-h-16-gb-512-gb-ssd-windows-11-home-6-graphics-nvidia-geforce-rtx-4050-15-fa2203tx-gaming-laptop/p/itm65704ff158138?pid=COMHK77SZSZHTEV7&lid=LSTCOMHK77SZSZHTEV7VVWD14&marketplace=FLIPKART&q=laptop&store=6bo%2Fb5g&srno=s_5_103&otracker=search&fm=organic&iid=9a2c5c64-62a7-4d15-b2d2-00db59da1213.COMHK77SZSZHTEV7.SEARCH&ppt=sp&ppn=sp&ssid=53t5ctxjr40000001784730939724&qH=312f91285e048e09&ov_redirect=true,"Intel Core 5 Processor","16 GB DDR4 RAM","Windows 11","512 GB SSD","1 Year Onsite Service"
90,"HP OMEN AI",134990,4.5,112,https://www.flipkart.com/hp-omen-ai-amd-ryzen-7-octa-core-350-24-gb-1-tb-ssd-windows-11-home-8-gb-graphics-nvidia-geforce-rtx-5050-16-ap0165ax-gaming-laptop/p/itm5661c90728083?pid=COMHEHHXKFQSABXZ&lid=LSTCOMHEHHXKFQSABXZEF3JCN&marketplace=FLIPKART&q=laptop&store=6bo%2Fb5g&srno=s_5_118&otracker=search&fm=organic&iid=en_yFECMEQfkAiTHRzprd7psARPHjIgTGFgJXJYmyiK3lJzJs4_m-CNpdIFp4I8eVjoSt8s0FwzStmVNuDw0YIb7vRQYaQqNgqexXd2bqUccoLqCFXhzdVKKDy5H43A1ndG&ppt=sp&ppn=sp&ssid=53t5ctxjr40000001784730939724&qH=312f91285e048e09&ov_redirect=true,"AMD Ryzen AI 7 Octa Core Processor","24 GB DDR5 RAM","Windows 11 Home","1 TB SSD","1 Year Onsite Warranty"
91,"ASUS Vivobook Go 15",58773,4.3,1845,https://www.flipkart.com/asus-vivobook-go-15-amd-ryzen-5-quad-core-7520u-16-gb-512-gb-ssd-windows-11-home-e1504fa-nj5542ws-e1504fa-nj1505ws-e1504fa-bq2414ws-thin-light-laptop/p/itm1af16aa906cf4?pid=COMH8VXVXPVQTHHR&lid=LSTCOMH8VXVXPVQTHHR13JD7X&marketplace=FLIPKART&q=laptop&store=6bo%2Fb5g&srno=s_5_104&otracker=search&fm=organic&iid=9a2c5c64-62a7-4d15-b2d2-00db59da1213.COMH8VXVXPVQTHHR.SEARCH&ppt=sp&ppn=sp&ssid=53t5ctxjr40000001784730939724&qH=312f91285e048e09&ov_redirect=true,"AMD Ryzen 5 Quad Core Processor","16 GB LPDDR5 RAM","Windows 11 Home","512 GB SSD","1 Year Carry-in Warranty"
92,"HP OMEN AI",134990,4.5,112,https://www.flipkart.com/hp-omen-ai-amd-ryzen-7-octa-core-350-24-gb-1-tb-ssd-windows-11-home-8-gb-graphics-nvidia-geforce-rtx-5050-16-ap0165ax-gaming-laptop/p/itm5661c90728083?pid=COMHEHHXKFQSABXZ&lid=LSTCOMHEHHXKFQSABXZEF3JCN&marketplace=FLIPKART&q=laptop&store=6bo%2Fb5g&srno=s_5_119&otracker=search&fm=organic&iid=9a2c5c64-62a7-4d15-b2d2-00db59da1213.COMHEHHXKFQSABXZ.SEARCH&ppt=sp&ppn=sp&ssid=53t5ctxjr40000001784730939724&qH=312f91285e048e09&ov_redirect=true,"AMD Ryzen AI 7 Octa Core Processor","24 GB DDR5 RAM","Windows 11 Home","1 TB SSD","1 Year Onsite Warranty"
93,"HP OmniBook 5(Previously Pavilion)",68990,4.4,228,https://www.flipkart.com/hp-omnibook-5-previously-pavilion-intel-core-i5-13th-gen-1334u-16-gb-512-gb-ssd-windows-11-home-16-ba1123tu-thin-light-laptop/p/itm17c7ddcf83e55?pid=COMHA9GUP3FPVRJ2&lid=LSTCOMHA9GUP3FPVRJ2SKNIPP&marketplace=FLIPKART&q=laptop&store=6bo%2Fb5g&srno=s_5_105&otracker=search&fm=organic&iid=9a2c5c64-62a7-4d15-b2d2-00db59da1213.COMHA9GUP3FPVRJ2.SEARCH&ppt=sp&ppn=sp&ssid=53t5ctxjr40000001784730939724&qH=312f91285e048e09&ov_redirect=true,"Intel Core i5 Processor (13th Gen)","16 GB LPDDR5X RAM","Windows 11","512 GB SSD","1 Year Onsite Service"
94,"Acer Aspire 15",55182,4.2,4148,https://www.flipkart.com/acer-aspire-15-amd-ryzen-5-hexa-core-7430u-8-gb-512-gb-ssd-windows-11-home-a325-42-thin-light-laptop/p/itmdaf15e01a1d1a?pid=COMH397XVTZNMYGX&lid=LSTCOMH397XVTZNMYGXQEL4JT&marketplace=FLIPKART&q=laptop&store=6bo%2Fb5g&srno=s_5_106&otracker=search&fm=organic&iid=9a2c5c64-62a7-4d15-b2d2-00db59da1213.COMH397XVTZNMYGX.SEARCH&ppt=sp&ppn=sp&ssid=53t5ctxjr40000001784730939724&qH=312f91285e048e09&ov_redirect=true,"AMD Ryzen 5 Hexa Core Processor","8 GB DDR4 RAM","Windows 11","512 GB SSD","1 Year Carry-in Warranty"
95,"Acer Aspire 7 (i5 14th Gen)",74990,4.3,106,https://www.flipkart.com/acer-aspire-7-i5-14th-gen-intel-core-5-210h-16-gb-512-gb-ssd-windows-11-home-6-graphics-nvidia-geforce-rtx-3050-a715-79g-gaming-laptop/p/itm356d6c17565ef?pid=COMHGEUYN3UZFJRM&lid=LSTCOMHGEUYN3UZFJRM4GHADL&marketplace=FLIPKART&q=laptop&store=6bo%2Fb5g&srno=s_5_120&otracker=search&fm=organic&iid=9a2c5c64-62a7-4d15-b2d2-00db59da1213.COMHGEUYN3UZFJRM.SEARCH&ppt=sp&ppn=sp&ssid=53t5ctxjr40000001784730939724&qH=312f91285e048e09&ov_redirect=true,"Intel Core 5 Processor","16 GB DDR4 RAM","64 bit Windows 11 Home","512 GB SSD","1 Year Warranty"
96,"Samsung Galaxy Book4 Metal",56990,4.4,19735,https://www.flipkart.com/samsung-galaxy-book4-metal-intel-core-i5-13th-gen-1335u-8-gb-512-gb-ssd-windows-11-home-np750xgj-kg1in-np750xgj-lg1in-np750xgj-lg6in-thin-light-laptop/p/itm1df5212efb9fc?pid=COMGZUYDFZXHWYWZ&lid=LSTCOMGZUYDFZXHWYWZJ6V2KW&marketplace=FLIPKART&q=laptop&store=6bo%2Fb5g&srno=s_6_121&otracker=search&fm=organic&iid=en_1qIIdxl_62nbzkykufBv_4rOMbEfrCxKIHfFLHZ5bk50F2RnvUSC7lAU83EsxjBSsfGME0kkMQMICwGxasfmZSpiZoP3ZcDDMuaOuWFYumPgae-kpFEgIWrWoEcewlkZ&ppt=sp&ppn=sp&ssid=riyctednpc0000001784730945053&qH=312f91285e048e09&ov_redirect=true,"Intel Core i5 Processor (13th Gen)","8 GB LPDDR4X RAM","64 bit Windows 11","512 GB SSD","1 Year Manufacturer Warranty for Laptop and 6 Months for In-Box Accessories"
97,"Samsung Galaxy Book4 Metal",57490,4.4,10670,https://www.flipkart.com/samsung-galaxy-book4-metal-intel-core-i3-13th-gen-1315u-8-gb-512-gb-ssd-windows-11-home-np750xgj-lg9in-thin-light-laptop/p/itmc29d559898e6f?pid=COMH4Y6KKRC9YSWE&lid=LSTCOMH4Y6KKRC9YSWERDUMZD&marketplace=FLIPKART&q=laptop&store=6bo%2Fb5g&srno=s_6_122&otracker=search&fm=organic&iid=en_1qIIdxl_62nbzkykufBv_4rOMbEfrCxKIHfFLHZ5bk67zW8Ca1u1dlLer2CzbP9cVqKfzRTPmTYCvEc1OQ2_kCChg9vAnpscSdI7uOc1ZHXgae-kpFEgIWrWoEcewlkZ&ppt=sp&ppn=sp&ssid=riyctednpc0000001784730945053&qH=312f91285e048e09&ov_redirect=true,"Intel Core i3 Processor (13th Gen)","8 GB LPDDR4X RAM","64 bit Windows 11","512 GB SSD","1 Year Onsite Warranty"
98,"DELL 15 (2025)",58990,4.3,1450,https://www.flipkart.com/dell-15-2025-microsoft-office-home-2024-intel-core-i5-13th-gen-16-gb-512-gb-ssd-windows-11-home-vostro-3530-rpl-thin-light-laptop/p/itm131ebb1b7cdce?pid=COMHBG6HU7GJGR8G&lid=LSTCOMHBG6HU7GJGR8GMYENLT&marketplace=FLIPKART&q=laptop&store=6bo%2Fb5g&srno=s_6_123&otracker=search&fm=organic&iid=447b5a77-2df6-45e3-ba61-b890be726387.COMHBG6HU7GJGR8G.SEARCH&ppt=sp&ppn=sp&ssid=riyctednpc0000001784730945053&qH=312f91285e048e09&ov_redirect=true,"Intel Core i5 Processor (13th Gen)","16 GB DDR4 RAM","Windows 11","512 GB SSD","1 Year Onsite Hardware Service"
99,"Lenovo 100e Chromebook Gen 4",23990,3.9,1499,https://www.flipkart.com/lenovo-100e-chromebook-gen-4-mediatek-kompanio-528-4-gb-64-gb-emmc-storage-chrome-os/p/itm2ea2371d3bde4?pid=COMHA9FKZ7KSC3SZ&lid=LSTCOMHA9FKZ7KSC3SZTEADVB&marketplace=FLIPKART&q=laptop&store=6bo%2Fb5g&srno=s_6_124&otracker=search&fm=organic&iid=447b5a77-2df6-45e3-ba61-b890be726387.COMHA9FKZ7KSC3SZ.SEARCH&ppt=sp&ppn=sp&ssid=riyctednpc0000001784730945053&qH=312f91285e048e09&ov_redirect=true,"MediaTek MediaTek Kompanio 528 Processor","4 GB LPDDR4X RAM",ChromeOS,NULL,"1 Year Carry-in Warranty"
100,"Acer Predator Helios Neo 16S AI",171990,4.4,24,https://www.flipkart.com/acer-predator-helios-neo-16s-ai-intel-core-ultra-7-255hx-16-gb-1-tb-ssd-windows-11-home-8-gb-graphics-nvidia-geforce-rtx-5070-phn16s-71-gaming-laptop/p/itmc6d30f6de45a2?pid=COMHDT6GJMZG5PVP&lid=LSTCOMHDT6GJMZG5PVPTZ8JY9&marketplace=FLIPKART&q=laptop&store=6bo%2Fb5g&srno=s_6_125&otracker=search&fm=organic&iid=447b5a77-2df6-45e3-ba61-b890be726387.COMHDT6GJMZG5PVP.SEARCH&ppt=sp&ppn=sp&ssid=riyctednpc0000001784730945053&qH=312f91285e048e09&ov_redirect=true,"Intel Core Ultra 7 Processor","16 GB DDR5 RAM","64 bit Windows 11 Home","1 TB SSD","1 Year Warranty"
101,"DELL Alienware 16 Aurora (i7 14th Gen)",145990,3.9,19,https://www.flipkart.com/dell-alienware-16-aurora-i7-14th-gen-microsoft-office-home-2024-intel-core-7-240h-16-gb-1-tb-ssd-windows-11-home-8-gb-graphics-nvidia-geforce-rtx-5060-oan1625000901mino-gaming-laptop/p/itm5d0745cd0e132?pid=COMHDWZ6GNEBPEBF&lid=LSTCOMHDWZ6GNEBPEBFZQYJ1Y&marketplace=FLIPKART&q=laptop&store=6bo%2Fb5g&srno=s_6_126&otracker=search&fm=organic&iid=447b5a77-2df6-45e3-ba61-b890be726387.COMHDWZ6GNEBPEBF.SEARCH&ppt=sp&ppn=sp&ssid=riyctednpc0000001784730945053&qH=312f91285e048e09&ov_redirect=true,"Intel Core 7 Processor","16 GB DDR5 RAM","Windows 11","1 TB SSD","1 Year Onsite Warranty"
102,"HP Omnibook 3 2K WUXGA",72990,4.1,11,https://www.flipkart.com/hp-omnibook-3-2k-wuxga-snapdragon-x-16-gb-512-gb-ssd-windows-11-home-14-hz0024qu-laptop/p/itmbd5346cd09abc?pid=COMHZGK2ACSECZB5&lid=LSTCOMHZGK2ACSECZB52ALLPO&marketplace=FLIPKART&q=laptop&store=6bo%2Fb5g&srno=s_6_127&otracker=search&fm=organic&iid=en_1qIIdxl_62nbzkykufBv_4rOMbEfrCxKIHfFLHZ5bk7jGnWbsJXpf3MhtHlKdow_QDaMOpjaAqIhVlr2eDOqkK8WMJxc_eOD3pdFe_35DQXgae-kpFEgIWrWoEcewlkZ&ppt=sp&ppn=sp&ssid=riyctednpc0000001784730945053&qH=312f91285e048e09&ov_redirect=true,"Snapdragon X Processor","16 GB LPDDR5X RAM","Windows 11 Home","512 GB SSD","1 Year Onsite Service"
103,"DELL 15 (Previouly Inspiron)",57990,4.5,6,https://www.flipkart.com/dell-15-previouly-inspiron-amd-ryzen-5-quad-core-7520u-8-gb-512-gb-ssd-windows-11-home-dc15255-thin-light-laptop/p/itmb80bb4e819164?pid=COMHDXXUHGDCHMQX&lid=LSTCOMHDXXUHGDCHMQXUEUE9X&marketplace=FLIPKART&q=laptop&store=6bo%2Fb5g&srno=s_6_128&otracker=search&fm=organic&iid=en_1qIIdxl_62nbzkykufBv_4rOMbEfrCxKIHfFLHZ5bk7TboUhGymTlr-3E1zRxwSuKS7KjhXWMehRCKPAR7kLILb6bL0Zx_kaK68EeWHdQeDgae-kpFEgIWrWoEcewlkZ&ppt=sp&ppn=sp&ssid=riyctednpc0000001784730945053&qH=312f91285e048e09&ov_redirect=true,"AMD Ryzen 5 Quad Core Processor","8 GB LPDDR5 RAM","Windows 11","512 GB SSD","1 Year Onsite Warranty"
104,"Samsung Galaxy Book5 AI Metal",91990,4.6,463,https://www.flipkart.com/samsung-galaxy-book5-ai-metal-intel-core-ultra-7-255u-16-gb-512-gb-ssd-windows-11-home-np750xhd-thin-light-laptop/p/itma9c081cdbe95d?pid=COMHE4ATBCUTGUYT&lid=LSTCOMHE4ATBCUTGUYTJZ7NHN&marketplace=FLIPKART&q=laptop&store=6bo%2Fb5g&srno=s_6_141&otracker=search&fm=organic&iid=en_1qIIdxl_62nbzkykufBv_4rOMbEfrCxKIHfFLHZ5bk5O8hMJ0FDe-urLlwItQcRJ_54vlUw9QAlUFlRYR6QtY8H5LP6GMXD1iSKF2pPmS-Tgae-kpFEgIWrWoEcewlkZ&ppt=sp&ppn=sp&ssid=riyctednpc0000001784730945053&qH=312f91285e048e09&ov_redirect=true,"Intel Core Ultra 7 Processor","16 GB LPDDR5X RAM","64 bit Windows 11","512 GB SSD","1 Year Manufacturer Warranty for Laptop and 6 Months for In-Box Accessories"
105,"HP OMEN AI",134990,4.5,112,https://www.flipkart.com/hp-omen-ai-amd-ryzen-7-octa-core-350-24-gb-1-tb-ssd-windows-11-home-8-gb-graphics-nvidia-geforce-rtx-5050-16-ap0165ax-gaming-laptop/p/itm5661c90728083?pid=COMHEHHXKFQSABXZ&lid=LSTCOMHEHHXKFQSABXZEF3JCN&marketplace=FLIPKART&q=laptop&store=6bo%2Fb5g&srno=s_6_142&otracker=search&fm=organic&iid=en_1qIIdxl_62nbzkykufBv_4rOMbEfrCxKIHfFLHZ5bk5jPasYSfmRV27tLuEi-DsHSt8s0FwzStmVNuDw0YIb7vRQYaQqNgqexXd2bqUccoJutiYFZitabsVRk1n1kESm&ppt=sp&ppn=sp&ssid=riyctednpc0000001784730945053&qH=312f91285e048e09&ov_redirect=true,"AMD Ryzen AI 7 Octa Core Processor","24 GB DDR5 RAM","Windows 11 Home","1 TB SSD","1 Year Onsite Warranty"
106,"Lenovo IdeaPad Slim 5 WUXGA IPS",77990,4.1,117,https://www.flipkart.com/lenovo-ideapad-slim-5-wuxga-ips-office-2024-full-metal-body-amd-ryzen-7-octa-core-7735hs-16-gb-512-gb-ssd-windows-11-home-13arp10-thin-light-laptop/p/itmce73e91ed2bfc?pid=COMH8ZYXDKUYTDW9&lid=LSTCOMH8ZYXDKUYTDW9OQ5RDT&marketplace=FLIPKART&q=laptop&store=6bo%2Fb5g&srno=s_6_143&otracker=search&fm=organic&iid=447b5a77-2df6-45e3-ba61-b890be726387.COMH8ZYXDKUYTDW9.SEARCH&ppt=sp&ppn=sp&ssid=riyctednpc0000001784730945053&qH=312f91285e048e09&ov_redirect=true,"AMD Ryzen 7 Octa Core Processor","16 GB LPDDR5X RAM","Windows 11 Home","512 GB SSD","1 Year Onsite Warranty"
107,"Acer Aspire Lite",49990,4.1,1090,https://www.flipkart.com/acer-aspire-lite-intel-core-i3-12th-gen-1215u-16-gb-512-gb-ssd-windows-11-home-al15-52-thin-light-laptop/p/itm130746bcc0e38?pid=COMGWKF2QYG6XNCZ&lid=LSTCOMGWKF2QYG6XNCZRHWCKU&marketplace=FLIPKART&q=laptop&store=6bo%2Fb5g&srno=s_6_144&otracker=search&fm=organic&iid=447b5a77-2df6-45e3-ba61-b890be726387.COMGWKF2QYG6XNCZ.SEARCH&ppt=sp&ppn=sp&ssid=riyctednpc0000001784730945053&qH=312f91285e048e09&ov_redirect=true,"Intel Core i3 Processor (12th Gen)","16 GB DDR4 RAM","Windows 11","512 GB SSD","1 Year Onsite Warranty"
108,"Acer Aspire 7 (i5 14th Gen)",84999,4.3,151,https://www.flipkart.com/acer-aspire-7-i5-14th-gen-intel-core-5-210h-16-gb-512-gb-ssd-windows-11-home-6-graphics-nvidia-geforce-rtx-4050-a715-79g-gaming-laptop/p/itm96c08ed7d9792?pid=COMHEYV9AZZXC8PC&lid=LSTCOMHEYV9AZZXC8PCE20HTI&marketplace=FLIPKART&q=laptop&store=6bo%2Fb5g&srno=s_7_145&otracker=search&fm=organic&iid=8c27e432-9fce-468c-acd7-95f358332be4.COMHEYV9AZZXC8PC.SEARCH&ppt=sp&ppn=sp&ssid=894ckifppc0000001784730950420&qH=312f91285e048e09&ov_redirect=true,"Intel Core 5 Processor","16 GB DDR4 RAM","64 bit Windows 11 Home","512 GB SSD","1 Year Warranty"
109,"ASUS Vivobook 14 (2025)",74990,4.4,526,https://www.flipkart.com/asus-vivobook-14-2025-office-2024-m365-basic-backlit-keyboard-intel-core-ultra-5-225h-16-gb-1-tb-ssd-windows-11-home-x1407ca-ly1581ws-thin-light-laptop/p/itm3747a23544888?pid=COMHCQ5EAUHHZW4D&lid=LSTCOMHCQ5EAUHHZW4DT133UG&marketplace=FLIPKART&q=laptop&store=6bo%2Fb5g&srno=s_7_146&otracker=search&fm=organic&iid=8c27e432-9fce-468c-acd7-95f358332be4.COMHCQ5EAUHHZW4D.SEARCH&ppt=sp&ppn=sp&ssid=894ckifppc0000001784730950420&qH=312f91285e048e09&ov_redirect=true,"Intel Core Ultra 5 Processor","16 GB DDR5 RAM","Windows 11 Home","1 TB SSD","1 Year Onsite Warranty"
110,"Samsung Galaxy Book4 Metal",56990,4.4,19735,https://www.flipkart.com/samsung-galaxy-book4-metal-intel-core-i5-13th-gen-1335u-8-gb-512-gb-ssd-windows-11-home-np750xgj-kg1in-np750xgj-lg1in-np750xgj-lg6in-thin-light-laptop/p/itm1df5212efb9fc?pid=COMGZUYDFZXHWYWZ&lid=LSTCOMGZUYDFZXHWYWZJ6V2KW&marketplace=FLIPKART&q=laptop&store=6bo%2Fb5g&srno=s_7_147&otracker=search&fm=organic&iid=en_Hsz4kOt4QvhJWs7C1qshEf2y32PMWwh2m35LidOH_fADcCZn5_rxzgi5xDe6Up8NsfGME0kkMQMICwGxasfmZSpiZoP3ZcDDMuaOuWFYumNI6M0hMpKqXScYrHcLo0nX&ppt=sp&ppn=sp&ssid=894ckifppc0000001784730950420&qH=312f91285e048e09&ov_redirect=true,"Intel Core i5 Processor (13th Gen)","8 GB LPDDR4X RAM","64 bit Windows 11","512 GB SSD","1 Year Manufacturer Warranty for Laptop and 6 Months for In-Box Accessories"
111,"Samsung Galaxy Book4 Metal",57490,4.4,10670,https://www.flipkart.com/samsung-galaxy-book4-metal-intel-core-i3-13th-gen-1315u-8-gb-512-gb-ssd-windows-11-home-np750xgj-lg9in-thin-light-laptop/p/itmc29d559898e6f?pid=COMH4Y6KKRC9YSWE&lid=LSTCOMH4Y6KKRC9YSWERDUMZD&marketplace=FLIPKART&q=laptop&store=6bo%2Fb5g&srno=s_7_148&otracker=search&fm=organic&iid=en_Hsz4kOt4QvhJWs7C1qshEf2y32PMWwh2m35LidOH_fBDvb7xKOblGyuHmp-WmJkfVqKfzRTPmTYCvEc1OQ2_kCChg9vAnpscSdI7uOc1ZHVI6M0hMpKqXScYrHcLo0nX&ppt=sp&ppn=sp&ssid=894ckifppc0000001784730950420&qH=312f91285e048e09&ov_redirect=true,"Intel Core i3 Processor (13th Gen)","8 GB LPDDR4X RAM","64 bit Windows 11","512 GB SSD","1 Year Onsite Warranty"
112,"Lenovo IdeaPad Pro 5",135990,4.4,68,https://www.flipkart.com/lenovo-ideapad-pro-5-1yr-adp-intel-core-ultra-9-285h-32-gb-1-tb-ssd-windows-11-home-14iah10-thin-light-laptop/p/itmd7d69c58f3bc7?pid=COMHEAQTBUKSCUZE&lid=LSTCOMHEAQTBUKSCUZELO7MJY&marketplace=FLIPKART&q=laptop&store=6bo%2Fb5g&srno=s_7_149&otracker=search&fm=organic&iid=8c27e432-9fce-468c-acd7-95f358332be4.COMHEAQTBUKSCUZE.SEARCH&ppt=sp&ppn=sp&ssid=894ckifppc0000001784730950420&qH=312f91285e048e09&ov_redirect=true,"Intel Core Ultra 9 Processor","32 GB LPDDR5X RAM","Windows 11 Home","1 TB SSD","1 Year Onsite Warranty"
113,"Acer Aspire 3",32799,3.8,9828,https://www.flipkart.com/acer-aspire-3-intel-celeron-dual-core-8-gb-256-gb-ssd-windows-11-home-a311-45-thin-light-laptop/p/itmad38595c5a902?pid=COMH7NCZ8BARKXFF&lid=LSTCOMH7NCZ8BARKXFFT7KZLT&marketplace=FLIPKART&q=laptop&store=6bo%2Fb5g&srno=s_7_150&otracker=search&fm=organic&iid=8c27e432-9fce-468c-acd7-95f358332be4.COMH7NCZ8BARKXFF.SEARCH&ppt=sp&ppn=sp&ssid=894ckifppc0000001784730950420&qH=312f91285e048e09&ov_redirect=true,"Intel Celeron Dual Core Processor","8 GB DDR4 RAM","64 bit Windows 11 Home","256 GB SSD","1 Year Warranty"
114,"HP Omnibook 3 2K WUXGA",72990,4.1,11,https://www.flipkart.com/hp-omnibook-3-2k-wuxga-snapdragon-x-16-gb-512-gb-ssd-windows-11-home-14-hz0024qu-laptop/p/itmbd5346cd09abc?pid=COMHZGK2ACSECZB5&lid=LSTCOMHZGK2ACSECZB52ALLPO&marketplace=FLIPKART&q=laptop&store=6bo%2Fb5g&srno=s_7_151&otracker=search&fm=organic&iid=en_Hsz4kOt4QvhJWs7C1qshEf2y32PMWwh2m35LidOH_fAPN1sAgBXmo_hmC15PynHeQDaMOpjaAqIhVlr2eDOqkK8WMJxc_eOD3pdFe_35DQVI6M0hMpKqXScYrHcLo0nX&ppt=sp&ppn=sp&ssid=894ckifppc0000001784730950420&qH=312f91285e048e09&ov_redirect=true,"Snapdragon X Processor","16 GB LPDDR5X RAM","Windows 11 Home","512 GB SSD","1 Year Onsite Service"
115,"HP 15 (i5 14th Gen)",82990,4.2,195,https://www.flipkart.com/hp-15-i5-14th-gen-intel-core-5-120u-24-gb-512-gb-ssd-windows-11-home-15-fd0262tu-thin-light-laptop/p/itm027a3317f4ff9?pid=COMHM94A7PHVCQT7&lid=LSTCOMHM94A7PHVCQT7QTPOH7&marketplace=FLIPKART&q=laptop&store=6bo%2Fb5g&srno=s_7_152&otracker=search&fm=organic&iid=en_Hsz4kOt4QvhJWs7C1qshEf2y32PMWwh2m35LidOH_fBvaIPPotQHr1yhjGfcFIAgajNODExQ3AD2YwLVEpFEnHQxmIaeT1eVU6lHR1JOxyBI6M0hMpKqXScYrHcLo0nX&ppt=sp&ppn=sp&ssid=894ckifppc0000001784730950420&qH=312f91285e048e09&ov_redirect=true,"Intel Core 5 Processor","24 GB DDR5 RAM","Windows 11 Home","512 GB SSD","1 Year Onsite Service"
116,"ASUS TUF Gaming F16 (2025)",199990,4.8,31,https://www.flipkart.com/asus-tuf-gaming-f16-2025-office-2024-m365-basic-intel-core-i7-14th-gen-14650hx-32-gb-1-tb-ssd-windows-11-home-8-gb-graphics-nvidia-geforce-rtx-5070-165-hz-fx688jpr-qt043ws-laptop/p/itm8c23f3b4e57ad?pid=COMHCQ4K6VFCWQ2B&lid=LSTCOMHCQ4K6VFCWQ2BPWVELZ&marketplace=FLIPKART&q=laptop&store=6bo%2Fb5g&srno=s_7_153&otracker=search&fm=organic&iid=8c27e432-9fce-468c-acd7-95f358332be4.COMHCQ4K6VFCWQ2B.SEARCH&ppt=sp&ppn=sp&ssid=894ckifppc0000001784730950420&qH=312f91285e048e09&ov_redirect=true,"Intel Core i7 Processor (14th Gen)","32 GB DDR5 RAM","Windows 11 Home","1 TB SSD","1 Year Onsite Warranty"
117,"Acer Aspire 3",48104,4.1,1002,https://www.flipkart.com/acer-aspire-3-amd-ryzen-quad-core-7330u-8-gb-256-gb-ssd-windows-11-home-as15-42-thin-light-laptop/p/itmdaf15e01a1d1a?pid=COMH898FYYFGRAFZ&lid=LSTCOMH898FYYFGRAFZRSRCGK&marketplace=FLIPKART&q=laptop&store=6bo%2Fb5g&srno=s_7_154&otracker=search&fm=organic&iid=8c27e432-9fce-468c-acd7-95f358332be4.COMH898FYYFGRAFZ.SEARCH&ppt=sp&ppn=sp&ssid=894ckifppc0000001784730950420&qH=312f91285e048e09&ov_redirect=true,"AMD Ryzen 3 Quad Core Processor","8 GB DDR4 RAM","Windows 11","256 GB SSD","1 Year Onsite Warranty"
118,"HP 15",78990,4.4,67,https://www.flipkart.com/hp-15-amd-ryzen-7-octa-core-7730u-16-gb-512-gb-ssd-windows-11-home-15-fc0761au-thin-light-laptop/p/itm61f1a7157aecd?pid=COMHKXYAB4KG9YRY&lid=LSTCOMHKXYAB4KG9YRYDUWFIG&marketplace=FLIPKART&q=laptop&store=6bo%2Fb5g&srno=s_7_155&otracker=search&fm=organic&iid=8c27e432-9fce-468c-acd7-95f358332be4.COMHKXYAB4KG9YRY.SEARCH&ppt=sp&ppn=sp&ssid=894ckifppc0000001784730950420&qH=312f91285e048e09&ov_redirect=true,"AMD Ryzen 7 Octa Core Processor","16 GB DDR4 RAM","Windows 11 Home","512 GB SSD","1 Year Onsite Service"
119,"Acer Aspire 3",33250,3.8,9828,https://www.flipkart.com/acer-aspire-3-intel-celeron-dual-core-8-gb-128-gb-ssd-windows-11-home-a311-45-thin-light-laptop/p/itmad38595c5a902?pid=COMH7NCZGGGWQC4W&lid=LSTCOMH7NCZGGGWQC4WA6EIVT&marketplace=FLIPKART&q=laptop&store=6bo%2Fb5g&srno=s_7_156&otracker=search&fm=organic&iid=8c27e432-9fce-468c-acd7-95f358332be4.COMH7NCZGGGWQC4W.SEARCH&ppt=sp&ppn=sp&ssid=894ckifppc0000001784730950420&qH=312f91285e048e09&ov_redirect=true,"Intel Celeron Dual Core Processor","8 GB DDR4 RAM","64 bit Windows 11 Home","128 GB SSD","1 Year Warranty"
120,"DELL 15 (Previouly Inspiron)",57990,4.5,6,https://www.flipkart.com/dell-15-previouly-inspiron-amd-ryzen-5-quad-core-7520u-8-gb-512-gb-ssd-windows-11-home-dc15255-thin-light-laptop/p/itmb80bb4e819164?pid=COMHDXXUHGDCHMQX&lid=LSTCOMHDXXUHGDCHMQXUEUE9X&marketplace=FLIPKART&q=laptop&store=6bo%2Fb5g&srno=s_7_157&otracker=search&fm=organic&iid=en_Hsz4kOt4QvhJWs7C1qshEf2y32PMWwh2m35LidOH_fA0K_UavsjdDyNoUMUVfNoyKS7KjhXWMehRCKPAR7kLICmyONG8u9GUv-mVZHUzBoxI6M0hMpKqXScYrHcLo0nX&ppt=sp&ppn=sp&ssid=894ckifppc0000001784730950420&qH=312f91285e048e09&ov_redirect=true,"AMD Ryzen 5 Quad Core Processor","8 GB LPDDR5 RAM","Windows 11","512 GB SSD","1 Year Onsite Warranty"
121,"HP 14 AI PC",85990,4.1,790,https://www.flipkart.com/hp-14-ai-pc-intel-core-ultra-7-155h-16-gb-1-tb-ssd-windows-11-home-14-ep1152tu-thin-light-laptop/p/itm448874079369f?pid=COMHG98EXZ3AJYZN&lid=LSTCOMHG98EXZ3AJYZNODD67U&marketplace=FLIPKART&q=laptop&store=6bo%2Fb5g&srno=s_7_158&otracker=search&fm=organic&iid=en_Hsz4kOt4QvhJWs7C1qshEf2y32PMWwh2m35LidOH_fAn1umggl-X_yitBntsylENn9sG8qIKSbGwDcGdLV_LgSGkgDYpheMzpTOfbcb9jJp1sQwqMItuDWKS8EApF5EI&ppt=sp&ppn=sp&ssid=894ckifppc0000001784730950420&qH=312f91285e048e09&ov_redirect=true,"Intel Core Ultra 7 Processor","16 GB DDR5 RAM","Windows 11 Home","1 TB SSD","1 Year Onsite Warranty"
122,"HP 14 AI PC",79990,4.1,790,https://www.flipkart.com/hp-14-ai-pc-intel-core-ultra-7-155h-16-gb-512-gb-ssd-windows-11-home-14-ep1151tu-14-gr1036tu-14-ep1151tu-thin-light-laptop/p/itm4c681812b88bf?pid=COMHF8G932EYZAJF&lid=LSTCOMHF8G932EYZAJFOUI9CA&marketplace=FLIPKART&q=laptop&store=6bo%2Fb5g&srno=s_7_161&otracker=search&fm=organic&iid=en_Hsz4kOt4QvhJWs7C1qshEf2y32PMWwh2m35LidOH_fBJ6eHFXH92aukWLvNE660B3zzcGhlXkGO1hWP1UU6KY6U4JGq2qGfuCYjFJWjKqlR1sQwqMItuDWKS8EApF5EI&ppt=sp&ppn=sp&ssid=894ckifppc0000001784730950420&qH=312f91285e048e09&ov_redirect=true,"Intel Core Ultra 7 Processor","16 GB DDR5 RAM","Windows 11 Home","512 GB SSD","1 Year Onsite Warranty"
123,"Samsung Galaxy Book5 AI Metal",91990,4.6,463,https://www.flipkart.com/samsung-galaxy-book5-ai-metal-intel-core-ultra-7-255u-16-gb-512-gb-ssd-windows-11-home-np750xhd-thin-light-laptop/p/itma9c081cdbe95d?pid=COMHE4ATBCUTGUYT&lid=LSTCOMHE4ATBCUTGUYTJZ7NHN&marketplace=FLIPKART&q=laptop&store=6bo%2Fb5g&srno=s_7_162&otracker=search&fm=organic&iid=en_Hsz4kOt4QvhJWs7C1qshEf2y32PMWwh2m35LidOH_fB5qMezW44IVeqnjaRN31y9_54vlUw9QAlUFlRYR6QtY-UBYPBIqgZE3mSuDz4HsblI6M0hMpKqXScYrHcLo0nX&ppt=sp&ppn=sp&ssid=894ckifppc0000001784730950420&qH=312f91285e048e09&ov_redirect=true,"Intel Core Ultra 7 Processor","16 GB LPDDR5X RAM","64 bit Windows 11","512 GB SSD","1 Year Manufacturer Warranty for Laptop and 6 Months for In-Box Accessories"
124,"DELL G15",79990,4.2,986,https://www.flipkart.com/dell-g15-intel-core-i5-13th-gen-13450hx-16-gb-512-gb-ssd-windows-11-home-6-graphics-nvidia-geforce-rtx-3050-120-hz-5530-gaming-laptop/p/itmd1b02da743465?pid=COMH8EPFG25GDHDC&lid=LSTCOMH8EPFG25GDHDCJE052J&marketplace=FLIPKART&q=laptop&store=6bo%2Fb5g&srno=s_7_163&otracker=search&fm=organic&iid=8c27e432-9fce-468c-acd7-95f358332be4.COMH8EPFG25GDHDC.SEARCH&ppt=sp&ppn=sp&ssid=894ckifppc0000001784730950420&qH=312f91285e048e09&ov_redirect=true,"Intel Core i5 Processor (13th Gen)","16 GB DDR5 RAM","Windows 11","512 GB SSD","1 Year Basic Onsite Service after remote diagnosis with Hardware-Only Support"
125,"Lenovo Yoga 7 OLED AI PC",101990,4.4,52,https://www.flipkart.com/lenovo-yoga-7-oled-ai-pc-intel-core-ultra-5-125h-16-gb-1-tb-ssd-windows-11-home-14iml9-2-1-laptop/p/itm1ef35128279ee?pid=COMHY24RNAZZBJCZ&lid=LSTCOMHY24RNAZZBJCZYUOFMI&marketplace=FLIPKART&q=laptop&store=6bo%2Fb5g&srno=s_7_164&otracker=search&fm=organic&iid=8c27e432-9fce-468c-acd7-95f358332be4.COMHY24RNAZZBJCZ.SEARCH&ppt=sp&ppn=sp&ssid=894ckifppc0000001784730950420&qH=312f91285e048e09&ov_redirect=true,"Intel Core Ultra 5 Processor","16 GB LPDDR5X RAM","Windows 11","1 TB SSD","1Yr Warranty + 1 Yr Premium Care and 1 Yr Accidental Damage Protection"
126,"ASUS Chromebook",17990,3.8,3061,https://www.flipkart.com/asus-chromebook-intel-celeron-dual-core-n4500-4-gb-64-gb-emmc-storage-chrome-os-cx1500cka-nj0393/p/itmc1d20ec9ce589?pid=COMGSHM3XESWZ6AT&lid=LSTCOMGSHM3XESWZ6ATVEMMNA&marketplace=FLIPKART&q=laptop&store=6bo%2Fb5g&srno=s_7_165&otracker=search&fm=organic&iid=8c27e432-9fce-468c-acd7-95f358332be4.COMGSHM3XESWZ6AT.SEARCH&ppt=sp&ppn=sp&ssid=894ckifppc0000001784730950420&qH=312f91285e048e09&ov_redirect=true,"Intel Celeron Dual Core Processor","4 GB LPDDR4X RAM","64 bit ChromeOS",NULL,"1 Year Onsite Warranty"
127,"ASUS Vivobook Go 15",46990,4.2,2632,https://www.flipkart.com/asus-vivobook-go-15-amd-ryzen-5-quad-core-7520u-8-gb-512-gb-ssd-windows-11-home-e1504fa-nj133ws-e1504fa-nj522ws-thin-light-laptop/p/itm968db504ada5b?pid=COMGMGXFHUHQE3XZ&lid=LSTCOMGMGXFHUHQE3XZVMF0VE&marketplace=FLIPKART&q=laptop&store=6bo%2Fb5g&srno=s_7_166&otracker=search&fm=organic&iid=8c27e432-9fce-468c-acd7-95f358332be4.COMGMGXFHUHQE3XZ.SEARCH&ppt=sp&ppn=sp&ssid=894ckifppc0000001784730950420&qH=312f91285e048e09&ov_redirect=true,"AMD Ryzen 5 Quad Core Processor","8 GB LPDDR5 RAM","64 bit Windows 11","512 GB SSD","1 Year Onsite Warranty"
128,"Samsung Galaxy Book5 AI Metal",84990,4.6,837,https://www.flipkart.com/samsung-galaxy-book5-ai-metal-intel-core-ultra-5-225u-16-gb-512-gb-ssd-windows-11-home-np750xhd-thin-light-laptop/p/itmc33d2563d0ffc?pid=COMHE4ATPCZ9FXRP&lid=LSTCOMHE4ATPCZ9FXRP7N1GVG&marketplace=FLIPKART&q=laptop&store=6bo%2Fb5g&srno=s_7_167&otracker=search&fm=organic&iid=en_Hsz4kOt4QvhJWs7C1qshEf2y32PMWwh2m35LidOH_fDYvjnyzYDL8NetWbNpgJIp3WHJiuMjlX0EHxFVCjPkycH5LP6GMXD1iSKF2pPmS-RI6M0hMpKqXScYrHcLo0nX&ppt=sp&ppn=sp&ssid=894ckifppc0000001784730950420&qH=312f91285e048e09&ov_redirect=true,"Intel Core Ultra 5 Processor","16 GB LPDDR5X RAM","64 bit Windows 11","512 GB SSD","1 Year Manufacturer Warranty for Laptop and 6 Months for In-Box Accessories"
129,"HP 15 (i5 14th Gen)",82990,4.2,195,https://www.flipkart.com/hp-15-i5-14th-gen-intel-core-5-120u-24-gb-512-gb-ssd-windows-11-home-15-fd0262tu-thin-light-laptop/p/itm027a3317f4ff9?pid=COMHM94A7PHVCQT7&lid=LSTCOMHM94A7PHVCQT7QTPOH7&marketplace=FLIPKART&q=laptop&store=6bo%2Fb5g&srno=s_1_11&otracker=search&fm=organic&iid=en_kXWkwc5WAOHuBn_u5WwmbbJxdN-ia_TgvRpw6L_mTRATpXeUTieUaPOo9Y-dporTVBeRUaazKxCvHlnM3tgI6r4PScISDLVVYhq3tI9MjrRygHt4WDvHYEs7oHhAF7TE&ppt=None&ppn=None&ssid=56f49g3z6o0000001784730917322&qH=312f91285e048e09&ov_redirect=true,"Intel Core 5 Processor","24 GB DDR5 RAM","Windows 11 Home","512 GB SSD","1 Year Onsite Service"
130,"DELL 15 (Previouly Inspiron)",57990,4.5,6,https://www.flipkart.com/dell-15-previouly-inspiron-amd-ryzen-5-quad-core-7520u-8-gb-512-gb-ssd-windows-11-home-dc15255-thin-light-laptop/p/itmb80bb4e819164?pid=COMHDXXUHGDCHMQX&lid=LSTCOMHDXXUHGDCHMQXUEUE9X&marketplace=FLIPKART&q=laptop&store=6bo%2Fb5g&srno=s_1_12&otracker=search&fm=organic&iid=en_kXWkwc5WAOHuBn_u5WwmbbJxdN-ia_TgvRpw6L_mTRDVp0GRl1C-vRFz4t702EfrTz1Ij0nnUnEuzeQV0Xdp6nhxtx2ZQZ_phLGtbMBsfGAQ2Z9iRvthbmU5ESsbiIwK&ppt=None&ppn=None&ssid=56f49g3z6o0000001784730917322&qH=312f91285e048e09&ov_redirect=true,"AMD Ryzen 5 Quad Core Processor","8 GB LPDDR5 RAM","Windows 11","512 GB SSD","1 Year Onsite Warranty"
131,"Acer Aspire 3",46990,4.3,1736,https://www.flipkart.com/acer-aspire-3-intel-core-i5-13th-gen-1334u-16-gb-512-gb-ssd-windows-11-home-a324-53-thin-light-laptop/p/itm707770fddc7e9?pid=COMH4B6CGZKHKUV3&lid=LSTCOMH4B6CGZKHKUV37HVWQK&marketplace=FLIPKART&q=laptop&store=6bo%2Fb5g&srno=s_1_13&otracker=search&fm=organic&iid=ee753269-5c34-4051-94b6-3152be90bc26.COMH4B6CGZKHKUV3.SEARCH&ppt=None&ppn=None&ssid=56f49g3z6o0000001784730917322&qH=312f91285e048e09&ov_redirect=true,"Intel Core i5 Processor (13th Gen)","16 GB DDR4 RAM","Windows 11","512 GB SSD","1 Year Carry-in Warranty"
132,"ASUS Chromebook CX14",19990,3.9,474,https://www.flipkart.com/asus-chromebook-cx14-intel-celeron-dual-core-n50-4-gb-64-gb-emmc-storage-chrome-os-cx1405cta-s60620-laptop/p/itm5a14f3731bf15?pid=COMHKQA3R42GHHJF&lid=LSTCOMHKQA3R42GHHJF7ASEFY&marketplace=FLIPKART&q=laptop&store=6bo%2Fb5g&srno=s_1_14&otracker=search&fm=organic&iid=ee753269-5c34-4051-94b6-3152be90bc26.COMHKQA3R42GHHJF.SEARCH&ppt=None&ppn=None&ssid=56f49g3z6o0000001784730917322&qH=312f91285e048e09&ov_redirect=true,"Intel Celeron Dual Core Processor","4 GB LPDDR5 RAM",ChromeOS,NULL,"1 Year Onsite Warranty"
133,"ASUS Expertbook P3 Metal High-performance processor",87990,4.3,284,https://www.flipkart.com/asus-expertbook-p3-metal-high-performance-processor-1-yr-adp-intel-core-i7-13th-gen-13620h-32-gb-1-tb-ssd-windows-11-home-p3405cva-ly0308ws-thin-light-laptop/p/itm97eeb89e48af8?pid=COMHB7VN6ZDDZ946&lid=LSTCOMHB7VN6ZDDZ946RHQCBL&marketplace=FLIPKART&q=laptop&store=6bo%2Fb5g&srno=s_1_15&otracker=search&fm=organic&iid=ee753269-5c34-4051-94b6-3152be90bc26.COMHB7VN6ZDDZ946.SEARCH&ppt=None&ppn=None&ssid=56f49g3z6o0000001784730917322&qH=312f91285e048e09&ov_redirect=true,"Intel Core i7 Processor (13th Gen)","32 GB DDR5 RAM","Windows 11 Home","1 TB SSD","1 Year Onsite Warranty"
134,"HP MSO 2024",50490,4.2,3329,https://www.flipkart.com/hp-mso-2024-intel-core-i3-13th-gen-1315u-16-gb-512-gb-ssd-windows-11-home-15-fd0574tu-15-fd0668tu-thin-light-laptop/p/itmcb9e5b7b2d3fb?pid=COMHBFRJEWGN4FMY&lid=LSTCOMHBFRJEWGN4FMYK9ZQ2H&marketplace=FLIPKART&q=laptop&store=6bo%2Fb5g&srno=s_1_16&otracker=search&fm=organic&iid=ee753269-5c34-4051-94b6-3152be90bc26.COMHBFRJEWGN4FMY.SEARCH&ppt=None&ppn=None&ssid=56f49g3z6o0000001784730917322&qH=312f91285e048e09&ov_redirect=true,"Intel Core i3 Processor (13th Gen)","16 GB DDR4 RAM","Windows 11 Home","512 GB SSD","1 Year Onsite Warranty"
135,"Samsung Galaxy Book5 AI Metal",91990,4.6,463,https://www.flipkart.com/samsung-galaxy-book5-ai-metal-intel-core-ultra-7-255u-16-gb-512-gb-ssd-windows-11-home-np750xhd-thin-light-laptop/p/itma9c081cdbe95d?pid=COMHE4ATBCUTGUYT&lid=LSTCOMHE4ATBCUTGUYTJZ7NHN&marketplace=FLIPKART&q=laptop&store=6bo%2Fb5g&srno=s_1_17&otracker=search&fm=organic&iid=en_kXWkwc5WAOHuBn_u5WwmbbJxdN-ia_TgvRpw6L_mTRDDDmLcmVwnILLBxhgRGMf6EpvNAz_V8OztKE0mhnVc5WBvhs4YZDb_tLK308w1JjvbsGiSNV8pmWP5XKcqigqF&ppt=None&ppn=None&ssid=56f49g3z6o0000001784730917322&qH=312f91285e048e09&ov_redirect=true,"Intel Core Ultra 7 Processor","16 GB LPDDR5X RAM","64 bit Windows 11","512 GB SSD","1 Year Manufacturer Warranty for Laptop and 6 Months for In-Box Accessories"
136,"Samsung Galaxy Book5 AI Metal",84990,4.6,837,https://www.flipkart.com/samsung-galaxy-book5-ai-metal-intel-core-ultra-5-225u-16-gb-512-gb-ssd-windows-11-home-np750xhd-thin-light-laptop/p/itmc33d2563d0ffc?pid=COMHE4ATPCZ9FXRP&lid=LSTCOMHE4ATPCZ9FXRP7N1GVG&marketplace=FLIPKART&q=laptop&store=6bo%2Fb5g&srno=s_1_18&otracker=search&fm=organic&iid=en_kXWkwc5WAOHuBn_u5WwmbbJxdN-ia_TgvRpw6L_mTRD974XLiIcVqp5lBfZkXnpWvT9zE8RJe0eekVb3otSNh18RJRVMZ26KUCZrvwX8t-nbsGiSNV8pmWP5XKcqigqF&ppt=None&ppn=None&ssid=56f49g3z6o0000001784730917322&qH=312f91285e048e09&ov_redirect=true,"Intel Core Ultra 5 Processor","16 GB LPDDR5X RAM","64 bit Windows 11","512 GB SSD","1 Year Manufacturer Warranty for Laptop and 6 Months for In-Box Accessories"
137,"Primebook 2 Pro (2025) in-Built AI",26990,4.4,1547,https://www.flipkart.com/primebook-2-pro-2025-in-built-ai-mediatek-helio-g99-mt8781-8-gb-128-gb-android-15-pbg9914128-4278c-laptop/p/itmdbf8db6a6f79a?pid=COMHDGD5FH6NZPHD&lid=LSTCOMHDGD5FH6NZPHD567UTY&marketplace=FLIPKART&q=laptop&store=6bo%2Fb5g&srno=s_1_19&otracker=search&fm=organic&iid=ee753269-5c34-4051-94b6-3152be90bc26.COMHDGD5FH6NZPHD.SEARCH&ppt=None&ppn=None&ssid=56f49g3z6o0000001784730917322&qH=312f91285e048e09&ov_redirect=true,"MediaTek Helio G99 (MT8781) Processor","8 GB LPDDR4X RAM","64 bit Android",NULL,"1 Year Onsite Warranty"
138,"ASUS ExpertBook P1",84990,4.3,995,https://www.flipkart.com/asus-expertbook-p1-intel-core-i7-13th-gen-13620h-32-gb-512-gb-ssd-windows-11-home-p1403cva-s60940ws-thin-light-laptop/p/itmc8b94112958cf?pid=COMH8Z2QT98FWRGH&lid=LSTCOMH8Z2QT98FWRGHHOIA2G&marketplace=FLIPKART&q=laptop&store=6bo%2Fb5g&srno=s_1_20&otracker=search&fm=organic&iid=ee753269-5c34-4051-94b6-3152be90bc26.COMH8Z2QT98FWRGH.SEARCH&ppt=None&ppn=None&ssid=56f49g3z6o0000001784730917322&qH=312f91285e048e09&ov_redirect=true,"Intel Core i7 Processor (13th Gen)","32 GB DDR5 RAM","64 bit Windows 11 Home","512 GB SSD","1 Year Onsite Warranty"
139,"HP 14 AI PC",79990,4.1,790,https://www.flipkart.com/hp-14-ai-pc-intel-core-ultra-7-155h-16-gb-512-gb-ssd-windows-11-home-14-ep1151tu-14-gr1036tu-14-ep1151tu-thin-light-laptop/p/itm4c681812b88bf?pid=COMHF8G932EYZAJF&lid=LSTCOMHF8G932EYZAJFOUI9CA&marketplace=FLIPKART&q=laptop&store=6bo%2Fb5g&srno=s_1_21&otracker=search&fm=organic&iid=en_kXWkwc5WAOHuBn_u5WwmbbJxdN-ia_TgvRpw6L_mTRCy01Y_oanBnuEM6Bln6NT1hgaIvJFNB98mBEnXiYMzyf2kCd72yAFc0CyXscmDAPlVS-GQOg3ZAXVT6rbPpHKp&ppt=None&ppn=None&ssid=56f49g3z6o0000001784730917322&qH=312f91285e048e09&ov_redirect=true,"Intel Core Ultra 7 Processor","16 GB DDR5 RAM","Windows 11 Home","512 GB SSD","1 Year Onsite Warranty"
140,"HP 14 AI PC",85990,4.1,790,https://www.flipkart.com/hp-14-ai-pc-intel-core-ultra-7-155h-16-gb-1-tb-ssd-windows-11-home-14-ep1152tu-thin-light-laptop/p/itm448874079369f?pid=COMHG98EXZ3AJYZN&lid=LSTCOMHG98EXZ3AJYZNODD67U&marketplace=FLIPKART&q=laptop&store=6bo%2Fb5g&srno=s_1_22&otracker=search&fm=organic&iid=en_kXWkwc5WAOHuBn_u5WwmbbJxdN-ia_TgvRpw6L_mTRBJ6zY_lDkeUy-tLKlHFNd_VIJd7sngn5RzXYuDdAv4q6BbX7UKBYdLI6dBk_KzR-ZVS-GQOg3ZAXVT6rbPpHKp&ppt=None&ppn=None&ssid=56f49g3z6o0000001784730917322&qH=312f91285e048e09&ov_redirect=true,"Intel Core Ultra 7 Processor","16 GB DDR5 RAM","Windows 11 Home","1 TB SSD","1 Year Onsite Warranty"
141,"Acer Aspire 15 MS",39990,3.6,30,https://www.flipkart.com/acer-aspire-15-ms-office-2024-m365-basic-amd-ryzen-3-quad-core-7330u-8-gb-256-gb-ssd-windows-11-home-a311-45-notebook/p/itm679af52f35d6d?pid=COMHMHYH9GDHGXDA&lid=LSTCOMHMHYH9GDHGXDAYAE4GK&marketplace=FLIPKART&q=laptop&store=6bo%2Fb5g&srno=s_1_23&otracker=search&fm=organic&iid=ee753269-5c34-4051-94b6-3152be90bc26.COMHMHYH9GDHGXDA.SEARCH&ppt=None&ppn=None&ssid=56f49g3z6o0000001784730917322&qH=312f91285e048e09&ov_redirect=true,"AMD Ryzen 3 Quad Core Processor","8 GB DDR4 RAM","64 bit Windows 11 Home","256 GB SSD","1 Year Onsite Service"
142,"HP 250R G10 (2025) (i3 14th Gen)",48999,4.4,37,https://www.flipkart.com/hp-250r-g10-2025-i3-14th-gen-intel-core-3-gen-100u-8-gb-512-gb-ssd-windows-11-home-thin-light-laptop/p/itm21dd6a1b267a9?pid=COMHG6XMSCZ8WF5W&lid=LSTCOMHG6XMSCZ8WF5WJVJWPO&marketplace=FLIPKART&q=laptop&store=6bo%2Fb5g&srno=s_1_24&otracker=search&fm=organic&iid=ee753269-5c34-4051-94b6-3152be90bc26.COMHG6XMSCZ8WF5W.SEARCH&ppt=None&ppn=None&ssid=56f49g3z6o0000001784730917322&qH=312f91285e048e09&ov_redirect=true,"Intel Core 3 Processor (14th Gen)","8 GB DDR4 RAM","64 bit Windows 11 Home","512 GB SSD","1 Year"
143,"Acer Aspire 3",32799,3.8,9828,https://www.flipkart.com/acer-aspire-3-intel-celeron-dual-core-8-gb-256-gb-ssd-windows-11-home-a311-45-thin-light-laptop/p/itmad38595c5a902?pid=COMH7NCZ8BARKXFF&lid=LSTCOMH7NCZ8BARKXFFT7KZLT&marketplace=FLIPKART&q=laptop&store=6bo%2Fb5g&srno=s_2_25&otracker=search&fm=organic&iid=bae6476f-85ba-40a0-889b-71a08a1cb35f.COMH7NCZ8BARKXFF.SEARCH&ppt=sp&ppn=sp&ssid=h7u7ths5xc0000001784730922905&qH=312f91285e048e09&ov_redirect=true,"Intel Celeron Dual Core Processor","8 GB DDR4 RAM","64 bit Windows 11 Home","256 GB SSD","1 Year Warranty"
144,"ASUS Vivobook 16 (2026) AI PC",88990,4.8,5,https://www.flipkart.com/asus-vivobook-16-2026-ai-pc-office-2024-m365-basic-copilot-amd-ryzen-7-hexa-core-445-16-gb-512-gb-ssd-windows-11-home-m1607ga-mb029ws-thin-light-laptop/p/itm2d63dd66b4319?pid=COMHJJ2HJZYGBDHF&lid=LSTCOMHJJ2HJZYGBDHFLGYWOU&marketplace=FLIPKART&q=laptop&store=6bo%2Fb5g&srno=s_8_176&otracker=search&fm=organic&iid=0731cde8-d62d-4ec2-b47f-a61956f2df93.COMHJJ2HJZYGBDHF.SEARCH&ppt=sp&ppn=sp&ssid=nf474kq6i80000001784730955705&qH=312f91285e048e09&ov_redirect=true,"AMD Ryzen AI 7 Hexa Core Processor","16 GB DDR5 RAM","Windows 11 Home","512 GB SSD","1 Year Onsite Warranty"
145,"HP Omnibook 3 2K WUXGA",72990,4.1,11,https://www.flipkart.com/hp-omnibook-3-2k-wuxga-snapdragon-x-16-gb-512-gb-ssd-windows-11-home-14-hz0024qu-laptop/p/itmbd5346cd09abc?pid=COMHZGK2ACSECZB5&lid=LSTCOMHZGK2ACSECZB52ALLPO&marketplace=FLIPKART&q=laptop&store=6bo%2Fb5g&srno=s_8_177&otracker=search&fm=organic&iid=en_cA1BSr0lLjWQLkwtA5oJsIWVTY6wn8H3JgtDrab5ivW7MeLhSUg-t3qIDMA4IMBJQDaMOpjaAqIhVlr2eDOqkK8WMJxc_eOD3pdFe_35DQVyN_MH3j4kcAm8aeeF2Wos&ppt=sp&ppn=sp&ssid=nf474kq6i80000001784730955705&qH=312f91285e048e09&ov_redirect=true,"Snapdragon X Processor","16 GB LPDDR5X RAM","Windows 11 Home","512 GB SSD","1 Year Onsite Service"
146,"HP 15 (i5 14th Gen)",82990,4.2,195,https://www.flipkart.com/hp-15-i5-14th-gen-intel-core-5-120u-24-gb-512-gb-ssd-windows-11-home-15-fd0262tu-thin-light-laptop/p/itm027a3317f4ff9?pid=COMHM94A7PHVCQT7&lid=LSTCOMHM94A7PHVCQT7QTPOH7&marketplace=FLIPKART&q=laptop&store=6bo%2Fb5g&srno=s_8_178&otracker=search&fm=organic&iid=en_cA1BSr0lLjWQLkwtA5oJsIWVTY6wn8H3JgtDrab5ivW2DEDuBo1JzGC8Qcb3G0EqajNODExQ3AD2YwLVEpFEnHQxmIaeT1eVU6lHR1JOxyByN_MH3j4kcAm8aeeF2Wos&ppt=sp&ppn=sp&ssid=nf474kq6i80000001784730955705&qH=312f91285e048e09&ov_redirect=true,"Intel Core 5 Processor","24 GB DDR5 RAM","Windows 11 Home","512 GB SSD","1 Year Onsite Service"
147,"Samsung Galaxy Book6",131990,4.4,8,https://www.flipkart.com/samsung-galaxy-book6-intel-core-ultra-7-series-3-355-16-gb-512-gb-ssd-windows-11-home-np760xjg-thin-light-laptop/p/itm0de562a58a803?pid=COMHHPK3KZ5Q9ZDN&lid=LSTCOMHHPK3KZ5Q9ZDNMQSBTP&marketplace=FLIPKART&q=laptop&store=6bo%2Fb5g&srno=s_8_179&otracker=search&fm=organic&iid=0731cde8-d62d-4ec2-b47f-a61956f2df93.COMHHPK3KZ5Q9ZDN.SEARCH&ppt=sp&ppn=sp&ssid=nf474kq6i80000001784730955705&qH=312f91285e048e09&ov_redirect=true,"Intel Core Ultra 7 Processor (Series 3)","16 GB LPDDR5X RAM","64 bit Windows 11 Home","512 GB SSD","1 Year Manufacturer Warranty for Laptop and 6 Months for In-Box Accessories"
148,"Lenovo IdeaPad Slim 3",79990,4.4,151,https://www.flipkart.com/lenovo-ideapad-slim-3-backlit-keyboard-mso-2024-intel-core-i5-13th-gen-13420h-24-gb-1-tb-ssd-windows-11-home-15irh10-thin-light-laptop/p/itm30f98a31cb8fb?pid=COMHDYG7TFGZRMFZ&lid=LSTCOMHDYG7TFGZRMFZTINJTD&marketplace=FLIPKART&q=laptop&store=6bo%2Fb5g&srno=s_8_180&otracker=search&fm=organic&iid=0731cde8-d62d-4ec2-b47f-a61956f2df93.COMHDYG7TFGZRMFZ.SEARCH&ppt=sp&ppn=sp&ssid=nf474kq6i80000001784730955705&qH=312f91285e048e09&ov_redirect=true,"Intel Core i5 Processor (13th Gen)","24 GB DDR5 RAM","Windows 11 Home","1 TB SSD","1 Year Onsite Warranty"
149,"DELL 15 (Previouly Inspiron)",57990,4.5,6,https://www.flipkart.com/dell-15-previouly-inspiron-amd-ryzen-5-quad-core-7520u-8-gb-512-gb-ssd-windows-11-home-dc15255-thin-light-laptop/p/itmb80bb4e819164?pid=COMHDXXUHGDCHMQX&lid=LSTCOMHDXXUHGDCHMQXUEUE9X&marketplace=FLIPKART&q=laptop&store=6bo%2Fb5g&srno=s_8_181&otracker=search&fm=organic&iid=en_cA1BSr0lLjWQLkwtA5oJsIWVTY6wn8H3JgtDrab5ivWOgCA9NQeUy8fVZJsEggRxKS7KjhXWMehRCKPAR7kLICmyONG8u9GUv-mVZHUzBoxyN_MH3j4kcAm8aeeF2Wos&ppt=sp&ppn=sp&ssid=nf474kq6i80000001784730955705&qH=312f91285e048e09&ov_redirect=true,"AMD Ryzen 5 Quad Core Processor","8 GB LPDDR5 RAM","Windows 11","512 GB SSD","1 Year Onsite Warranty"
150,"HP 14 AI PC",85990,4.1,790,https://www.flipkart.com/hp-14-ai-pc-intel-core-ultra-7-155h-16-gb-1-tb-ssd-windows-11-home-14-ep1152tu-thin-light-laptop/p/itm448874079369f?pid=COMHG98EXZ3AJYZN&lid=LSTCOMHG98EXZ3AJYZNODD67U&marketplace=FLIPKART&q=laptop&store=6bo%2Fb5g&srno=s_8_182&otracker=search&fm=organic&iid=en_cA1BSr0lLjWQLkwtA5oJsIWVTY6wn8H3JgtDrab5ivUK21pHpDSlEh0391GtrzItn9sG8qIKSbGwDcGdLV_LgSGkgDYpheMzpTOfbcb9jJoMgS_hXtQyfVcaC88wBeSX&ppt=sp&ppn=sp&ssid=nf474kq6i80000001784730955705&qH=312f91285e048e09&ov_redirect=true,"Intel Core Ultra 7 Processor","16 GB DDR5 RAM","Windows 11 Home","1 TB SSD","1 Year Onsite Warranty"
151,"MSI Modern 14",48990,4.4,341,https://www.flipkart.com/msi-modern-14-amd-ryzen-5-hexa-core-7430u-16-gb-512-gb-ssd-windows-11-home-c7m-283in-c7m-400in-business-laptop/p/itmef8f5c6fd8e76?pid=COMH3YTFZZZJJCNU&lid=LSTCOMH3YTFZZZJJCNUFS5LIO&marketplace=FLIPKART&q=laptop&store=6bo%2Fb5g&srno=s_8_183&otracker=search&fm=organic&iid=0731cde8-d62d-4ec2-b47f-a61956f2df93.COMH3YTFZZZJJCNU.SEARCH&ppt=sp&ppn=sp&ssid=nf474kq6i80000001784730955705&qH=312f91285e048e09&ov_redirect=true,"AMD Ryzen 5 Hexa Core Processor","16 GB DDR4 RAM","Windows 11","512 GB SSD","1 Year Carry-in Warranty"
152,"Samsung Galaxy Book4 Metal",57490,4.4,10670,https://www.flipkart.com/samsung-galaxy-book4-metal-intel-core-i3-13th-gen-1315u-8-gb-512-gb-ssd-windows-11-home-np750xgj-lg9in-thin-light-laptop/p/itmc29d559898e6f?pid=COMH4Y6KKRC9YSWE&lid=LSTCOMH4Y6KKRC9YSWERDUMZD&marketplace=FLIPKART&q=laptop&store=6bo%2Fb5g&srno=s_1_2&otracker=search&fm=organic&iid=en_kXWkwc5WAOHuBn_u5WwmbbJxdN-ia_TgvRpw6L_mTRAf-dcUM_moDMTFpRI2XQQhVqKfzRTPmTYCvEc1OQ2_kCChg9vAnpscSdI7uOc1ZHUvd7d2LSUEeJYJYxyzNm4N&ppt=None&ppn=None&ssid=56f49g3z6o0000001784730917322&qH=312f91285e048e09&ov_redirect=true,"Intel Core i3 Processor (13th Gen)","8 GB LPDDR4X RAM","64 bit Windows 11","512 GB SSD","1 Year Onsite Warranty"
153,"ASUS Vivobook Go 14 (2026)",48990,4.3,2264,https://www.flipkart.com/asus-vivobook-go-14-2026-office-2024-m365-basic-amd-ryzen-3-quad-core-30-8-gb-512-gb-ssd-windows-11-home-e1404fa-eb1414ws-thin-light-laptop/p/itm21b75a04477a5?pid=COMHKRBQEVX5NTPB&lid=LSTCOMHKRBQEVX5NTPBPGJFWU&marketplace=FLIPKART&q=laptop&store=6bo%2Fb5g&srno=s_8_184&otracker=search&fm=organic&iid=0731cde8-d62d-4ec2-b47f-a61956f2df93.COMHKRBQEVX5NTPB.SEARCH&ppt=sp&ppn=sp&ssid=nf474kq6i80000001784730955705&qH=312f91285e048e09&ov_redirect=true,"AMD Ryzen 3 Quad Core Processor","8 GB LPDDR5 RAM","Windows 11 Home","512 GB SSD","1 Year Onsite Warranty"
154,"ASUS Vivobook 15 (2025)(i5 14th Gen)",60990,4.3,1712,https://www.flipkart.com/asus-vivobook-15-2025-i5-14th-gen-with-mso-2024-m365-basic-backlit-keyboard-intel-core-5-120u-16-gb-512-gb-ssd-windows-11-home-x1504vap-bq543ws-x1504vap-bq1543ws-thin-light-laptop/p/itma023e3106dea0?pid=COMHEZZTXFYMTKUF&lid=LSTCOMHEZZTXFYMTKUFBHYLFL&marketplace=FLIPKART&q=laptop&store=6bo%2Fb5g&srno=s_8_186&otracker=search&fm=organic&iid=0731cde8-d62d-4ec2-b47f-a61956f2df93.COMHEZZTXFYMTKUF.SEARCH&ppt=sp&ppn=sp&ssid=nf474kq6i80000001784730955705&qH=312f91285e048e09&ov_redirect=true,"Intel Core 5 Processor","16 GB DDR4 RAM","Windows 11 Home","512 GB SSD","1 Year Onsite Warranty"
155,"ASUS ExpertBook P1 (i3 14th Gen)",50990,4.3,6585,https://www.flipkart.com/asus-expertbook-p1-i3-14th-gen-1-yr-adp-intel-core-3-gen-100u-8-gb-512-gb-ssd-windows-11-home-p1403cva-s61821ws-thin-light-laptop/p/itm2be4c7e3b9728?pid=COMHGYAFPJ2BGX6H&lid=LSTCOMHGYAFPJ2BGX6HVGQ2CF&marketplace=FLIPKART&q=laptop&store=6bo%2Fb5g&srno=s_1_3&otracker=search&fm=organic&iid=ee753269-5c34-4051-94b6-3152be90bc26.COMHGYAFPJ2BGX6H.SEARCH&ppt=None&ppn=None&ssid=56f49g3z6o0000001784730917322&qH=312f91285e048e09&ov_redirect=true,"Intel Core 3 Processor (14th Gen)","8 GB DDR5 RAM","64 bit Windows 11 Home","512 GB SSD","1 Year Limited Warranty"
156,"HP 14 AI PC",79990,4.1,790,https://www.flipkart.com/hp-14-ai-pc-intel-core-ultra-7-155h-16-gb-512-gb-ssd-windows-11-home-14-ep1151tu-14-gr1036tu-14-ep1151tu-thin-light-laptop/p/itm4c681812b88bf?pid=COMHF8G932EYZAJF&lid=LSTCOMHF8G932EYZAJFOUI9CA&marketplace=FLIPKART&q=laptop&store=6bo%2Fb5g&srno=s_8_187&otracker=search&fm=organic&iid=en_cA1BSr0lLjWQLkwtA5oJsIWVTY6wn8H3JgtDrab5ivVftsh75AUoAAG2t7dYFJkM3zzcGhlXkGO1hWP1UU6KY6U4JGq2qGfuCYjFJWjKqlQMgS_hXtQyfVcaC88wBeSX&ppt=sp&ppn=sp&ssid=nf474kq6i80000001784730955705&qH=312f91285e048e09&ov_redirect=true,"Intel Core Ultra 7 Processor","16 GB DDR5 RAM","Windows 11 Home","512 GB SSD","1 Year Onsite Warranty"
157,"Samsung Galaxy Book5 AI Metal",84990,4.6,837,https://www.flipkart.com/samsung-galaxy-book5-ai-metal-intel-core-ultra-5-225u-16-gb-512-gb-ssd-windows-11-home-np750xhd-thin-light-laptop/p/itmc33d2563d0ffc?pid=COMHE4ATPCZ9FXRP&lid=LSTCOMHE4ATPCZ9FXRP7N1GVG&marketplace=FLIPKART&q=laptop&store=6bo%2Fb5g&srno=s_8_188&otracker=search&fm=organic&iid=en_cA1BSr0lLjWQLkwtA5oJsIWVTY6wn8H3JgtDrab5ivW2EyVu7JAHT8yIe20G5bRz3WHJiuMjlX0EHxFVCjPkyeUBYPBIqgZE3mSuDz4HsblyN_MH3j4kcAm8aeeF2Wos&ppt=sp&ppn=sp&ssid=nf474kq6i80000001784730955705&qH=312f91285e048e09&ov_redirect=true,"Intel Core Ultra 5 Processor","16 GB LPDDR5X RAM","64 bit Windows 11","512 GB SSD","1 Year Manufacturer Warranty for Laptop and 6 Months for In-Box Accessories"
158,"Ultimus Apex Pro",19990,3.3,18,https://www.flipkart.com/ultimus-apex-pro-intel-pentium-quad-core-n4200-4-gb-128-gb-ssd-128-emmc-storage-windows-11-home-nu14u8inc54ls-sg-laptop/p/itm57488f91f02c8?pid=COMHMGEHKYSXQHGY&lid=LSTCOMHMGEHKYSXQHGYMPSKLY&marketplace=FLIPKART&q=laptop&store=6bo%2Fb5g&spotlightTagId=default_TrendingId_6bo%2Fb5g&srno=s_1_4&otracker=search&fm=organic&iid=ee753269-5c34-4051-94b6-3152be90bc26.COMHMGEHKYSXQHGY.SEARCH&ppt=sp&ppn=sp&ssid=56f49g3z6o0000001784730917322&qH=312f91285e048e09&ov_redirect=true,"Intel Pentium Quad Core Processor","4 GB DDR3 RAM","Windows 11 Home","128 GB SSD","1 Year Domestic Warranty"
159,"ASUS Vivobook 15 (2025)",42990,4.3,1330,https://www.flipkart.com/asus-vivobook-15-2025-office-2024-m365-basic-intel-core-i3-13th-gen-8-gb-512-gb-ssd-windows-11-home-x1504va-d5321ws-thin-light-laptop/p/itma044347a6922b?pid=COMHGWQY66YNGVFK&lid=LSTCOMHGWQY66YNGVFKYKVYYT&marketplace=FLIPKART&q=laptop&store=6bo%2Fb5g&srno=s_1_5&otracker=search&fm=organic&iid=ee753269-5c34-4051-94b6-3152be90bc26.COMHGWQY66YNGVFK.SEARCH&ppt=None&ppn=None&ssid=56f49g3z6o0000001784730917322&qH=312f91285e048e09&ov_redirect=true,"Intel Core i3 Processor (13th Gen)","8 GB DDR5 RAM","Windows 11 Home","512 GB SSD","1 Year Onsite Warranty"
160,"HP Omnibook 3 2K WUXGA",72990,4.1,11,https://www.flipkart.com/hp-omnibook-3-2k-wuxga-snapdragon-x-16-gb-512-gb-ssd-windows-11-home-14-hz0024qu-laptop/p/itmbd5346cd09abc?pid=COMHZGK2ACSECZB5&lid=LSTCOMHZGK2ACSECZB52ALLPO&marketplace=FLIPKART&q=laptop&store=6bo%2Fb5g&srno=s_1_6&otracker=search&fm=organic&iid=en_kXWkwc5WAOHuBn_u5WwmbbJxdN-ia_TgvRpw6L_mTRA-5DlAARiZKzVMOzrW9hXDJwkPSgI3pWoP4E-2tvBt0xXLCVRPNn1sRr5fpWlzk8hLKG7T6yH8CQx15uhM7w_j&ppt=None&ppn=None&ssid=56f49g3z6o0000001784730917322&qH=312f91285e048e09&ov_redirect=true,"Snapdragon X Processor","16 GB LPDDR5X RAM","Windows 11 Home","512 GB SSD","1 Year Onsite Service"
161,"ASUS Vivobook S14 (2025)",65990,4.5,1398,https://www.flipkart.com/asus-vivobook-s14-2025-office-2024-m365-basic-ai-pc-backlit-keyboard-snapdragon-x-16-gb-512-gb-ssd-windows-11-home-s3407qa-kp020ws-thin-light-laptop/p/itm4be832c0c07b8?pid=COMH9SJ9VPQXUK6T&lid=LSTCOMH9SJ9VPQXUK6TMHCHDN&marketplace=FLIPKART&q=laptop&store=6bo%2Fb5g&srno=s_8_189&otracker=search&fm=organic&iid=0731cde8-d62d-4ec2-b47f-a61956f2df93.COMH9SJ9VPQXUK6T.SEARCH&ppt=sp&ppn=sp&ssid=nf474kq6i80000001784730955705&qH=312f91285e048e09&ov_redirect=true,"Snapdragon X Processor","16 GB LPDDR5X RAM","Windows 11 Home","512 GB SSD","1 Year Onsite Warranty"
162,"ASUS Vivobook 16 (2025)",73990,4.3,116,https://www.flipkart.com/asus-vivobook-16-2025-office-2024-m365-basic-ai-pc-intel-core-ultra-5-series-2-225h-16-gb-512-gb-ssd-windows-11-home-x1607ca-mb139ws-thin-light-laptop/p/itm2c73093a3141d?pid=COMH89EBZSTVX3EU&lid=LSTCOMH89EBZSTVX3EUSRKX1D&marketplace=FLIPKART&q=laptop&store=6bo%2Fb5g&srno=s_8_190&otracker=search&fm=organic&iid=0731cde8-d62d-4ec2-b47f-a61956f2df93.COMH89EBZSTVX3EU.SEARCH&ppt=sp&ppn=sp&ssid=nf474kq6i80000001784730955705&qH=312f91285e048e09&ov_redirect=true,"Intel Core Ultra 5 Processor (Series 2)","16 GB DDR5 RAM","Windows 11 Home","512 GB SSD","1 Year Onsite warranty"
163,"Acer Aspire 3",39938,3.9,3900,https://www.flipkart.com/acer-aspire-3-intel-pentium-quad-core-n6000-12-gb-512-gb-ssd-windows-11-home-a325-45-thin-light-laptop/p/itm9ca67a1a3ea22?pid=COMH59ENQYHDYJGX&lid=LSTCOMH59ENQYHDYJGX1QWEL9&marketplace=FLIPKART&q=laptop&store=6bo%2Fb5g&srno=s_1_7&otracker=search&fm=organic&iid=ee753269-5c34-4051-94b6-3152be90bc26.COMH59ENQYHDYJGX.SEARCH&ppt=None&ppn=None&ssid=56f49g3z6o0000001784730917322&qH=312f91285e048e09&ov_redirect=true,"Intel Pentium Quad Core Processor","12 GB LPDDR4X RAM","Windows 11 Home","512 GB SSD","1 Year International Travelers Warranty (ITW)"
164,"Samsung Galaxy Book5 AI Metal",91990,4.6,463,https://www.flipkart.com/samsung-galaxy-book5-ai-metal-intel-core-ultra-7-255u-16-gb-512-gb-ssd-windows-11-home-np750xhd-thin-light-laptop/p/itma9c081cdbe95d?pid=COMHE4ATBCUTGUYT&lid=LSTCOMHE4ATBCUTGUYTJZ7NHN&marketplace=FLIPKART&q=laptop&store=6bo%2Fb5g&srno=s_8_191&otracker=search&fm=organic&iid=en_cA1BSr0lLjWQLkwtA5oJsIWVTY6wn8H3JgtDrab5ivV931M4q1Q9zvbaqywoM0y4_54vlUw9QAlUFlRYR6QtY8H5LP6GMXD1iSKF2pPmS-RyN_MH3j4kcAm8aeeF2Wos&ppt=sp&ppn=sp&ssid=nf474kq6i80000001784730955705&qH=312f91285e048e09&ov_redirect=true,"Intel Core Ultra 7 Processor","16 GB LPDDR5X RAM","64 bit Windows 11","512 GB SSD","1 Year Manufacturer Warranty for Laptop and 6 Months for In-Box Accessories"
165,"HP OMEN AI",134990,4.5,112,https://www.flipkart.com/hp-omen-ai-amd-ryzen-7-octa-core-350-24-gb-1-tb-ssd-windows-11-home-8-gb-graphics-nvidia-geforce-rtx-5050-16-ap0165ax-gaming-laptop/p/itm5661c90728083?pid=COMHEHHXKFQSABXZ&lid=LSTCOMHEHHXKFQSABXZEF3JCN&marketplace=FLIPKART&q=laptop&store=6bo%2Fb5g&srno=s_8_192&otracker=search&fm=organic&iid=en_cA1BSr0lLjWQLkwtA5oJsIWVTY6wn8H3JgtDrab5ivWHBtnCIV3iwxCzoUmmorf8St8s0FwzStmVNuDw0YIb7vRQYaQqNgqexXd2bqUccoJ8G2a2jyC--PB1ISfmnjJM&ppt=sp&ppn=sp&ssid=nf474kq6i80000001784730955705&qH=312f91285e048e09&ov_redirect=true,"AMD Ryzen AI 7 Octa Core Processor","24 GB DDR5 RAM","Windows 11 Home","1 TB SSD","1 Year Onsite Warranty"
166,"HP 15 (2025)",45990,4,391,https://www.flipkart.com/hp-15-2025-amd-athlon-dual-core-7120u-8-gb-256-gb-ssd-windows-11-home-thin-light-laptop/p/itm356259fbc5fcb?pid=COMHCPHGZXJWVNX2&lid=LSTCOMHCPHGZXJWVNX2EWQHUA&marketplace=FLIPKART&q=laptop&store=6bo%2Fb5g&srno=s_9_209&otracker=search&fm=organic&iid=08a96c62-6f0b-4519-bb71-150411769d3d.COMHCPHGZXJWVNX2.SEARCH&ppt=sp&ppn=sp&ssid=ldw9f9oe680000001784730961036&qH=312f91285e048e09&ov_redirect=true,"AMD Athlon Dual Core Processor","8 GB DDR4 RAM","64 bit Windows 11 Home","256 GB SSD","1 Year Onsite Warranty"
167,"HP 15",60247,4.2,425,https://www.flipkart.com/hp-15-backlit-keyboard-office-2024-amd-ryzen-7-octa-core-5825u-16-gb-512-gb-ssd-windows-11-home-15-fc0476au-15-fc0533au-thin-light-laptop/p/itm573d0be23b79c?pid=COMHCY2NKZPHHGHT&lid=LSTCOMHCY2NKZPHHGHTYJMO6Y&marketplace=FLIPKART&q=laptop&store=6bo%2Fb5g&srno=s_9_193&otracker=search&fm=organic&iid=08a96c62-6f0b-4519-bb71-150411769d3d.COMHCY2NKZPHHGHT.SEARCH&ppt=sp&ppn=sp&ssid=ldw9f9oe680000001784730961036&qH=312f91285e048e09&ov_redirect=true,"AMD Ryzen 7 Octa Core Processor","16 GB DDR4 RAM","Windows 11 Home","512 GB SSD","1 Year Onsite Warranty"
168,"HP Omnibook 3 2K WUXGA",72990,4.1,11,https://www.flipkart.com/hp-omnibook-3-2k-wuxga-snapdragon-x-16-gb-512-gb-ssd-windows-11-home-14-hz0024qu-laptop/p/itmbd5346cd09abc?pid=COMHZGK2ACSECZB5&lid=LSTCOMHZGK2ACSECZB52ALLPO&marketplace=FLIPKART&q=laptop&store=6bo%2Fb5g&srno=s_9_210&otracker=search&fm=organic&iid=08a96c62-6f0b-4519-bb71-150411769d3d.COMHZGK2ACSECZB5.SEARCH&ppt=sp&ppn=sp&ssid=ldw9f9oe680000001784730961036&qH=312f91285e048e09&ov_redirect=true,"Snapdragon X Processor","16 GB LPDDR5X RAM","Windows 11 Home","512 GB SSD","1 Year Onsite Service"
169,"ASUS TUF Gaming A15 (2025)",73990,4.4,2130,https://www.flipkart.com/asus-tuf-gaming-a15-2025-amd-ryzen-7-7445hs-16-gb-512-gb-ssd-windows-11-home-4-graphics-nvidia-geforce-rtx-3050-144-hz-fa506ncg-hn199w-laptop/p/itmca7ce1e457d2f?pid=COMHEDHRYUAEEEJG&lid=LSTCOMHEDHRYUAEEEJGWOPSSC&marketplace=FLIPKART&q=laptop&store=6bo%2Fb5g&srno=s_9_194&otracker=search&fm=organic&iid=08a96c62-6f0b-4519-bb71-150411769d3d.COMHEDHRYUAEEEJG.SEARCH&ppt=sp&ppn=sp&ssid=ldw9f9oe680000001784730961036&qH=312f91285e048e09&ov_redirect=true,"AMD Ryzen 7 Processor","16 GB DDR5 RAM","Windows 11 Home","512 GB SSD","1 Year Onsite Warranty"
170,"ASUS VivoBook 14",50990,4.3,640,https://www.flipkart.com/asus-vivobook-14-intel-core-i3-11th-gen-1115g4-8-gb-256-gb-ssd-windows-11-home-x415ea-ek342ws-thin-light-laptop/p/itm4e269d8e445e4?pid=COMGBHPFAFAWGKHE&lid=LSTCOMGBHPFAFAWGKHEZLNX0L&marketplace=FLIPKART&q=laptop&store=6bo%2Fb5g&srno=s_9_195&otracker=search&fm=organic&iid=08a96c62-6f0b-4519-bb71-150411769d3d.COMGBHPFAFAWGKHE.SEARCH&ppt=sp&ppn=sp&ssid=ldw9f9oe680000001784730961036&qH=312f91285e048e09&ov_redirect=true,"Intel Core i3 Processor (11th Gen)","8 GB DDR4 RAM","64 bit Windows 11","256 GB SSD","1 Year Onsite Warranty"
171,"ASUS Vivobook Go 15 (2026)",56990,4.2,13,https://www.flipkart.com/asus-vivobook-go-15-2026-office-2024-m365-basic-amd-ryzen-5-quad-core-40-8-gb-512-gb-ssd-windows-11-home-e1504fa-bq2115ws-thin-light-laptop/p/itm74e646108b695?pid=COMHKDXBYENCYSPQ&lid=LSTCOMHKDXBYENCYSPQH9HJP6&marketplace=FLIPKART&q=laptop&store=6bo%2Fb5g&srno=s_9_196&otracker=search&fm=organic&iid=08a96c62-6f0b-4519-bb71-150411769d3d.COMHKDXBYENCYSPQ.SEARCH&ppt=sp&ppn=sp&ssid=ldw9f9oe680000001784730961036&qH=312f91285e048e09&ov_redirect=true,"AMD Ryzen 5 Quad Core Processor","8 GB DDR5 RAM","Windows 11 Home","512 GB SSD","1 Year Onsite Warranty"
172,"HP 14 AI PC",85990,4.1,790,https://www.flipkart.com/hp-14-ai-pc-intel-core-ultra-7-155h-16-gb-1-tb-ssd-windows-11-home-14-ep1152tu-thin-light-laptop/p/itm448874079369f?pid=COMHG98EXZ3AJYZN&lid=LSTCOMHG98EXZ3AJYZNODD67U&marketplace=FLIPKART&q=laptop&store=6bo%2Fb5g&srno=s_9_211&otracker=search&fm=organic&iid=en_lJQMZ6fAebm4BGtp5cX7RMlZLUqv96guGRxDb1Fx560fg4YRuKZZWytqaHWJ08DBC6YBzjaUMmK47SGkba_3oSGkgDYpheMzpTOfbcb9jJoKKresYsQ-S8YqTaNkbBPe&ppt=sp&ppn=sp&ssid=ldw9f9oe680000001784730961036&qH=312f91285e048e09&ov_redirect=true,"Intel Core Ultra 7 Processor","16 GB DDR5 RAM","Windows 11 Home","1 TB SSD","1 Year Onsite Warranty"
173,"Samsung Galaxy Book5 AI Metal",84990,4.6,837,https://www.flipkart.com/samsung-galaxy-book5-ai-metal-intel-core-ultra-5-225u-16-gb-512-gb-ssd-windows-11-home-np750xhd-thin-light-laptop/p/itmc33d2563d0ffc?pid=COMHE4ATPCZ9FXRP&lid=LSTCOMHE4ATPCZ9FXRP7N1GVG&marketplace=FLIPKART&q=laptop&store=6bo%2Fb5g&srno=s_9_212&otracker=search&fm=organic&iid=en_lJQMZ6fAebm4BGtp5cX7RMlZLUqv96guGRxDb1Fx563aBBD7yeHvmkrcJn536ATs3WHJiuMjlX0EHxFVCjPkyeUBYPBIqgZE3mSuDz4Hsbl0XnYIaSr2wkPhYsVeTtDt&ppt=sp&ppn=sp&ssid=ldw9f9oe680000001784730961036&qH=312f91285e048e09&ov_redirect=true,"Intel Core Ultra 5 Processor","16 GB LPDDR5X RAM","64 bit Windows 11","512 GB SSD","1 Year Manufacturer Warranty for Laptop and 6 Months for In-Box Accessories"
174,"Samsung Galaxy Book4 Metal",56990,4.4,19735,https://www.flipkart.com/samsung-galaxy-book4-metal-intel-core-i5-13th-gen-1335u-8-gb-512-gb-ssd-windows-11-home-np750xgj-kg1in-np750xgj-lg1in-np750xgj-lg6in-thin-light-laptop/p/itm1df5212efb9fc?pid=COMGZUYDFZXHWYWZ&lid=LSTCOMGZUYDFZXHWYWZJ6V2KW&marketplace=FLIPKART&q=laptop&store=6bo%2Fb5g&srno=s_9_197&otracker=search&fm=organic&iid=en_lJQMZ6fAebm4BGtp5cX7RMlZLUqv96guGRxDb1Fx5611_ioK8I8jDJ4XFECa5DySsfGME0kkMQMICwGxasfmZSpiZoP3ZcDDMuaOuWFYumN0XnYIaSr2wkPhYsVeTtDt&ppt=sp&ppn=sp&ssid=ldw9f9oe680000001784730961036&qH=312f91285e048e09&ov_redirect=true,"Intel Core i5 Processor (13th Gen)","8 GB LPDDR4X RAM","64 bit Windows 11","512 GB SSD","1 Year Manufacturer Warranty for Laptop and 6 Months for In-Box Accessories"
175,"ASUS Vivobook Go 15 (2026)",48990,4,25,https://www.flipkart.com/asus-vivobook-go-15-2026-office-2024-m365-basic-amd-ryzen-3-quad-core-30-8-gb-512-gb-ssd-windows-11-home-e1504fa-bq2114ws-thin-light-laptop/p/itm1dbfd91b9e36d?pid=COMHKDXBRJJG5JH7&lid=LSTCOMHKDXBRJJG5JH71RFLWK&marketplace=FLIPKART&q=laptop&store=6bo%2Fb5g&srno=s_9_213&otracker=search&fm=organic&iid=08a96c62-6f0b-4519-bb71-150411769d3d.COMHKDXBRJJG5JH7.SEARCH&ppt=sp&ppn=sp&ssid=ldw9f9oe680000001784730961036&qH=312f91285e048e09&ov_redirect=true,"AMD Ryzen 3 Quad Core Processor","8 GB DDR5 RAM","Windows 11 Home","512 GB SSD","1 Year Onsite Warranty"
176,"HP 15 (i3 14th Gen)",50843,4.2,1654,https://www.flipkart.com/hp-15-i3-14th-gen-intel-core-3-100u-8-gb-512-gb-ssd-windows-11-home-15-fd1253tu-15-fd1225tu-thin-light-laptop/p/itm09491ad4135b2?pid=COMHBFRJDZSGPFKZ&lid=LSTCOMHBFRJDZSGPFKZV8MOEQ&marketplace=FLIPKART&q=laptop&store=6bo%2Fb5g&srno=s_9_214&otracker=search&fm=organic&iid=08a96c62-6f0b-4519-bb71-150411769d3d.COMHBFRJDZSGPFKZ.SEARCH&ppt=sp&ppn=sp&ssid=ldw9f9oe680000001784730961036&qH=312f91285e048e09&ov_redirect=true,"Intel Core 3 Processor","8 GB DDR4 RAM","64 bit Windows 11 Home","512 GB SSD","1 Year Onsite Warranty"
177,"ASUS Chromebook",23990,3.8,3061,https://www.flipkart.com/asus-chromebook-intel-celeron-dual-core-n4500-8-gb-128-gb-emmc-storage-chrome-os-cx1500cka-nj0395/p/itmc1d20ec9ce589?pid=COMGSHM3TFHNHXEU&lid=LSTCOMGSHM3TFHNHXEUHQG9AK&marketplace=FLIPKART&q=laptop&store=6bo%2Fb5g&srno=s_9_216&otracker=search&fm=organic&iid=08a96c62-6f0b-4519-bb71-150411769d3d.COMGSHM3TFHNHXEU.SEARCH&ppt=sp&ppn=sp&ssid=ldw9f9oe680000001784730961036&qH=312f91285e048e09&ov_redirect=true,"Intel Celeron Dual Core Processor","8 GB LPDDR4X RAM","64 bit ChromeOS",NULL,"1 Year Onsite Warranty"
178,"Samsung Galaxy Book4 Metal",56990,4.4,19735,https://www.flipkart.com/samsung-galaxy-book4-metal-intel-core-i5-13th-gen-1335u-8-gb-512-gb-ssd-windows-11-home-np750xgj-kg1in-np750xgj-lg1in-np750xgj-lg6in-thin-light-laptop/p/itm1df5212efb9fc?pid=COMGZUYDFZXHWYWZ&lid=LSTCOMGZUYDFZXHWYWZJ6V2KW&marketplace=FLIPKART&q=laptop&store=6bo%2Fb5g&srno=s_10_217&otracker=search&fm=organic&iid=en_GpZGeYaDB5CsX_LtkzfG-w42lWRF0_xGIS3WXd8UeE6u6H1vityVbq1DxnJ-EBgfsfGME0kkMQMICwGxasfmZSpiZoP3ZcDDMuaOuWFYumNscc0SicV-cqMEV76ZU8LC&ppt=sp&ppn=sp&ssid=djmcx9gpsg0000001784730966598&qH=312f91285e048e09&ov_redirect=true,"Intel Core i5 Processor (13th Gen)","8 GB LPDDR4X RAM","64 bit Windows 11","512 GB SSD","1 Year Manufacturer Warranty for Laptop and 6 Months for In-Box Accessories"
179,"Samsung Galaxy Book4 Metal",57490,4.4,10670,https://www.flipkart.com/samsung-galaxy-book4-metal-intel-core-i3-13th-gen-1315u-8-gb-512-gb-ssd-windows-11-home-np750xgj-lg9in-thin-light-laptop/p/itmc29d559898e6f?pid=COMH4Y6KKRC9YSWE&lid=LSTCOMH4Y6KKRC9YSWERDUMZD&marketplace=FLIPKART&q=laptop&store=6bo%2Fb5g&srno=s_10_218&otracker=search&fm=organic&iid=en_GpZGeYaDB5CsX_LtkzfG-w42lWRF0_xGIS3WXd8UeE4SJvmc2M16_MBd8wW_qduQVqKfzRTPmTYCvEc1OQ2_kCChg9vAnpscSdI7uOc1ZHVscc0SicV-cqMEV76ZU8LC&ppt=sp&ppn=sp&ssid=djmcx9gpsg0000001784730966598&qH=312f91285e048e09&ov_redirect=true,"Intel Core i3 Processor (13th Gen)","8 GB LPDDR4X RAM","64 bit Windows 11","512 GB SSD","1 Year Onsite Warranty"
180,"DELL 15 (Previously Inspiron) (2025)",59990,4.3,3519,https://www.flipkart.com/dell-15-previously-inspiron-2025-microsoft-office-home-2024-amd-ryzen-5-hexa-core-7530u-16-gb-512-gb-ssd-windows-11-home-3535-15dc15255-thin-light-laptop/p/itm672bf7685863c?pid=COMH8EPFGAZ5HFM3&lid=LSTCOMH8EPFGAZ5HFM3UCBKL5&marketplace=FLIPKART&q=laptop&store=6bo%2Fb5g&srno=s_10_219&otracker=search&fm=organic&iid=ef19066e-9fed-4154-9e5c-e4e01be84a47.COMH8EPFGAZ5HFM3.SEARCH&ppt=sp&ppn=sp&ssid=djmcx9gpsg0000001784730966598&qH=312f91285e048e09&ov_redirect=true,"AMD Ryzen 5 Hexa Core Processor","16 GB DDR4 RAM","Windows 11","512 GB SSD","1 Year Onsite Warranty"
181,"DELL 14",102990,4.3,4,https://www.flipkart.com/dell-14-microsoft-office-home-2024-intel-core-ultra-7-256v-16-gb-512-gb-ssd-windows-11-home-db04250-2-1-laptop/p/itmad82e5bcc1ea9?pid=COMHF4WYW2NRZZ7E&lid=LSTCOMHF4WYW2NRZZ7ELL3XAR&marketplace=FLIPKART&q=laptop&store=6bo%2Fb5g&srno=s_10_220&otracker=search&fm=organic&iid=ef19066e-9fed-4154-9e5c-e4e01be84a47.COMHF4WYW2NRZZ7E.SEARCH&ppt=sp&ppn=sp&ssid=djmcx9gpsg0000001784730966598&qH=312f91285e048e09&ov_redirect=true,"Intel Core Ultra 7 Processor","16 GB LPDDR5X RAM","Windows 11","512 GB SSD","1 Year Onsite Hardware Service"
182,"HP Omnibook 3 2K WUXGA",72990,4.1,11,https://www.flipkart.com/hp-omnibook-3-2k-wuxga-snapdragon-x-16-gb-512-gb-ssd-windows-11-home-14-hz0024qu-laptop/p/itmbd5346cd09abc?pid=COMHZGK2ACSECZB5&lid=LSTCOMHZGK2ACSECZB52ALLPO&marketplace=FLIPKART&q=laptop&store=6bo%2Fb5g&srno=s_10_221&otracker=search&fm=organic&iid=en_GpZGeYaDB5CsX_LtkzfG-w42lWRF0_xGIS3WXd8UeE4M9teuy8d4T7GBVMJhsmbgQDaMOpjaAqIhVlr2eDOqkK8WMJxc_eOD3pdFe_35DQVscc0SicV-cqMEV76ZU8LC&ppt=sp&ppn=sp&ssid=djmcx9gpsg0000001784730966598&qH=312f91285e048e09&ov_redirect=true,"Snapdragon X Processor","16 GB LPDDR5X RAM","Windows 11 Home","512 GB SSD","1 Year Onsite Service"
183,"HP 15 (i5 14th Gen)",82990,4.2,195,https://www.flipkart.com/hp-15-i5-14th-gen-intel-core-5-120u-24-gb-512-gb-ssd-windows-11-home-15-fd0262tu-thin-light-laptop/p/itm027a3317f4ff9?pid=COMHM94A7PHVCQT7&lid=LSTCOMHM94A7PHVCQT7QTPOH7&marketplace=FLIPKART&q=laptop&store=6bo%2Fb5g&srno=s_10_222&otracker=search&fm=organic&iid=en_GpZGeYaDB5CsX_LtkzfG-w42lWRF0_xGIS3WXd8UeE59_mr7X2FXycSxdRJHyAn8ajNODExQ3AD2YwLVEpFEnHQxmIaeT1eVU6lHR1JOxyBscc0SicV-cqMEV76ZU8LC&ppt=sp&ppn=sp&ssid=djmcx9gpsg0000001784730966598&qH=312f91285e048e09&ov_redirect=true,"Intel Core 5 Processor","24 GB DDR5 RAM","Windows 11 Home","512 GB SSD","1 Year Onsite Service"
184,"Samsung Galaxy Book4 Metal",57490,4.4,10670,https://www.flipkart.com/samsung-galaxy-book4-metal-intel-core-i3-13th-gen-1315u-8-gb-512-gb-ssd-windows-11-home-np750xgj-lg9in-thin-light-laptop/p/itmc29d559898e6f?pid=COMH4Y6KKRC9YSWE&lid=LSTCOMH4Y6KKRC9YSWERDUMZD&marketplace=FLIPKART&q=laptop&store=6bo%2Fb5g&srno=s_9_198&otracker=search&fm=organic&iid=en_lJQMZ6fAebm4BGtp5cX7RMlZLUqv96guGRxDb1Fx561FYRzkNkSWNCd2uk62aSK9VqKfzRTPmTYCvEc1OQ2_kCChg9vAnpscSdI7uOc1ZHV0XnYIaSr2wkPhYsVeTtDt&ppt=sp&ppn=sp&ssid=ldw9f9oe680000001784730961036&qH=312f91285e048e09&ov_redirect=true,"Intel Core i3 Processor (13th Gen)","8 GB LPDDR4X RAM","64 bit Windows 11","512 GB SSD","1 Year Onsite Warranty"
185,"HP 255 G10",48690,4,436,https://www.flipkart.com/hp-255-g10-amd-athlon-dual-core-7120u-8-gb-256-gb-ssd-windows-11-home-thin-light-laptop/p/itm0994d96e22416?pid=COMHBCNY8DX2T7HY&lid=LSTCOMHBCNY8DX2T7HYEDW9AM&marketplace=FLIPKART&q=laptop&store=6bo%2Fb5g&srno=s_10_223&otracker=search&fm=organic&iid=ef19066e-9fed-4154-9e5c-e4e01be84a47.COMHBCNY8DX2T7HY.SEARCH&ppt=sp&ppn=sp&ssid=djmcx9gpsg0000001784730966598&qH=312f91285e048e09&ov_redirect=true,"AMD Athlon Dual Core Processor","8 GB LPDDR5 RAM","64 bit Windows 11","256 GB SSD","1 Year Onsite Warranty"
186,"Acer Aspire 15",55182,4.2,4148,https://www.flipkart.com/acer-aspire-15-amd-ryzen-5-hexa-core-7430u-8-gb-512-gb-ssd-windows-11-home-a325-42-thin-light-laptop/p/itmdaf15e01a1d1a?pid=COMH397XVTZNMYGX&lid=LSTCOMH397XVTZNMYGXQEL4JT&marketplace=FLIPKART&q=laptop&store=6bo%2Fb5g&srno=s_9_199&otracker=search&fm=organic&iid=08a96c62-6f0b-4519-bb71-150411769d3d.COMH397XVTZNMYGX.SEARCH&ppt=sp&ppn=sp&ssid=ldw9f9oe680000001784730961036&qH=312f91285e048e09&ov_redirect=true,"AMD Ryzen 5 Hexa Core Processor","8 GB DDR4 RAM","Windows 11","512 GB SSD","1 Year Carry-in Warranty"
187,"Acer Swift Neo",60990,4.1,714,https://www.flipkart.com/acer-swift-neo-office-2024-m365-basic-intel-core-ultra-5-115u-16-gb-1-tb-ssd-windows-11-home-sfn14-54h-thin-light-laptop/p/itm6985fa8acc1b8?pid=COMHFCR6SKGHBN4V&lid=LSTCOMHFCR6SKGHBN4VDWORVQ&marketplace=FLIPKART&q=laptop&store=6bo%2Fb5g&srno=s_10_224&otracker=search&fm=organic&iid=ef19066e-9fed-4154-9e5c-e4e01be84a47.COMHFCR6SKGHBN4V.SEARCH&ppt=sp&ppn=sp&ssid=djmcx9gpsg0000001784730966598&qH=312f91285e048e09&ov_redirect=true,"Intel Core Ultra 5 Processor","16 GB LPDDR5 RAM","64 bit Windows 11 Home","1 TB SSD","1 Year Warranty"
188,"MICROSOFT Surface Pro 12"",109198,5,5,https://www.flipkart.com/microsoft-surface-pro-12-type-cover-core-8-365-6-months-snapdragon-x-plus-16-gb-256-gb-ssd-windows-11-home-ep2-27654-ep2-32019-laptop/p/itm1adddaf77a282?pid=COMHJZJYUHVPGHHB&lid=LSTCOMHJZJYUHVPGHHBUF9HZX&marketplace=FLIPKART&q=laptop&store=6bo%2Fb5g&srno=s_9_200&otracker=search&fm=organic&iid=08a96c62-6f0b-4519-bb71-150411769d3d.COMHJZJYUHVPGHHB.SEARCH&ppt=sp&ppn=sp&ssid=ldw9f9oe680000001784730961036&qH=312f91285e048e09&ov_redirect=true,"Snapdragon X Plus Processor","16 GB LPDDR5X RAM","64 bit Windows 11","256 GB SSD","1 Year Limited Warranty"
189,"MOTOROLA Motobook 60 Pro Full Metal AI PC WUXGA OLED",79990,4.5,642,https://www.flipkart.com/motorola-motobook-60-pro-full-metal-ai-pc-wuxga-oled-intel-core-ultra-5-225h-16-gb-512-gb-ssd-windows-11-home-14iah101-thin-light-laptop/p/itm9ac7ced9934c6?pid=COMHZJ49YH3QPGEF&lid=LSTCOMHZJ49YH3QPGEFTQPFVN&marketplace=FLIPKART&q=laptop&store=6bo%2Fb5g&srno=s_10_225&otracker=search&fm=organic&iid=ef19066e-9fed-4154-9e5c-e4e01be84a47.COMHZJ49YH3QPGEF.SEARCH&ppt=sp&ppn=sp&ssid=djmcx9gpsg0000001784730966598&qH=312f91285e048e09&ov_redirect=true,"Intel Core Ultra 5 Processor","16 GB DDR5 RAM","64 bit Windows 11","512 GB SSD","1 Year Onsite Service"
190,"HP Omnibook 3 2K WUXGA",72990,4.1,11,https://www.flipkart.com/hp-omnibook-3-2k-wuxga-snapdragon-x-16-gb-512-gb-ssd-windows-11-home-14-hz0024qu-laptop/p/itmbd5346cd09abc?pid=COMHZGK2ACSECZB5&lid=LSTCOMHZGK2ACSECZB52ALLPO&marketplace=FLIPKART&q=laptop&store=6bo%2Fb5g&srno=s_9_201&otracker=search&fm=organic&iid=en_lJQMZ6fAebm4BGtp5cX7RMlZLUqv96guGRxDb1Fx56079OD9zqOMvrWTBtctNf7NQDaMOpjaAqIhVlr2eDOqkK8WMJxc_eOD3pdFe_35DQV0XnYIaSr2wkPhYsVeTtDt&ppt=sp&ppn=sp&ssid=ldw9f9oe680000001784730961036&qH=312f91285e048e09&ov_redirect=true,"Snapdragon X Processor","16 GB LPDDR5X RAM","Windows 11 Home","512 GB SSD","1 Year Onsite Service"
191,"DELL 15 (Previouly Inspiron)",57990,4.5,6,https://www.flipkart.com/dell-15-previouly-inspiron-amd-ryzen-5-quad-core-7520u-8-gb-512-gb-ssd-windows-11-home-dc15255-thin-light-laptop/p/itmb80bb4e819164?pid=COMHDXXUHGDCHMQX&lid=LSTCOMHDXXUHGDCHMQXUEUE9X&marketplace=FLIPKART&q=laptop&store=6bo%2Fb5g&srno=s_9_202&otracker=search&fm=organic&iid=en_lJQMZ6fAebm4BGtp5cX7RMlZLUqv96guGRxDb1Fx562XUf6x3vjJhxF1OMb2UmKYKS7KjhXWMehRCKPAR7kLILb6bL0Zx_kaK68EeWHdQeB0XnYIaSr2wkPhYsVeTtDt&ppt=sp&ppn=sp&ssid=ldw9f9oe680000001784730961036&qH=312f91285e048e09&ov_redirect=true,"AMD Ryzen 5 Quad Core Processor","8 GB LPDDR5 RAM","Windows 11","512 GB SSD","1 Year Onsite Warranty"
192,"Acer Aspire 3",49900,3.8,2061,https://www.flipkart.com/acer-aspire-3-intel-celeron-dual-core-n4500-12-gb-512-gb-ssd-windows-11-home-a325-45-thin-light-laptop/p/itm9ca67a1a3ea22?pid=COMH2TPSHCGYHHH8&lid=LSTCOMH2TPSHCGYHHH8SPQAPZ&marketplace=FLIPKART&q=laptop&store=6bo%2Fb5g&srno=s_9_203&otracker=search&fm=organic&iid=08a96c62-6f0b-4519-bb71-150411769d3d.COMH2TPSHCGYHHH8.SEARCH&ppt=sp&ppn=sp&ssid=ldw9f9oe680000001784730961036&qH=312f91285e048e09&ov_redirect=true,"Intel Celeron Dual Core Processor","12 GB LPDDR4X RAM","Windows 11","512 GB SSD","1 Year Onsite Warranty"
193,"ASUS Vivobook Go 15 OLED",45990,4.4,4484,https://www.flipkart.com/asus-vivobook-go-15-oled-amd-ryzen-3-quad-core-7320u-8-gb-512-gb-ssd-windows-11-home-e1504fa-lk321ws-thin-light-laptop/p/itm3de88f71e558b?pid=COMGMGXFB2KYFGZN&lid=LSTCOMGMGXFB2KYFGZN0SV9BA&marketplace=FLIPKART&q=laptop&store=6bo%2Fb5g&srno=s_10_226&otracker=search&fm=organic&iid=ef19066e-9fed-4154-9e5c-e4e01be84a47.COMGMGXFB2KYFGZN.SEARCH&ppt=sp&ppn=sp&ssid=djmcx9gpsg0000001784730966598&qH=312f91285e048e09&ov_redirect=true,"AMD Ryzen 3 Quad Core Processor","8 GB LPDDR5 RAM","64 bit Windows 11","512 GB SSD","1 Year Onsite Warranty"
194,"ASUS Vivobook Go 15 OLED,",54990,4.4,3042,https://www.flipkart.com/asus-vivobook-go-15-oled-backlit-keyboard-amd-ryzen-5-quad-core-7520u-8-gb-512-gb-ssd-windows-11-home-e1504fa-lk521ws-thin-light-laptop/p/itm3de88f71e558b?pid=COMGMGXFT7WWNGYG&lid=LSTCOMGMGXFT7WWNGYGEMFTUI&marketplace=FLIPKART&q=laptop&store=6bo%2Fb5g&srno=s_9_204&otracker=search&fm=organic&iid=08a96c62-6f0b-4519-bb71-150411769d3d.COMGMGXFT7WWNGYG.SEARCH&ppt=sp&ppn=sp&ssid=ldw9f9oe680000001784730961036&qH=312f91285e048e09&ov_redirect=true,"AMD Ryzen 5 Quad Core Processor","8 GB LPDDR5 RAM","Windows 11","512 GB SSD","1 Year Onsite Warranty"
195,"DELL 15 (Previouly Inspiron)",57990,4.5,6,https://www.flipkart.com/dell-15-previouly-inspiron-amd-ryzen-5-quad-core-7520u-8-gb-512-gb-ssd-windows-11-home-dc15255-thin-light-laptop/p/itmb80bb4e819164?pid=COMHDXXUHGDCHMQX&lid=LSTCOMHDXXUHGDCHMQXUEUE9X&marketplace=FLIPKART&q=laptop&store=6bo%2Fb5g&srno=s_10_227&otracker=search&fm=organic&iid=en_GpZGeYaDB5CsX_LtkzfG-w42lWRF0_xGIS3WXd8UeE6smUsTj2pMUtXJFLdUt8zSKS7KjhXWMehRCKPAR7kLICmyONG8u9GUv-mVZHUzBoxscc0SicV-cqMEV76ZU8LC&ppt=sp&ppn=sp&ssid=djmcx9gpsg0000001784730966598&qH=312f91285e048e09&ov_redirect=true,"AMD Ryzen 5 Quad Core Processor","8 GB LPDDR5 RAM","Windows 11","512 GB SSD","1 Year Onsite Warranty"
196,"Lenovo IdeaPad Slim 1",33990,4.2,7228,https://www.flipkart.com/lenovo-ideapad-slim-1-amd-ryzen-5-hexa-core-5500u-16-gb-512-gb-ssd-windows-11-home-15alc7-15alc6-thin-light-laptop/p/itm3680fb576eb7b?pid=COMGN2YDSFGGXYG3&lid=LSTCOMGN2YDSFGGXYG3MJBCRU&marketplace=FLIPKART&q=laptop&store=6bo%2Fb5g&srno=s_9_206&otracker=search&fm=organic&iid=08a96c62-6f0b-4519-bb71-150411769d3d.COMGN2YDSFGGXYG3.SEARCH&ppt=sp&ppn=sp&ssid=ldw9f9oe680000001784730961036&qH=312f91285e048e09&ov_redirect=true,"AMD Ryzen 5 Hexa Core Processor","16 GB DDR4 RAM","64 bit Windows 11","512 GB SSD","1 Year Onsite Warranty"
197,"HP 14 AI PC",85990,4.1,790,https://www.flipkart.com/hp-14-ai-pc-intel-core-ultra-7-155h-16-gb-1-tb-ssd-windows-11-home-14-ep1152tu-thin-light-laptop/p/itm448874079369f?pid=COMHG98EXZ3AJYZN&lid=LSTCOMHG98EXZ3AJYZNODD67U&marketplace=FLIPKART&q=laptop&store=6bo%2Fb5g&srno=s_10_228&otracker=search&fm=organic&iid=en_GpZGeYaDB5CsX_LtkzfG-w42lWRF0_xGIS3WXd8UeE4ACMkLv2tw2pz4kcQU3ztbn9sG8qIKSbGwDcGdLV_LgSGkgDYpheMzpTOfbcb9jJpfeeNxEXn4adYC9S9CjkyZ&ppt=sp&ppn=sp&ssid=djmcx9gpsg0000001784730966598&qH=312f91285e048e09&ov_redirect=true,"Intel Core Ultra 7 Processor","16 GB DDR5 RAM","Windows 11 Home","1 TB SSD","1 Year Onsite Warranty"
198,"HP 15 (i5 14th Gen)",82990,4.2,195,https://www.flipkart.com/hp-15-i5-14th-gen-intel-core-5-120u-24-gb-512-gb-ssd-windows-11-home-15-fd0262tu-thin-light-laptop/p/itm027a3317f4ff9?pid=COMHM94A7PHVCQT7&lid=LSTCOMHM94A7PHVCQT7QTPOH7&marketplace=FLIPKART&q=laptop&store=6bo%2Fb5g&srno=s_9_207&otracker=search&fm=organic&iid=en_lJQMZ6fAebm4BGtp5cX7RMlZLUqv96guGRxDb1Fx563JanoCRs2koMLf7QgvVs95ajNODExQ3AD2YwLVEpFEnL-0TByd-y2aowfbZcqv2qB0XnYIaSr2wkPhYsVeTtDt&ppt=sp&ppn=sp&ssid=ldw9f9oe680000001784730961036&qH=312f91285e048e09&ov_redirect=true,"Intel Core 5 Processor","24 GB DDR5 RAM","Windows 11 Home","512 GB SSD","1 Year Onsite Service"
199,"DELL Inspiron 15 (Core i3 14th Gen)",55990,4.3,193,https://www.flipkart.com/dell-inspiron-15-core-i3-14th-gen-intel-core-3-100u-8-gb-512-gb-ssd-windows-11-home-dc15250-thin-light-laptop/p/itmf98b77e821f82?pid=COMHDWZ63ZXXJTNF&lid=LSTCOMHDWZ63ZXXJTNFND75LO&marketplace=FLIPKART&q=laptop&store=6bo%2Fb5g&srno=s_10_229&otracker=search&fm=organic&iid=ef19066e-9fed-4154-9e5c-e4e01be84a47.COMHDWZ63ZXXJTNF.SEARCH&ppt=sp&ppn=sp&ssid=djmcx9gpsg0000001784730966598&qH=312f91285e048e09&ov_redirect=true,"Intel Core 3 Processor","8 GB DDR4 RAM","Windows 11","512 GB SSD","1 Year Onsite Warranty"
200,"HP 14 AI PC",79990,4.1,790,https://www.flipkart.com/hp-14-ai-pc-intel-core-ultra-7-155h-16-gb-512-gb-ssd-windows-11-home-14-ep1151tu-14-gr1036tu-14-ep1151tu-thin-light-laptop/p/itm4c681812b88bf?pid=COMHF8G932EYZAJF&lid=LSTCOMHF8G932EYZAJFOUI9CA&marketplace=FLIPKART&q=laptop&store=6bo%2Fb5g&srno=s_9_208&otracker=search&fm=organic&iid=en_lJQMZ6fAebm4BGtp5cX7RMlZLUqv96guGRxDb1Fx562hr3YhuY6I0UB-CvNZwu61q1hjzYDbDbYctS2-qOIVIqU4JGq2qGfuCYjFJWjKqlQKKresYsQ-S8YqTaNkbBPe&ppt=sp&ppn=sp&ssid=ldw9f9oe680000001784730961036&qH=312f91285e048e09&ov_redirect=true,"Intel Core Ultra 7 Processor","16 GB DDR5 RAM","Windows 11 Home","512 GB SSD","1 Year Onsite Warranty"
201,"HP 14 AI PC",79990,4.1,790,https://www.flipkart.com/hp-14-ai-pc-intel-core-ultra-7-155h-16-gb-512-gb-ssd-windows-11-home-14-ep1151tu-14-gr1036tu-14-ep1151tu-thin-light-laptop/p/itm4c681812b88bf?pid=COMHF8G932EYZAJF&lid=LSTCOMHF8G932EYZAJFOUI9CA&marketplace=FLIPKART&q=laptop&store=6bo%2Fb5g&srno=s_10_231&otracker=search&fm=organic&iid=en_GpZGeYaDB5CsX_LtkzfG-w42lWRF0_xGIS3WXd8UeE48yzUfkS7K172NeORxPXG53zzcGhlXkGO1hWP1UU6KY6U4JGq2qGfuCYjFJWjKqlRfeeNxEXn4adYC9S9CjkyZ&ppt=sp&ppn=sp&ssid=djmcx9gpsg0000001784730966598&qH=312f91285e048e09&ov_redirect=true,"Intel Core Ultra 7 Processor","16 GB DDR5 RAM","Windows 11 Home","512 GB SSD","1 Year Onsite Warranty"
202,"Samsung Galaxy Book5 AI Metal",91990,4.6,463,https://www.flipkart.com/samsung-galaxy-book5-ai-metal-intel-core-ultra-7-255u-16-gb-512-gb-ssd-windows-11-home-np750xhd-thin-light-laptop/p/itma9c081cdbe95d?pid=COMHE4ATBCUTGUYT&lid=LSTCOMHE4ATBCUTGUYTJZ7NHN&marketplace=FLIPKART&q=laptop&store=6bo%2Fb5g&srno=s_10_232&otracker=search&fm=organic&iid=en_GpZGeYaDB5CsX_LtkzfG-w42lWRF0_xGIS3WXd8UeE6hQoMVoIpILV73NG31ln7w_54vlUw9QAlUFlRYR6QtY-UBYPBIqgZE3mSuDz4Hsblscc0SicV-cqMEV76ZU8LC&ppt=sp&ppn=sp&ssid=djmcx9gpsg0000001784730966598&qH=312f91285e048e09&ov_redirect=true,"Intel Core Ultra 7 Processor","16 GB LPDDR5X RAM","64 bit Windows 11","512 GB SSD","1 Year Manufacturer Warranty for Laptop and 6 Months for In-Box Accessories"
203,"HP Omen",137142,4.1,10,https://www.flipkart.com/hp-omen-amd-ryzen-7-octa-core-7840hs-16-gb-1-tb-ssd-windows-11-home-8-gb-graphics-nvidia-geforce-rtx-4060-165-hz-xd0020ax-gaming-laptop/p/itm7991b9400c775?pid=COMH8Z22R5VV34QQ&lid=LSTCOMH8Z22R5VV34QQMOPQCU&marketplace=FLIPKART&q=laptop&store=6bo%2Fb5g&srno=s_10_234&otracker=search&fm=organic&iid=ef19066e-9fed-4154-9e5c-e4e01be84a47.COMH8Z22R5VV34QQ.SEARCH&ppt=sp&ppn=sp&ssid=djmcx9gpsg0000001784730966598&qH=312f91285e048e09&ov_redirect=true,"AMD Ryzen 7 Octa Core Processor","16 GB DDR5 RAM","Windows 11 Home","1 TB SSD","1 Year Carry-in Warranty"
204,"Acer Aspire Lite",47990,4.1,1615,https://www.flipkart.com/acer-aspire-lite-amd-ryzen-3-quad-core-5300u-16-gb-512-gb-ssd-windows-11-home-al15-41-thin-light-laptop/p/itm1bc0bcb4598e7?pid=COMH28U4WDFBUKP3&lid=LSTCOMH28U4WDFBUKP3PFEZVB&marketplace=FLIPKART&q=laptop&store=6bo%2Fb5g&srno=s_11_243&otracker=search&fm=organic&iid=76bb05b8-dc9e-46ea-845e-1811079c6399.COMH28U4WDFBUKP3.SEARCH&ppt=sp&ppn=sp&ssid=hylpv6wpog0000001784730971962&qH=312f91285e048e09&ov_redirect=true,"AMD Ryzen 3 Quad Core Processor","16 GB DDR4 RAM","Windows 11","512 GB SSD","1 Year Carry-in Warranty"
205,"ASUS ExpertBook P1",84990,4.3,995,https://www.flipkart.com/asus-expertbook-p1-intel-core-i7-13th-gen-13620h-32-gb-512-gb-ssd-windows-11-home-p1403cva-s60940ws-thin-light-laptop/p/itmc8b94112958cf?pid=COMH8Z2QT98FWRGH&lid=LSTCOMH8Z2QT98FWRGHHOIA2G&marketplace=FLIPKART&q=laptop&store=6bo%2Fb5g&srno=s_10_235&otracker=search&fm=organic&iid=ef19066e-9fed-4154-9e5c-e4e01be84a47.COMH8Z2QT98FWRGH.SEARCH&ppt=sp&ppn=sp&ssid=djmcx9gpsg0000001784730966598&qH=312f91285e048e09&ov_redirect=true,"Intel Core i7 Processor (13th Gen)","32 GB DDR5 RAM","64 bit Windows 11 Home","512 GB SSD","1 Year Onsite Warranty"
206,"HP Victus (i7 14th Gen)",124319,4.3,20,https://www.flipkart.com/hp-victus-i7-14th-gen-intel-core-7-240h-24-gb-1-tb-ssd-windows-11-home-8-gb-graphics-nvidia-geforce-rtx-5050-15-fa2409tx-gaming-laptop/p/itmd695a3eede2c4?pid=COMHGFYMMZYA4VYV&lid=LSTCOMHGFYMMZYA4VYVRFIKC5&marketplace=FLIPKART&q=laptop&store=6bo%2Fb5g&srno=s_11_244&otracker=search&fm=organic&iid=76bb05b8-dc9e-46ea-845e-1811079c6399.COMHGFYMMZYA4VYV.SEARCH&ppt=sp&ppn=sp&ssid=hylpv6wpog0000001784730971962&qH=312f91285e048e09&ov_redirect=true,"Intel Core 7 Processor","24 GB DDR5 RAM","Windows 11 Home","1 TB SSD","1 Year Onsite Warranty"
207,"ASUS Vivobook 14 (2025)",68990,4.4,37,https://www.flipkart.com/asus-vivobook-14-2025-office-2024-m365-basic-i5-14th-gen-intel-core-5-120u-16-gb-512-gb-ssd-windows-11-home-x1404vap-eb542ws-x1404vap-eb1542ws-thin-light-laptop/p/itm36dfaa305203e?pid=COMHEDHRGABJG29C&lid=LSTCOMHEDHRGABJG29CZC2TR1&marketplace=FLIPKART&q=laptop&store=6bo%2Fb5g&srno=s_10_236&otracker=search&fm=organic&iid=ef19066e-9fed-4154-9e5c-e4e01be84a47.COMHEDHRGABJG29C.SEARCH&ppt=sp&ppn=sp&ssid=djmcx9gpsg0000001784730966598&qH=312f91285e048e09&ov_redirect=true,"Intel Core 5 Processor","16 GB DDR4 RAM","Windows 11 Home","512 GB SSD","1 Year Onsite Warranty"
208,"Samsung Galaxy Book5 AI Metal",84990,4.6,837,https://www.flipkart.com/samsung-galaxy-book5-ai-metal-intel-core-ultra-5-225u-16-gb-512-gb-ssd-windows-11-home-np750xhd-thin-light-laptop/p/itmc33d2563d0ffc?pid=COMHE4ATPCZ9FXRP&lid=LSTCOMHE4ATPCZ9FXRP7N1GVG&marketplace=FLIPKART&q=laptop&store=6bo%2Fb5g&srno=s_10_237&otracker=search&fm=organic&iid=en_GpZGeYaDB5CsX_LtkzfG-w42lWRF0_xGIS3WXd8UeE7xvRgm9HeUnnon07KsQ-TZ3WHJiuMjlX0EHxFVCjPkycH5LP6GMXD1iSKF2pPmS-Rscc0SicV-cqMEV76ZU8LC&ppt=sp&ppn=sp&ssid=djmcx9gpsg0000001784730966598&qH=312f91285e048e09&ov_redirect=true,"Intel Core Ultra 5 Processor","16 GB LPDDR5X RAM","64 bit Windows 11","512 GB SSD","1 Year Manufacturer Warranty for Laptop and 6 Months for In-Box Accessories"
209,"Acer Aspire 7(i5 14th Gen)",95990,4.8,27,https://www.flipkart.com/acer-aspire-7-i5-14th-gen-intel-core-5-210h-16-gb-512-gb-ssd-windows-11-home-6-graphics-nvidia-geforce-rtx-3050-a715-79g-gaming-laptop/p/itma76d4e57926fd?pid=COMHMQGHHGBCAG4Z&lid=LSTCOMHMQGHHGBCAG4ZLQJNCQ&marketplace=FLIPKART&q=laptop&store=6bo%2Fb5g&srno=s_11_245&otracker=search&fm=organic&iid=76bb05b8-dc9e-46ea-845e-1811079c6399.COMHMQGHHGBCAG4Z.SEARCH&ppt=sp&ppn=sp&ssid=hylpv6wpog0000001784730971962&qH=312f91285e048e09&ov_redirect=true,"Intel Core 5 Processor","16 GB DDR4 RAM","64 bit Windows 11 Home","512 GB SSD","1 Year Onsite Service"
210,"HP OMEN AI",134990,4.5,112,https://www.flipkart.com/hp-omen-ai-amd-ryzen-7-octa-core-350-24-gb-1-tb-ssd-windows-11-home-8-gb-graphics-nvidia-geforce-rtx-5050-16-ap0165ax-gaming-laptop/p/itm5661c90728083?pid=COMHEHHXKFQSABXZ&lid=LSTCOMHEHHXKFQSABXZEF3JCN&marketplace=FLIPKART&q=laptop&store=6bo%2Fb5g&srno=s_10_238&otracker=search&fm=organic&iid=en_GpZGeYaDB5CsX_LtkzfG-w42lWRF0_xGIS3WXd8UeE64b5zaFY8Ik-fY37kn5MtESt8s0FwzStmVNuDw0YIb7vRQYaQqNgqexXd2bqUccoI1kPN98WCVMLxSLqDFA51-&ppt=sp&ppn=sp&ssid=djmcx9gpsg0000001784730966598&qH=312f91285e048e09&ov_redirect=true,"AMD Ryzen AI 7 Octa Core Processor","24 GB DDR5 RAM","Windows 11 Home","1 TB SSD","1 Year Onsite Warranty"
211,"HP Omnibook 3 2K WUXGA",72990,4.1,11,https://www.flipkart.com/hp-omnibook-3-2k-wuxga-snapdragon-x-16-gb-512-gb-ssd-windows-11-home-14-hz0024qu-laptop/p/itmbd5346cd09abc?pid=COMHZGK2ACSECZB5&lid=LSTCOMHZGK2ACSECZB52ALLPO&marketplace=FLIPKART&q=laptop&store=6bo%2Fb5g&srno=s_11_247&otracker=search&fm=organic&iid=en_Sz4NNK_jI-BsmMJ67pD7jHAJbSKl4p3I1Fz8YcpzviuDc8VdbiKrZAAb5kixFPRBQDaMOpjaAqIhVlr2eDOqkK8WMJxc_eOD3pdFe_35DQV13QyT2GRrdxyNmnyjLnxP&ppt=sp&ppn=sp&ssid=hylpv6wpog0000001784730971962&qH=312f91285e048e09&ov_redirect=true,"Snapdragon X Processor","16 GB LPDDR5X RAM","Windows 11 Home","512 GB SSD","1 Year Onsite Service"
212,"ASUS TUF Gaming F16 (2025)",149990,4.8,31,https://www.flipkart.com/asus-tuf-gaming-f16-2025-office-2024-m365-basic-intel-core-i7-14th-gen-14650hx-16-gb-1-tb-ssd-windows-11-home-8-gb-graphics-intel-graphics-nvidia-geforce-rtx-5050-165-ghz-fx608jhr-rv135ws-laptop/p/itmd83c686196175?pid=COMHGSA9FFWSYKSG&lid=LSTCOMHGSA9FFWSYKSGR7ERH8&marketplace=FLIPKART&q=laptop&store=6bo%2Fb5g&srno=s_10_239&otracker=search&fm=organic&iid=ef19066e-9fed-4154-9e5c-e4e01be84a47.COMHGSA9FFWSYKSG.SEARCH&ppt=sp&ppn=sp&ssid=djmcx9gpsg0000001784730966598&qH=312f91285e048e09&ov_redirect=true,"Intel Core i7 Processor (14th Gen)","16 GB DDR5 RAM","Windows 11 Home","1 TB SSD","1 Year Onsite Warranty"
213,"HP Victus",76354,4.4,1170,https://www.flipkart.com/hp-victus-amd-ryzen-7-hexa-core-7445hs-16-gb-512-gb-ssd-windows-11-home-4-graphics-nvidia-geforce-rtx-2050-15-fb3122ax-gaming-laptop/p/itm7389a8b4c5a14?pid=COMHDWKFZGHSYR59&lid=LSTCOMHDWKFZGHSYR596VT4PT&marketplace=FLIPKART&q=laptop&store=6bo%2Fb5g&srno=s_10_240&otracker=search&fm=organic&iid=ef19066e-9fed-4154-9e5c-e4e01be84a47.COMHDWKFZGHSYR59.SEARCH&ppt=sp&ppn=sp&ssid=djmcx9gpsg0000001784730966598&qH=312f91285e048e09&ov_redirect=true,"AMD Ryzen 7 Hexa Core Processor","16 GB DDR5 RAM","Windows 11 Home","512 GB SSD","1 Year Onsite Warranty"
214,"Samsung Galaxy Book4 Metal",56990,4.4,19735,https://www.flipkart.com/samsung-galaxy-book4-metal-intel-core-i5-13th-gen-1335u-8-gb-512-gb-ssd-windows-11-home-np750xgj-kg1in-np750xgj-lg1in-np750xgj-lg6in-thin-light-laptop/p/itm1df5212efb9fc?pid=COMGZUYDFZXHWYWZ&lid=LSTCOMGZUYDFZXHWYWZJ6V2KW&marketplace=FLIPKART&q=laptop&store=6bo%2Fb5g&srno=s_11_241&otracker=search&fm=organic&iid=en_Sz4NNK_jI-BsmMJ67pD7jHAJbSKl4p3I1Fz8Ycpzvis57v6o-p0NJivSt83JTCvisfGME0kkMQMICwGxasfmZSpiZoP3ZcDDMuaOuWFYumN13QyT2GRrdxyNmnyjLnxP&ppt=sp&ppn=sp&ssid=hylpv6wpog0000001784730971962&qH=312f91285e048e09&ov_redirect=true,"Intel Core i5 Processor (13th Gen)","8 GB LPDDR4X RAM","64 bit Windows 11","512 GB SSD","1 Year Manufacturer Warranty for Laptop and 6 Months for In-Box Accessories"
215,"Samsung Galaxy Book4 Metal",57490,4.4,10670,https://www.flipkart.com/samsung-galaxy-book4-metal-intel-core-i3-13th-gen-1315u-8-gb-512-gb-ssd-windows-11-home-np750xgj-lg9in-thin-light-laptop/p/itmc29d559898e6f?pid=COMH4Y6KKRC9YSWE&lid=LSTCOMH4Y6KKRC9YSWERDUMZD&marketplace=FLIPKART&q=laptop&store=6bo%2Fb5g&srno=s_11_242&otracker=search&fm=organic&iid=en_Sz4NNK_jI-BsmMJ67pD7jHAJbSKl4p3I1Fz8YcpzvitmRBqaOvJm1djB8ZyUou-qVqKfzRTPmTYCvEc1OQ2_kCChg9vAnpscSdI7uOc1ZHV13QyT2GRrdxyNmnyjLnxP&ppt=sp&ppn=sp&ssid=hylpv6wpog0000001784730971962&qH=312f91285e048e09&ov_redirect=true,"Intel Core i3 Processor (13th Gen)","8 GB LPDDR4X RAM","64 bit Windows 11","512 GB SSD","1 Year Onsite Warranty"
216,"HP 15 (i5 14th Gen)",82990,4.2,195,https://www.flipkart.com/hp-15-i5-14th-gen-intel-core-5-120u-24-gb-512-gb-ssd-windows-11-home-15-fd0262tu-thin-light-laptop/p/itm027a3317f4ff9?pid=COMHM94A7PHVCQT7&lid=LSTCOMHM94A7PHVCQT7QTPOH7&marketplace=FLIPKART&q=laptop&store=6bo%2Fb5g&srno=s_11_248&otracker=search&fm=organic&iid=en_Sz4NNK_jI-BsmMJ67pD7jHAJbSKl4p3I1Fz8YcpzvivVlc6heXsCkf04OR9l2H8DajNODExQ3AD2YwLVEpFEnHQxmIaeT1eVU6lHR1JOxyB13QyT2GRrdxyNmnyjLnxP&ppt=sp&ppn=sp&ssid=hylpv6wpog0000001784730971962&qH=312f91285e048e09&ov_redirect=true,"Intel Core 5 Processor","24 GB DDR5 RAM","Windows 11 Home","512 GB SSD","1 Year Onsite Service"
217,"DELL Inspiron 5440 (2026) (i3 14th Gen)",52990,4,134,https://www.flipkart.com/dell-inspiron-5440-2026-i3-14th-gen-intel-core-3-gen-100u-8-gb-512-gb-ssd-windows-11-pro-thin-light-laptop/p/itmcb515f5806b29?pid=COMHJSFN4CYQJ79Z&lid=LSTCOMHJSFN4CYQJ79ZULWIJV&marketplace=FLIPKART&q=laptop&store=6bo%2Fb5g&srno=s_11_249&otracker=search&fm=organic&iid=76bb05b8-dc9e-46ea-845e-1811079c6399.COMHJSFN4CYQJ79Z.SEARCH&ppt=sp&ppn=sp&ssid=hylpv6wpog0000001784730971962&qH=312f91285e048e09&ov_redirect=true,"Intel Core 3 Processor (14th Gen)","8 GB DDR5 RAM","64 bit Windows 11","512 GB SSD","1 Year"
218,"ASUS Vivobook 15",39990,4.2,8891,https://www.flipkart.com/asus-vivobook-15-intel-core-i5-12th-gen-1235u-8-gb-512-gb-ssd-windows-11-home-x1504za-nj521ws-x1504za-nj520ws-x1504za-nj528ws-thin-light-laptop/p/itmff0e170cb596e?pid=COMHYWSWMFQQBCG3&lid=LSTCOMHYWSWMFQQBCG3ZA9JEY&marketplace=FLIPKART&q=laptop&store=6bo%2Fb5g&srno=s_11_250&otracker=search&fm=organic&iid=76bb05b8-dc9e-46ea-845e-1811079c6399.COMHYWSWMFQQBCG3.SEARCH&ppt=sp&ppn=sp&ssid=hylpv6wpog0000001784730971962&qH=312f91285e048e09&ov_redirect=true,"Intel Core i5 Processor (12th Gen)","8 GB DDR4 RAM","64 bit Windows 11","512 GB SSD","1 Year Onsite Warranty"
219,"DELL 15 (Previouly Inspiron)",57990,4.5,6,https://www.flipkart.com/dell-15-previouly-inspiron-amd-ryzen-5-quad-core-7520u-8-gb-512-gb-ssd-windows-11-home-dc15255-thin-light-laptop/p/itmb80bb4e819164?pid=COMHDXXUHGDCHMQX&lid=LSTCOMHDXXUHGDCHMQXUEUE9X&marketplace=FLIPKART&q=laptop&store=6bo%2Fb5g&srno=s_11_251&otracker=search&fm=organic&iid=en_Sz4NNK_jI-BsmMJ67pD7jHAJbSKl4p3I1Fz8Ycpzviuy-_A7HbVcsWmN1KvitXB3KS7KjhXWMehRCKPAR7kLICmyONG8u9GUv-mVZHUzBox13QyT2GRrdxyNmnyjLnxP&ppt=sp&ppn=sp&ssid=hylpv6wpog0000001784730971962&qH=312f91285e048e09&ov_redirect=true,"AMD Ryzen 5 Quad Core Processor","8 GB LPDDR5 RAM","Windows 11","512 GB SSD","1 Year Onsite Warranty"
220,"Samsung Galaxy Book5 AI Metal",84990,4.6,837,https://www.flipkart.com/samsung-galaxy-book5-ai-metal-intel-core-ultra-5-225u-16-gb-512-gb-ssd-windows-11-home-np750xhd-thin-light-laptop/p/itmc33d2563d0ffc?pid=COMHE4ATPCZ9FXRP&lid=LSTCOMHE4ATPCZ9FXRP7N1GVG&marketplace=FLIPKART&q=laptop&store=6bo%2Fb5g&srno=s_11_261&otracker=search&fm=organic&iid=en_Sz4NNK_jI-BsmMJ67pD7jHAJbSKl4p3I1Fz8YcpzvitVYHyInqCoBBbnShrRCUdV3WHJiuMjlX0EHxFVCjPkycH5LP6GMXD1iSKF2pPmS-R13QyT2GRrdxyNmnyjLnxP&ppt=sp&ppn=sp&ssid=hylpv6wpog0000001784730971962&qH=312f91285e048e09&ov_redirect=true,"Intel Core Ultra 5 Processor","16 GB LPDDR5X RAM","64 bit Windows 11","512 GB SSD","1 Year Manufacturer Warranty for Laptop and 6 Months for In-Box Accessories"
221,"HP 14 AI PC",85990,4.1,790,https://www.flipkart.com/hp-14-ai-pc-intel-core-ultra-7-155h-16-gb-1-tb-ssd-windows-11-home-14-ep1152tu-thin-light-laptop/p/itm448874079369f?pid=COMHG98EXZ3AJYZN&lid=LSTCOMHG98EXZ3AJYZNODD67U&marketplace=FLIPKART&q=laptop&store=6bo%2Fb5g&srno=s_11_252&otracker=search&fm=organic&iid=en_Sz4NNK_jI-BsmMJ67pD7jHAJbSKl4p3I1Fz8Ycpzviutn61L9LPMhMTtroT3EZ30n9sG8qIKSbGwDcGdLV_LgSGkgDYpheMzpTOfbcb9jJpcPKTKyR4YpAC7IWBpBVne&ppt=sp&ppn=sp&ssid=hylpv6wpog0000001784730971962&qH=312f91285e048e09&ov_redirect=true,"Intel Core Ultra 7 Processor","16 GB DDR5 RAM","Windows 11 Home","1 TB SSD","1 Year Onsite Warranty"
222,"HP OMEN AI",134990,4.5,112,https://www.flipkart.com/hp-omen-ai-amd-ryzen-7-octa-core-350-24-gb-1-tb-ssd-windows-11-home-8-gb-graphics-nvidia-geforce-rtx-5050-16-ap0165ax-gaming-laptop/p/itm5661c90728083?pid=COMHEHHXKFQSABXZ&lid=LSTCOMHEHHXKFQSABXZEF3JCN&marketplace=FLIPKART&q=laptop&store=6bo%2Fb5g&srno=s_11_262&otracker=search&fm=organic&iid=en_Sz4NNK_jI-BsmMJ67pD7jHAJbSKl4p3I1Fz8YcpzvisKJvsLt5JJxWeDwhXWDEYISt8s0FwzStmVNuDw0YIb7vRQYaQqNgqexXd2bqUccoJx_m6_Z6WKonHK7B9sSuCD&ppt=sp&ppn=sp&ssid=hylpv6wpog0000001784730971962&qH=312f91285e048e09&ov_redirect=true,"AMD Ryzen AI 7 Octa Core Processor","24 GB DDR5 RAM","Windows 11 Home","1 TB SSD","1 Year Onsite Warranty"
223,"MSI Modern 15",64990,4,63,https://www.flipkart.com/msi-modern-15-intel-core-i7-13th-gen-1355u-16-gb-512-gb-ssd-windows-11-home-b13m-288in-thin-light-laptop/p/itme125a89adb5a0?pid=COMGMV6VGQXP9MDH&lid=LSTCOMGMV6VGQXP9MDHSLDMUX&marketplace=FLIPKART&q=laptop&store=6bo%2Fb5g&srno=s_11_253&otracker=search&fm=organic&iid=76bb05b8-dc9e-46ea-845e-1811079c6399.COMGMV6VGQXP9MDH.SEARCH&ppt=sp&ppn=sp&ssid=hylpv6wpog0000001784730971962&qH=312f91285e048e09&ov_redirect=true,"Intel Core i7 Processor (13th Gen)","16 GB DDR4 RAM","Windows 11","512 GB SSD","1 Year Carry-in Warranty"
224,"ASUS Gaming V16 (2025)",92990,4.4,123,https://www.flipkart.com/asus-gaming-v16-2025-office-2024-m365-basic-ai-pc-i7-14th-gen-intel-core-7-240h-16-gb-512-gb-ssd-windows-11-home-6-graphics-nvidia-geforce-rtx-4050-144-hz-v3607vu-rp275ws-laptop/p/itm787b40d6e3a05?pid=COMH89EBHSUGNEQM&lid=LSTCOMH89EBHSUGNEQMLXJQ6J&marketplace=FLIPKART&q=laptop&store=6bo%2Fb5g&srno=s_11_263&otracker=search&fm=organic&iid=76bb05b8-dc9e-46ea-845e-1811079c6399.COMH89EBHSUGNEQM.SEARCH&ppt=sp&ppn=sp&ssid=hylpv6wpog0000001784730971962&qH=312f91285e048e09&ov_redirect=true,"Intel Core 7 Processor","16 GB DDR5 RAM","Windows 11 Home","512 GB SSD","1 Year Onsite warranty"
225,"HP Laptop",49999,4.2,3329,https://www.flipkart.com/hp-laptop-intel-core-i3-13th-gen-1315u-8-gb-512-gb-ssd-windows-11-home-15-fd0129tu-15-fd0568tu-thin-light/p/itmcf7c16556a324?pid=COMHF6WAGPZCBQVZ&lid=LSTCOMHF6WAGPZCBQVZYOEG12&marketplace=FLIPKART&q=laptop&store=6bo%2Fb5g&srno=s_11_254&otracker=search&fm=organic&iid=76bb05b8-dc9e-46ea-845e-1811079c6399.COMHF6WAGPZCBQVZ.SEARCH&ppt=sp&ppn=sp&ssid=hylpv6wpog0000001784730971962&qH=312f91285e048e09&ov_redirect=true,"Intel Core i3 Processor (13th Gen)","8 GB DDR4 RAM","Windows 11 Home","512 GB SSD","1 Year Carry-in Warranty"
226,"ASUS Vivobook Go 15",44990,4.2,2632,https://www.flipkart.com/asus-vivobook-go-15-amd-ryzen-5-quad-core-7520u-8-gb-512-gb-ssd-windows-11-home-e1504fa-nj132ws-e1504fa-nj521ws-thin-light-laptop/p/itmf2da9c7085e1b?pid=COMGNRNUKRMMXNZQ&lid=LSTCOMGNRNUKRMMXNZQYSOFRK&marketplace=FLIPKART&q=laptop&store=6bo%2Fb5g&srno=s_11_255&otracker=search&fm=organic&iid=76bb05b8-dc9e-46ea-845e-1811079c6399.COMGNRNUKRMMXNZQ.SEARCH&ppt=sp&ppn=sp&ssid=hylpv6wpog0000001784730971962&qH=312f91285e048e09&ov_redirect=true,"AMD Ryzen 5 Quad Core Processor","8 GB LPDDR5 RAM","64 bit Windows 11","512 GB SSD","1 Year Onsite Warranty"
227,"Acer One",43999,4.2,13552,https://www.flipkart.com/acer-one-intel-core-i3-11th-gen-1115g4-8-gb-512-gb-ssd-windows-11-home-ao-14-z-8-415-thin-light-laptop/p/itm91bac6ba57245?pid=COMGPF5CQ7VDWDT4&lid=LSTCOMGPF5CQ7VDWDT4PET780&marketplace=FLIPKART&q=laptop&store=6bo%2Fb5g&srno=s_11_256&otracker=search&fm=organic&iid=76bb05b8-dc9e-46ea-845e-1811079c6399.COMGPF5CQ7VDWDT4.SEARCH&ppt=sp&ppn=sp&ssid=hylpv6wpog0000001784730971962&qH=312f91285e048e09&ov_redirect=true,"Intel Core i3 Processor (11th Gen)","8 GB DDR4 RAM","64 bit Windows 11","512 GB SSD","1 Year Warranty"
228,"HP 14 AI PC",79990,4.1,790,https://www.flipkart.com/hp-14-ai-pc-intel-core-ultra-7-155h-16-gb-512-gb-ssd-windows-11-home-14-ep1151tu-14-gr1036tu-14-ep1151tu-thin-light-laptop/p/itm4c681812b88bf?pid=COMHF8G932EYZAJF&lid=LSTCOMHF8G932EYZAJFOUI9CA&marketplace=FLIPKART&q=laptop&store=6bo%2Fb5g&srno=s_11_257&otracker=search&fm=organic&iid=en_Sz4NNK_jI-BsmMJ67pD7jHAJbSKl4p3I1Fz8YcpzvitC12v_U37yfjVsBpKldXbL3zzcGhlXkGO1hWP1UU6KY6U4JGq2qGfuCYjFJWjKqlRcPKTKyR4YpAC7IWBpBVne&ppt=sp&ppn=sp&ssid=hylpv6wpog0000001784730971962&qH=312f91285e048e09&ov_redirect=true,"Intel Core Ultra 7 Processor","16 GB DDR5 RAM","Windows 11 Home","512 GB SSD","1 Year Onsite Warranty"
229,"Samsung Galaxy Book5 AI Metal",91990,4.6,463,https://www.flipkart.com/samsung-galaxy-book5-ai-metal-intel-core-ultra-7-255u-16-gb-512-gb-ssd-windows-11-home-np750xhd-thin-light-laptop/p/itma9c081cdbe95d?pid=COMHE4ATBCUTGUYT&lid=LSTCOMHE4ATBCUTGUYTJZ7NHN&marketplace=FLIPKART&q=laptop&store=6bo%2Fb5g&srno=s_11_258&otracker=search&fm=organic&iid=en_Sz4NNK_jI-BsmMJ67pD7jHAJbSKl4p3I1Fz8Ycpzvit7eqX62_AhW_oFyOJLd_EY_54vlUw9QAlUFlRYR6QtY-UBYPBIqgZE3mSuDz4Hsbl13QyT2GRrdxyNmnyjLnxP&ppt=sp&ppn=sp&ssid=hylpv6wpog0000001784730971962&qH=312f91285e048e09&ov_redirect=true,"Intel Core Ultra 7 Processor","16 GB LPDDR5X RAM","64 bit Windows 11","512 GB SSD","1 Year Manufacturer Warranty for Laptop and 6 Months for In-Box Accessories"
230,"ASUS Expertbook",69900,4.1,49,https://www.flipkart.com/asus-expertbook-amd-ryzen-5-hexa-core-150-16-gb-512-gb-ssd-windows-11-home-pm1503cda-s70546ws-laptop/p/itmb2cdbe5dbfbb8?pid=COMHHT9GCKNHQSZZ&lid=LSTCOMHHT9GCKNHQSZZIYMTRA&marketplace=FLIPKART&q=laptop&store=6bo%2Fb5g&srno=s_11_264&otracker=search&fm=organic&iid=76bb05b8-dc9e-46ea-845e-1811079c6399.COMHHT9GCKNHQSZZ.SEARCH&ppt=sp&ppn=sp&ssid=hylpv6wpog0000001784730971962&qH=312f91285e048e09&ov_redirect=true,"AMD Ryzen 5 Hexa Core Processor","16 GB DDR5 RAM","Windows 11 Home","512 GB SSD","1 Year Onsite Service"
231,"ASUS Expertbook P1",50990,4.3,6585,https://www.flipkart.com/asus-expertbook-p1-1-yr-adp-i3-14th-gen-intel-core-3-13th-gen-1315u-8-gb-512-gb-ssd-windows-11-home-p1503cva-s70501ws-thin-light-laptop/p/itm5b59a30b4c016?pid=COMH8Z2QADYUVZN8&lid=LSTCOMH8Z2QADYUVZN8LRHSHZ&marketplace=FLIPKART&q=laptop&store=6bo%2Fb5g&srno=s_11_260&otracker=search&fm=organic&iid=76bb05b8-dc9e-46ea-845e-1811079c6399.COMH8Z2QADYUVZN8.SEARCH&ppt=sp&ppn=sp&ssid=hylpv6wpog0000001784730971962&qH=312f91285e048e09&ov_redirect=true,"Intel Core 3 Processor (13th Gen)","8 GB DDR5 RAM","Windows 11 Home","512 GB SSD","1 Year Onsite Warranty"
232,"MSI Modern 15",45990,4.1,38,https://www.flipkart.com/msi-modern-15-intel-core-i3-13th-gen-1315u-8-gb-512-gb-ssd-windows-11-home-b13m-883in-thin-light-laptop/p/itme125a89adb5a0?pid=COMGZW38FBM7WZVY&lid=LSTCOMGZW38FBM7WZVYGXSMMS&marketplace=FLIPKART&q=laptop&store=6bo%2Fb5g&srno=s_12_265&otracker=search&fm=organic&iid=7eeb81a6-0ae2-433f-9f89-b8cefe80911b.COMGZW38FBM7WZVY.SEARCH&ppt=sp&ppn=sp&ssid=gyit10nxow0000001784730977714&qH=312f91285e048e09&ov_redirect=true,"Intel Core i3 Processor (13th Gen)","8 GB DDR4 RAM","Windows 11","512 GB SSD","1 Year Warranty Term"
233,"DELL Inspiron 5440 (2025)",53970,4.1,154,https://www.flipkart.com/dell-inspiron-5440-2025-intel-core-i3-13th-gen-1305u-8-gb-512-gb-ssd-windows-11-home-thin-light-laptop/p/itm1dc3eb60c7b18?pid=COMHERGYAJHHW4AN&lid=LSTCOMHERGYAJHHW4ANC4GBWC&marketplace=FLIPKART&q=laptop&store=6bo%2Fb5g&srno=s_12_266&otracker=search&fm=organic&iid=7eeb81a6-0ae2-433f-9f89-b8cefe80911b.COMHERGYAJHHW4AN.SEARCH&ppt=sp&ppn=sp&ssid=gyit10nxow0000001784730977714&qH=312f91285e048e09&ov_redirect=true,"Intel Core i3 Processor (13th Gen)","8 GB DDR5 RAM","64 bit Windows 11 Home","512 GB SSD","1 Year Accidentaly Damage Protection + Onsite"
234,"Samsung Galaxy Book4 Metal",56990,4.4,19735,https://www.flipkart.com/samsung-galaxy-book4-metal-intel-core-i5-13th-gen-1335u-8-gb-512-gb-ssd-windows-11-home-np750xgj-kg1in-np750xgj-lg1in-np750xgj-lg6in-thin-light-laptop/p/itm1df5212efb9fc?pid=COMGZUYDFZXHWYWZ&lid=LSTCOMGZUYDFZXHWYWZJ6V2KW&marketplace=FLIPKART&q=laptop&store=6bo%2Fb5g&srno=s_12_267&otracker=search&fm=organic&iid=en_H-yx8iZaiG2h2AcTIYfNdHkHfCffWayMkVCrsCfztW84A7dlFV1gubupf4uaNeSssfGME0kkMQMICwGxasfmZSpiZoP3ZcDDMuaOuWFYumPiZxB1FALdY66BUbm7E9Kp&ppt=sp&ppn=sp&ssid=gyit10nxow0000001784730977714&qH=312f91285e048e09&ov_redirect=true,"Intel Core i5 Processor (13th Gen)","8 GB LPDDR4X RAM","64 bit Windows 11","512 GB SSD","1 Year Manufacturer Warranty for Laptop and 6 Months for In-Box Accessories"
235,"Samsung Galaxy Book4 Metal",57490,4.4,10670,https://www.flipkart.com/samsung-galaxy-book4-metal-intel-core-i3-13th-gen-1315u-8-gb-512-gb-ssd-windows-11-home-np750xgj-lg9in-thin-light-laptop/p/itmc29d559898e6f?pid=COMH4Y6KKRC9YSWE&lid=LSTCOMH4Y6KKRC9YSWERDUMZD&marketplace=FLIPKART&q=laptop&store=6bo%2Fb5g&srno=s_12_268&otracker=search&fm=organic&iid=en_H-yx8iZaiG2h2AcTIYfNdHkHfCffWayMkVCrsCfztW_GrfPhQkmFWhFLa5v-nV2yVqKfzRTPmTYCvEc1OQ2_kCChg9vAnpscSdI7uOc1ZHXiZxB1FALdY66BUbm7E9Kp&ppt=sp&ppn=sp&ssid=gyit10nxow0000001784730977714&qH=312f91285e048e09&ov_redirect=true,"Intel Core i3 Processor (13th Gen)","8 GB LPDDR4X RAM","64 bit Windows 11","512 GB SSD","1 Year Onsite Warranty"
236,"Lenovo LoQ",81990,4.5,720,https://www.flipkart.com/lenovo-loq-intel-core-i5-13th-gen-13450hx-16-gb-512-gb-ssd-windows-11-home-4-graphics-nvidia-geforce-rtx-3050a-144-hz-15irx9-gaming-laptop/p/itm66c74c31dbd4c?pid=COMHEYV7U4CRVF33&lid=LSTCOMHEYV7U4CRVF33E9FCEV&marketplace=FLIPKART&q=laptop&store=6bo%2Fb5g&srno=s_12_276&otracker=search&fm=organic&iid=7eeb81a6-0ae2-433f-9f89-b8cefe80911b.COMHEYV7U4CRVF33.SEARCH&ppt=sp&ppn=sp&ssid=gyit10nxow0000001784730977714&qH=312f91285e048e09&ov_redirect=true,"Intel Core i5 Processor (13th Gen)","16 GB DDR5 RAM","Windows 11 Home","512 GB SSD","1 Year onsite Warranty"
237,"DELL PRO 15",56807,4.2,25,https://www.flipkart.com/dell-pro-15-backlit-2025-amd-ryzen-5-quad-core-7520u-8-gb-512-gb-ssd-windows-11-home-thin-light-laptop/p/itm379f7a58d0a29?pid=COMHG3HNSXNWHZHD&lid=LSTCOMHG3HNSXNWHZHDO6RHSU&marketplace=FLIPKART&q=laptop&store=6bo%2Fb5g&srno=s_12_269&otracker=search&fm=organic&iid=7eeb81a6-0ae2-433f-9f89-b8cefe80911b.COMHG3HNSXNWHZHD.SEARCH&ppt=sp&ppn=sp&ssid=gyit10nxow0000001784730977714&qH=312f91285e048e09&ov_redirect=true,"AMD Ryzen 5 Quad Core Processor","8 GB LPDDR5 RAM","64 bit Windows 11 Home","512 GB SSD","1 Year"
238,"ASUS ROG Strix G16 (2025)",249990,4.8,40,https://www.flipkart.com/asus-rog-strix-g16-2025-office-2024-m365-basic-intel-core-ultra-9-275hx-32-gb-1-tb-ssd-windows-11-home-8-gb-graphics-nvidia-geforce-rtx-5070-240-hz-g615lp-s5022ws-gaming-laptop/p/itmb27d8daded6dd?pid=COMHCQ4KEGAZXE5Z&lid=LSTCOMHCQ4KEGAZXE5ZYQ55SK&marketplace=FLIPKART&q=laptop&store=6bo%2Fb5g&srno=s_12_270&otracker=search&fm=organic&iid=7eeb81a6-0ae2-433f-9f89-b8cefe80911b.COMHCQ4KEGAZXE5Z.SEARCH&ppt=sp&ppn=sp&ssid=gyit10nxow0000001784730977714&qH=312f91285e048e09&ov_redirect=true,"Intel Core Ultra 9 Processor","32 GB DDR5 RAM","Windows 11 Home","1 TB SSD","1 Year Onsite Warranty"
239,"DELL 15 (Previouly Inspiron)",57990,4.5,6,https://www.flipkart.com/dell-15-previouly-inspiron-amd-ryzen-5-quad-core-7520u-8-gb-512-gb-ssd-windows-11-home-dc15255-thin-light-laptop/p/itmb80bb4e819164?pid=COMHDXXUHGDCHMQX&lid=LSTCOMHDXXUHGDCHMQXUEUE9X&marketplace=FLIPKART&q=laptop&store=6bo%2Fb5g&srno=s_12_277&otracker=search&fm=organic&iid=en_H-yx8iZaiG2h2AcTIYfNdHkHfCffWayMkVCrsCfztW-WJTARAGyoq6_Seu73L8b5KS7KjhXWMehRCKPAR7kLICmyONG8u9GUv-mVZHUzBoziZxB1FALdY66BUbm7E9Kp&ppt=sp&ppn=sp&ssid=gyit10nxow0000001784730977714&qH=312f91285e048e09&ov_redirect=true,"AMD Ryzen 5 Quad Core Processor","8 GB LPDDR5 RAM","Windows 11","512 GB SSD","1 Year Onsite Warranty"
240,"HP Omnibook 3 2K WUXGA",72990,4.1,11,https://www.flipkart.com/hp-omnibook-3-2k-wuxga-snapdragon-x-16-gb-512-gb-ssd-windows-11-home-14-hz0024qu-laptop/p/itmbd5346cd09abc?pid=COMHZGK2ACSECZB5&lid=LSTCOMHZGK2ACSECZB52ALLPO&marketplace=FLIPKART&q=laptop&store=6bo%2Fb5g&srno=s_12_271&otracker=search&fm=organic&iid=en_H-yx8iZaiG2h2AcTIYfNdHkHfCffWayMkVCrsCfztW-h99IfAs6E0KtrCmhyUnboQDaMOpjaAqIhVlr2eDOqkK8WMJxc_eOD3pdFe_35DQXiZxB1FALdY66BUbm7E9Kp&ppt=sp&ppn=sp&ssid=gyit10nxow0000001784730977714&qH=312f91285e048e09&ov_redirect=true,"Snapdragon X Processor","16 GB LPDDR5X RAM","Windows 11 Home","512 GB SSD","1 Year Onsite Service"
241,"HP 15 (i5 14th Gen)",82990,4.2,195,https://www.flipkart.com/hp-15-i5-14th-gen-intel-core-5-120u-24-gb-512-gb-ssd-windows-11-home-15-fd0262tu-thin-light-laptop/p/itm027a3317f4ff9?pid=COMHM94A7PHVCQT7&lid=LSTCOMHM94A7PHVCQT7QTPOH7&marketplace=FLIPKART&q=laptop&store=6bo%2Fb5g&srno=s_12_272&otracker=search&fm=organic&iid=en_H-yx8iZaiG2h2AcTIYfNdHkHfCffWayMkVCrsCfztW_IQ8q8QavSqtHSPJCnA0amajNODExQ3AD2YwLVEpFEnHQxmIaeT1eVU6lHR1JOxyDiZxB1FALdY66BUbm7E9Kp&ppt=sp&ppn=sp&ssid=gyit10nxow0000001784730977714&qH=312f91285e048e09&ov_redirect=true,"Intel Core 5 Processor","24 GB DDR5 RAM","Windows 11 Home","512 GB SSD","1 Year Onsite Service"
242,"HP 14 AI PC",85990,4.1,790,https://www.flipkart.com/hp-14-ai-pc-intel-core-ultra-7-155h-16-gb-1-tb-ssd-windows-11-home-14-ep1152tu-thin-light-laptop/p/itm448874079369f?pid=COMHG98EXZ3AJYZN&lid=LSTCOMHG98EXZ3AJYZNODD67U&marketplace=FLIPKART&q=laptop&store=6bo%2Fb5g&srno=s_12_278&otracker=search&fm=organic&iid=en_H-yx8iZaiG2h2AcTIYfNdHkHfCffWayMkVCrsCfztW9qSVs8k55xrM-Op1csw5rWn9sG8qIKSbGwDcGdLV_LgSGkgDYpheMzpTOfbcb9jJpERME5t1c5Tzowq3EUSVBx&ppt=sp&ppn=sp&ssid=gyit10nxow0000001784730977714&qH=312f91285e048e09&ov_redirect=true,"Intel Core Ultra 7 Processor","16 GB DDR5 RAM","Windows 11 Home","1 TB SSD","1 Year Onsite Warranty"
243,"MSI Thin 15",70990,4.3,1561,https://www.flipkart.com/msi-thin-15-intel-core-i5-12th-gen-12450h-16-gb-512-gb-ssd-windows-11-home-4-graphics-nvidia-geforce-rtx-2050-144-hz-45-w-b12ucx-2471in-gaming-laptop/p/itmc1581367ea4e2?pid=COMGYSFG4WHPVAVZ&lid=LSTCOMGYSFG4WHPVAVZ6L3G5Q&marketplace=FLIPKART&q=laptop&store=6bo%2Fb5g&srno=s_12_279&otracker=search&fm=organic&iid=7eeb81a6-0ae2-433f-9f89-b8cefe80911b.COMGYSFG4WHPVAVZ.SEARCH&ppt=sp&ppn=sp&ssid=gyit10nxow0000001784730977714&qH=312f91285e048e09&ov_redirect=true,"Intel Core i5 Processor (12th Gen)","16 GB DDR4 RAM","64 bit Windows 11","512 GB SSD","2 Year Onsite Warranty"
244,HP,52990,4.2,155,https://www.flipkart.com/hp-intel-core-i3-13th-gen-1315u-8-gb-512-gb-ssd-windows-11-home-15-fd0569tu-thin-light-laptop/p/itm8229e9aa059be?pid=COMHBFRJJPDPHZ2H&lid=LSTCOMHBFRJJPDPHZ2HVJBH9X&marketplace=FLIPKART&q=laptop&store=6bo%2Fb5g&srno=s_12_273&otracker=search&fm=organic&iid=7eeb81a6-0ae2-433f-9f89-b8cefe80911b.COMHBFRJJPDPHZ2H.SEARCH&ppt=sp&ppn=sp&ssid=gyit10nxow0000001784730977714&qH=312f91285e048e09&ov_redirect=true,"Intel Core i3 Processor (13th Gen)","8 GB DDR4 RAM","Windows 11 Home","512 GB SSD","1 Year Onsite Warranty"
245,"Lenovo LOQ 2025",137990,4.5,210,https://www.flipkart.com/lenovo-loq-2025-intel-core-i7-13th-gen-13700hx-16-gb-1-tb-ssd-windows-11-home-8-gb-graphics-nvidia-geforce-rtx-5050-15irx10-gaming-laptop/p/itmb8196b6d3b8d4?pid=COMHEWAJZBBN7UP4&lid=LSTCOMHEWAJZBBN7UP4PZBSC8&marketplace=FLIPKART&q=laptop&store=6bo%2Fb5g&srno=s_12_280&otracker=search&fm=organic&iid=7eeb81a6-0ae2-433f-9f89-b8cefe80911b.COMHEWAJZBBN7UP4.SEARCH&ppt=sp&ppn=sp&ssid=gyit10nxow0000001784730977714&qH=312f91285e048e09&ov_redirect=true,"Intel Core i7 Processor (13th Gen)","16 GB DDR5 RAM","Windows 11 Home","1 TB SSD","1 Year Onsite Warranty"
246,"HP Victus (i5 14th Gen)",108990,4.6,9,https://www.flipkart.com/hp-victus-i5-14th-gen-intel-core-5-210-h-24-gb-512-gb-ssd-windows-11-home-6-graphics-nvidia-geforce-rtx-3050-15-fa2556tx-gaming-laptop/p/itm5114b22280c2d?pid=COMHKQADPPG9NVWW&lid=LSTCOMHKQADPPG9NVWWZVWF2T&marketplace=FLIPKART&q=laptop&store=6bo%2Fb5g&srno=s_12_274&otracker=search&fm=organic&iid=7eeb81a6-0ae2-433f-9f89-b8cefe80911b.COMHKQADPPG9NVWW.SEARCH&ppt=sp&ppn=sp&ssid=gyit10nxow0000001784730977714&qH=312f91285e048e09&ov_redirect=true,"Intel Core 5 Processor","24 GB DDR5 RAM","Windows 11 Home","512 GB SSD","1 Year Onsite Service"
247,"MSI Thin 15",79990,4.5,61,https://www.flipkart.com/msi-thin-15-intel-core-i7-13th-gen-13620h-16-gb-512-gb-ssd-windows-11-home-4-graphics-nvidia-geforce-rtx-3050-144-hz-b13uc-124in-b13uc-1804in-gaming-laptop/p/itmc1581367ea4e2?pid=COMGYSFGZVTRF9MU&lid=LSTCOMGYSFGZVTRF9MUTPDVBJ&marketplace=FLIPKART&q=laptop&store=6bo%2Fb5g&srno=s_12_275&otracker=search&fm=organic&iid=7eeb81a6-0ae2-433f-9f89-b8cefe80911b.COMGYSFGZVTRF9MU.SEARCH&ppt=sp&ppn=sp&ssid=gyit10nxow0000001784730977714&qH=312f91285e048e09&ov_redirect=true,"Intel Core i7 Processor (13th Gen)","16 GB DDR4 RAM","Windows 11","512 GB SSD","2 Year Onsite Warranty"
248,"HP 14 AI PC",79990,4.1,790,https://www.flipkart.com/hp-14-ai-pc-intel-core-ultra-7-155h-16-gb-512-gb-ssd-windows-11-home-14-ep1151tu-14-gr1036tu-14-ep1151tu-thin-light-laptop/p/itm4c681812b88bf?pid=COMHF8G932EYZAJF&lid=LSTCOMHF8G932EYZAJFOUI9CA&marketplace=FLIPKART&q=laptop&store=6bo%2Fb5g&srno=s_12_281&otracker=search&fm=organic&iid=en_H-yx8iZaiG2h2AcTIYfNdHkHfCffWayMkVCrsCfztW-b0F0JLTRYnLH920esMZa23zzcGhlXkGO1hWP1UU6KY6U4JGq2qGfuCYjFJWjKqlRERME5t1c5Tzowq3EUSVBx&ppt=sp&ppn=sp&ssid=gyit10nxow0000001784730977714&qH=312f91285e048e09&ov_redirect=true,"Intel Core Ultra 7 Processor","16 GB DDR5 RAM","Windows 11 Home","512 GB SSD","1 Year Onsite Warranty"
249,"Samsung Galaxy Book5 AI Metal",84990,4.6,837,https://www.flipkart.com/samsung-galaxy-book5-ai-metal-intel-core-ultra-5-225u-16-gb-512-gb-ssd-windows-11-home-np750xhd-thin-light-laptop/p/itmc33d2563d0ffc?pid=COMHE4ATPCZ9FXRP&lid=LSTCOMHE4ATPCZ9FXRP7N1GVG&marketplace=FLIPKART&q=laptop&store=6bo%2Fb5g&srno=s_12_282&otracker=search&fm=organic&iid=en_H-yx8iZaiG2h2AcTIYfNdHkHfCffWayMkVCrsCfztW8ur2eUkQ7KErYc2-0fjiDj3WHJiuMjlX0EHxFVCjPkyeUBYPBIqgZE3mSuDz4HsbniZxB1FALdY66BUbm7E9Kp&ppt=sp&ppn=sp&ssid=gyit10nxow0000001784730977714&qH=312f91285e048e09&ov_redirect=true,"Intel Core Ultra 5 Processor","16 GB LPDDR5X RAM","64 bit Windows 11","512 GB SSD","1 Year Manufacturer Warranty for Laptop and 6 Months for In-Box Accessories"
250,"Samsung Galaxy Book4 Metal",56990,4.4,19735,https://www.flipkart.com/samsung-galaxy-book4-metal-intel-core-i5-13th-gen-1335u-8-gb-512-gb-ssd-windows-11-home-np750xgj-kg1in-np750xgj-lg1in-np750xgj-lg6in-thin-light-laptop/p/itm1df5212efb9fc?pid=COMGZUYDFZXHWYWZ&lid=LSTCOMGZUYDFZXHWYWZJ6V2KW&marketplace=FLIPKART&q=laptop&store=6bo%2Fb5g&srno=s_13_291&otracker=search&fm=organic&iid=en_XfE-5MKU-EaqBVl1xBE8SR833clUp2JF4SPZ14ZDKOf_AgnbagBxgkn5L7lbVJoVsfGME0kkMQMICwGxasfmZSpiZoP3ZcDDMuaOuWFYumOtqkx2yUAhbhvt5LwoD8qU&ppt=sp&ppn=sp&ssid=nhcg2z71dc0000001784730983127&qH=312f91285e048e09&ov_redirect=true,"Intel Core i5 Processor (13th Gen)","8 GB LPDDR4X RAM","64 bit Windows 11","512 GB SSD","1 Year Manufacturer Warranty for Laptop and 6 Months for In-Box Accessories"
251,"HP Chromebook",21990,4,2113,https://www.flipkart.com/hp-chromebook-intel-celeron-dual-core-n4120-4-gb-64-gb-emmc-storage-chrome-os-14a-ca0506tu/p/itmb2e03ff1f9366?pid=COMGBHKFAYHEMVAT&lid=LSTCOMGBHKFAYHEMVATTMWBVX&marketplace=FLIPKART&q=laptop&store=6bo%2Fb5g&srno=s_12_283&otracker=search&fm=organic&iid=7eeb81a6-0ae2-433f-9f89-b8cefe80911b.COMGBHKFAYHEMVAT.SEARCH&ppt=sp&ppn=sp&ssid=gyit10nxow0000001784730977714&qH=312f91285e048e09&ov_redirect=true,"Intel Celeron Dual Core Processor","4 GB LPDDR4 RAM","64 bit ChromeOS",NULL,"1 Year Onsite Warranty"
252,"Samsung Galaxy Book4 Metal",57490,4.4,10670,https://www.flipkart.com/samsung-galaxy-book4-metal-intel-core-i3-13th-gen-1315u-8-gb-512-gb-ssd-windows-11-home-np750xgj-lg9in-thin-light-laptop/p/itmc29d559898e6f?pid=COMH4Y6KKRC9YSWE&lid=LSTCOMH4Y6KKRC9YSWERDUMZD&marketplace=FLIPKART&q=laptop&store=6bo%2Fb5g&srno=s_13_292&otracker=search&fm=organic&iid=en_XfE-5MKU-EaqBVl1xBE8SR833clUp2JF4SPZ14ZDKOf5QlRnEx_nAkPaOJsSdiH5VqKfzRTPmTYCvEc1OQ2_kCChg9vAnpscSdI7uOc1ZHWtqkx2yUAhbhvt5LwoD8qU&ppt=sp&ppn=sp&ssid=nhcg2z71dc0000001784730983127&qH=312f91285e048e09&ov_redirect=true,"Intel Core i3 Processor (13th Gen)","8 GB LPDDR4X RAM","64 bit Windows 11","512 GB SSD","1 Year Onsite Warranty"
253,"ASUS ROG Strix G16 (2026)",166667,4.5,31,https://www.flipkart.com/asus-rog-strix-g16-2026-amd-ryzen-9-16-core-8940hx-16-gb-1-tb-ssd-windows-11-home-8-gb-graphics-nvidia-geforce-rtx-5050-165-hz-g614ph-rv073ws-gaming-laptop/p/itm79a5501cd2465?pid=COMHMARKFTZY9ZHE&lid=LSTCOMHMARKFTZY9ZHE10QHOW&marketplace=FLIPKART&q=laptop&store=6bo%2Fb5g&srno=s_12_284&otracker=search&fm=organic&iid=7eeb81a6-0ae2-433f-9f89-b8cefe80911b.COMHMARKFTZY9ZHE.SEARCH&ppt=sp&ppn=sp&ssid=gyit10nxow0000001784730977714&qH=312f91285e048e09&ov_redirect=true,"AMD Ryzen 9 16 Core Processor","16 GB DDR5 RAM","Windows 11 Home","1 TB SSD","1 Year Onsite Service"
254,"Lenovo V 14 (2025)",65710,3.7,12,https://www.flipkart.com/lenovo-v-14-2025-intel-core-i5-13th-gen-13420h-16-gb-512-gb-ssd-windows-11-home-v14-thin-light-laptop/p/itm4da4b1b3a51f2?pid=COMHG53X5GHDTKZF&lid=LSTCOMHG53X5GHDTKZFNCB7CA&marketplace=FLIPKART&q=laptop&store=6bo%2Fb5g&srno=s_13_293&otracker=search&fm=organic&iid=f09932e0-8820-4a25-9511-0599facec6e1.COMHG53X5GHDTKZF.SEARCH&ppt=sp&ppn=sp&ssid=nhcg2z71dc0000001784730983127&qH=312f91285e048e09&ov_redirect=true,"Intel Core i5 Processor (13th Gen)","16 GB DDR4 RAM","64 bit Windows 11 Home","512 GB SSD","1 Year Onsite Warranty"
255,"HP 15 (2025)",51981,4.3,40,https://www.flipkart.com/hp-15-2025-amd-ryzen-3-quad-core-7320u-8-gb-512-gb-ssd-windows-11-home-thin-light-laptop/p/itm4d7551a2d065b?pid=COMHDPMSUGB8NUNP&lid=LSTCOMHDPMSUGB8NUNP1NPTZR&marketplace=FLIPKART&q=laptop&store=6bo%2Fb5g&srno=s_12_285&otracker=search&fm=organic&iid=7eeb81a6-0ae2-433f-9f89-b8cefe80911b.COMHDPMSUGB8NUNP.SEARCH&ppt=sp&ppn=sp&ssid=gyit10nxow0000001784730977714&qH=312f91285e048e09&ov_redirect=true,"AMD Ryzen 3 Quad Core Processor","8 GB DDR4 RAM","64 bit Windows 11 Home","512 GB SSD","1 Year Onsite Warranty"
256,"ASUS Vivobook Go 15",59990,4,8,https://www.flipkart.com/asus-vivobook-go-15-amd-ryzen-5-quad-core-7520u-16-gb-512-gb-ssd-windows-11-home-e1504fa-nj542ws-thin-light-laptop/p/itm968db504ada5b?pid=COMGMGXFDVGHQJA7&lid=LSTCOMGMGXFDVGHQJA7ITDLXO&marketplace=FLIPKART&q=laptop&store=6bo%2Fb5g&srno=s_13_294&otracker=search&fm=organic&iid=f09932e0-8820-4a25-9511-0599facec6e1.COMGMGXFDVGHQJA7.SEARCH&ppt=sp&ppn=sp&ssid=nhcg2z71dc0000001784730983127&qH=312f91285e048e09&ov_redirect=true,"AMD Ryzen 5 Quad Core Processor","16 GB LPDDR5 RAM","Windows 11","512 GB SSD","1 Year Onsite Warranty"
257,"HP 250R G10 (2025) (i3 14th Gen)",48999,3.9,19,https://www.flipkart.com/hp-250r-g10-2025-i3-14th-gen-intel-core-3-gen-100u-8-gb-512-gb-ssd-windows-11-home-thin-light-laptop/p/itmd5c1ce605db95?pid=COMHG6XZUYV6UGSK&lid=LSTCOMHG6XZUYV6UGSKVYIB2U&marketplace=FLIPKART&q=laptop&store=6bo%2Fb5g&srno=s_12_286&otracker=search&fm=organic&iid=7eeb81a6-0ae2-433f-9f89-b8cefe80911b.COMHG6XZUYV6UGSK.SEARCH&ppt=sp&ppn=sp&ssid=gyit10nxow0000001784730977714&qH=312f91285e048e09&ov_redirect=true,"Intel Core 3 Processor (14th Gen)","8 GB DDR4 RAM","64 bit Windows 11","512 GB SSD","1 Year"
258,"ASUS Vivobook Go 15 OLED",45990,4.4,4484,https://www.flipkart.com/asus-vivobook-go-15-oled-amd-ryzen-3-quad-core-7320u-8-gb-512-gb-ssd-windows-11-home-e1504fa-lk323ws-thin-light-laptop/p/itm3de88f71e558b?pid=COMGMGXFGF7ZTKHF&lid=LSTCOMGMGXFGF7ZTKHFBG8NVU&marketplace=FLIPKART&q=laptop&store=6bo%2Fb5g&srno=s_13_295&otracker=search&fm=organic&iid=f09932e0-8820-4a25-9511-0599facec6e1.COMGMGXFGF7ZTKHF.SEARCH&ppt=sp&ppn=sp&ssid=nhcg2z71dc0000001784730983127&qH=312f91285e048e09&ov_redirect=true,"AMD Ryzen 3 Quad Core Processor","8 GB LPDDR5 RAM","64 bit Windows 11 Home","512 GB SSD","1 Year Onsite Warranty"
259,"ASUS Vivobook 14 (2025)",58990,4.4,693,https://www.flipkart.com/asus-vivobook-14-2025-office-2024-m365-basic-backlit-keyboard-snapdragon-x-16-gb-512-gb-ssd-windows-11-home-x1407qa-ly038ws-thin-light-laptop/p/itm042ce22288962?pid=COMHCQ5ECGFYFBPE&lid=LSTCOMHCQ5ECGFYFBPERBD0GL&marketplace=FLIPKART&q=laptop&store=6bo%2Fb5g&srno=s_13_296&otracker=search&fm=organic&iid=f09932e0-8820-4a25-9511-0599facec6e1.COMHCQ5ECGFYFBPE.SEARCH&ppt=sp&ppn=sp&ssid=nhcg2z71dc0000001784730983127&qH=312f91285e048e09&ov_redirect=true,"Snapdragon X Processor","16 GB LPDDR5X RAM","Windows 11 Home","512 GB SSD","1 Year Onsite Warranty"
260,"Samsung Galaxy Book5 AI Metal",91990,4.6,463,https://www.flipkart.com/samsung-galaxy-book5-ai-metal-intel-core-ultra-7-255u-16-gb-512-gb-ssd-windows-11-home-np750xhd-thin-light-laptop/p/itma9c081cdbe95d?pid=COMHE4ATBCUTGUYT&lid=LSTCOMHE4ATBCUTGUYTJZ7NHN&marketplace=FLIPKART&q=laptop&store=6bo%2Fb5g&srno=s_12_287&otracker=search&fm=organic&iid=en_H-yx8iZaiG2h2AcTIYfNdHkHfCffWayMkVCrsCfztW_6ROaYm_h-feGaDZM1y1ZE_54vlUw9QAlUFlRYR6QtY8H5LP6GMXD1iSKF2pPmS-TiZxB1FALdY66BUbm7E9Kp&ppt=sp&ppn=sp&ssid=gyit10nxow0000001784730977714&qH=312f91285e048e09&ov_redirect=true,"Intel Core Ultra 7 Processor","16 GB LPDDR5X RAM","64 bit Windows 11","512 GB SSD","1 Year Manufacturer Warranty for Laptop and 6 Months for In-Box Accessories"
261,"HP Omnibook 3 2K WUXGA",72990,4.1,11,https://www.flipkart.com/hp-omnibook-3-2k-wuxga-snapdragon-x-16-gb-512-gb-ssd-windows-11-home-14-hz0024qu-laptop/p/itmbd5346cd09abc?pid=COMHZGK2ACSECZB5&lid=LSTCOMHZGK2ACSECZB52ALLPO&marketplace=FLIPKART&q=laptop&store=6bo%2Fb5g&srno=s_13_297&otracker=search&fm=organic&iid=en_XfE-5MKU-EaqBVl1xBE8SR833clUp2JF4SPZ14ZDKOdmjbvMmD-RHmjSbWcpzZAuQDaMOpjaAqIhVlr2eDOqkK8WMJxc_eOD3pdFe_35DQWtqkx2yUAhbhvt5LwoD8qU&ppt=sp&ppn=sp&ssid=nhcg2z71dc0000001784730983127&qH=312f91285e048e09&ov_redirect=true,"Snapdragon X Processor","16 GB LPDDR5X RAM","Windows 11 Home","512 GB SSD","1 Year Onsite Service"
262,"HP OMEN AI",134990,4.5,112,https://www.flipkart.com/hp-omen-ai-amd-ryzen-7-octa-core-350-24-gb-1-tb-ssd-windows-11-home-8-gb-graphics-nvidia-geforce-rtx-5050-16-ap0165ax-gaming-laptop/p/itm5661c90728083?pid=COMHEHHXKFQSABXZ&lid=LSTCOMHEHHXKFQSABXZEF3JCN&marketplace=FLIPKART&q=laptop&store=6bo%2Fb5g&srno=s_12_288&otracker=search&fm=organic&iid=en_H-yx8iZaiG2h2AcTIYfNdHkHfCffWayMkVCrsCfztW8e-7S7cEXqWiif9sIQGk39St8s0FwzStmVNuDw0YIb7vRQYaQqNgqexXd2bqUccoKzeFJc5NO3IVPUryC1oucL&ppt=sp&ppn=sp&ssid=gyit10nxow0000001784730977714&qH=312f91285e048e09&ov_redirect=true,"AMD Ryzen AI 7 Octa Core Processor","24 GB DDR5 RAM","Windows 11 Home","1 TB SSD","1 Year Onsite Warranty"
263,"DELL 15 (Previouly Inspiron)",57990,4.5,6,https://www.flipkart.com/dell-15-previouly-inspiron-amd-ryzen-5-quad-core-7520u-8-gb-512-gb-ssd-windows-11-home-dc15255-thin-light-laptop/p/itmb80bb4e819164?pid=COMHDXXUHGDCHMQX&lid=LSTCOMHDXXUHGDCHMQXUEUE9X&marketplace=FLIPKART&q=laptop&store=6bo%2Fb5g&srno=s_13_298&otracker=search&fm=organic&iid=en_XfE-5MKU-EaqBVl1xBE8SR833clUp2JF4SPZ14ZDKOfk-7Psv2Keqb6ej3Mj96TnKS7KjhXWMehRCKPAR7kLILb6bL0Zx_kaK68EeWHdQeCtqkx2yUAhbhvt5LwoD8qU&ppt=sp&ppn=sp&ssid=nhcg2z71dc0000001784730983127&qH=312f91285e048e09&ov_redirect=true,"AMD Ryzen 5 Quad Core Processor","8 GB LPDDR5 RAM","Windows 11","512 GB SSD","1 Year Onsite Warranty"
264,"DELL 14 Plus",102990,4.2,41,https://www.flipkart.com/dell-14-plus-microsoft-office-home-2024-intel-core-ultra-7-256v-16-gb-512-gb-ssd-windows-11-home-db14250-thin-light-laptop/p/itm31edf0baad0c4?pid=COMHDGD5RWKB8VUN&lid=LSTCOMHDGD5RWKB8VUNHLZGVA&marketplace=FLIPKART&q=laptop&store=6bo%2Fb5g&srno=s_13_289&otracker=search&fm=organic&iid=f09932e0-8820-4a25-9511-0599facec6e1.COMHDGD5RWKB8VUN.SEARCH&ppt=sp&ppn=sp&ssid=nhcg2z71dc0000001784730983127&qH=312f91285e048e09&ov_redirect=true,"Intel Core Ultra 7 Processor","16 GB LPDDR5X RAM","Windows 11","512 GB SSD","1 Year Onsite Warranty"
265,"ASUS Vivobook 15 (2025)",46990,4.3,1330,https://www.flipkart.com/asus-vivobook-15-2025-office-2024-m365-basic-intel-core-i3-13th-gen-16-gb-512-gb-ssd-windows-11-home-x1504va-d5341ws-thin-light-laptop/p/itmd83d758eebbf9?pid=COMHGWQYTCYV662C&lid=LSTCOMHGWQYTCYV662CYZIT49&marketplace=FLIPKART&q=laptop&store=6bo%2Fb5g&srno=s_13_299&otracker=search&fm=organic&iid=f09932e0-8820-4a25-9511-0599facec6e1.COMHGWQYTCYV662C.SEARCH&ppt=sp&ppn=sp&ssid=nhcg2z71dc0000001784730983127&qH=312f91285e048e09&ov_redirect=true,"Intel Core i3 Processor (13th Gen)","16 GB DDR5 RAM","Windows 11 Home","512 GB SSD","1 Year Onsite Warranty"
266,"ASUS Vivobook S14 (2026)",74990,4.4,38,https://www.flipkart.com/asus-vivobook-s14-2026-metallic-design-gaming-grade-cpu-amd-ryzen-5-220-16-gb-512-gb-ssd-windows-11-home-m3407ha-ly135ws-thin-light-laptop/p/itm654213a19c033?pid=COMHHHBZ5THJGNYB&lid=LSTCOMHHHBZ5THJGNYBD6SNVG&marketplace=FLIPKART&q=laptop&store=6bo%2Fb5g&srno=s_13_290&otracker=search&fm=organic&iid=f09932e0-8820-4a25-9511-0599facec6e1.COMHHHBZ5THJGNYB.SEARCH&ppt=sp&ppn=sp&ssid=nhcg2z71dc0000001784730983127&qH=312f91285e048e09&ov_redirect=true,"AMD Ryzen 5 Processor","16 GB DDR5 RAM","Windows 11 Home","512 GB SSD","1 Year Onsite Warranty"
267,"Acer Aspire 3",25990,4.3,6028,https://www.flipkart.com/acer-aspire-3-intel-core-i3-12th-gen-1215u-8-gb-512-gb-ssd-windows-11-home-a324-51-thin-light-laptop/p/itm7dda0a4d1d62a?pid=COMHY24RJH2YXVPG&lid=LSTCOMHY24RJH2YXVPGTVAAXW&marketplace=FLIPKART&q=laptop&store=6bo%2Fb5g&srno=s_13_300&otracker=search&fm=organic&iid=f09932e0-8820-4a25-9511-0599facec6e1.COMHY24RJH2YXVPG.SEARCH&ppt=sp&ppn=sp&ssid=nhcg2z71dc0000001784730983127&qH=312f91285e048e09&ov_redirect=true,"Intel Core i3 Processor (12th Gen)","8 GB DDR4 RAM","64 bit Windows 11","512 GB SSD","1 Year Domestic Warranty"
268,"HP 15 (i5 14th Gen)",82990,4.2,195,https://www.flipkart.com/hp-15-i5-14th-gen-intel-core-5-120u-24-gb-512-gb-ssd-windows-11-home-15-fd0262tu-thin-light-laptop/p/itm027a3317f4ff9?pid=COMHM94A7PHVCQT7&lid=LSTCOMHM94A7PHVCQT7QTPOH7&marketplace=FLIPKART&q=laptop&store=6bo%2Fb5g&srno=s_13_301&otracker=search&fm=organic&iid=en_XfE-5MKU-EaqBVl1xBE8SR833clUp2JF4SPZ14ZDKOcaNryjXkVgJ9Edia2igJtHajNODExQ3AD2YwLVEpFEnL-0TByd-y2aowfbZcqv2qCtqkx2yUAhbhvt5LwoD8qU&ppt=sp&ppn=sp&ssid=nhcg2z71dc0000001784730983127&qH=312f91285e048e09&ov_redirect=true,"Intel Core 5 Processor","24 GB DDR5 RAM","Windows 11 Home","512 GB SSD","1 Year Onsite Service"
269,"HP 14 AI PC",79990,4.1,790,https://www.flipkart.com/hp-14-ai-pc-intel-core-ultra-7-155h-16-gb-512-gb-ssd-windows-11-home-14-ep1151tu-14-gr1036tu-14-ep1151tu-thin-light-laptop/p/itm4c681812b88bf?pid=COMHF8G932EYZAJF&lid=LSTCOMHF8G932EYZAJFOUI9CA&marketplace=FLIPKART&q=laptop&store=6bo%2Fb5g&srno=s_13_302&otracker=search&fm=organic&iid=en_XfE-5MKU-EaqBVl1xBE8SR833clUp2JF4SPZ14ZDKOfmQ7OVIGvRluBmVgQWD1Okq1hjzYDbDbYctS2-qOIVIqU4JGq2qGfuCYjFJWjKqlT3mFl5qJxoBS3TaeX7fNYC&ppt=sp&ppn=sp&ssid=nhcg2z71dc0000001784730983127&qH=312f91285e048e09&ov_redirect=true,"Intel Core Ultra 7 Processor","16 GB DDR5 RAM","Windows 11 Home","512 GB SSD","1 Year Onsite Warranty"
270,"HP 14 AI PC",85990,4.1,790,https://www.flipkart.com/hp-14-ai-pc-intel-core-ultra-7-155h-16-gb-1-tb-ssd-windows-11-home-14-ep1152tu-thin-light-laptop/p/itm448874079369f?pid=COMHG98EXZ3AJYZN&lid=LSTCOMHG98EXZ3AJYZNODD67U&marketplace=FLIPKART&q=laptop&store=6bo%2Fb5g&srno=s_13_307&otracker=search&fm=organic&iid=en_XfE-5MKU-EaqBVl1xBE8SR833clUp2JF4SPZ14ZDKOc9qhDa_6QjofQapaaPdWJUC6YBzjaUMmK47SGkba_3oSGkgDYpheMzpTOfbcb9jJr3mFl5qJxoBS3TaeX7fNYC&ppt=sp&ppn=sp&ssid=nhcg2z71dc0000001784730983127&qH=312f91285e048e09&ov_redirect=true,"Intel Core Ultra 7 Processor","16 GB DDR5 RAM","Windows 11 Home","1 TB SSD","1 Year Onsite Warranty"
271,"Samsung Galaxy Book5 AI Metal",84990,4.6,837,https://www.flipkart.com/samsung-galaxy-book5-ai-metal-intel-core-ultra-5-225u-16-gb-512-gb-ssd-windows-11-home-np750xhd-thin-light-laptop/p/itmc33d2563d0ffc?pid=COMHE4ATPCZ9FXRP&lid=LSTCOMHE4ATPCZ9FXRP7N1GVG&marketplace=FLIPKART&q=laptop&store=6bo%2Fb5g&srno=s_13_308&otracker=search&fm=organic&iid=en_XfE-5MKU-EaqBVl1xBE8SR833clUp2JF4SPZ14ZDKOcCX07oVVXiG_pVVTyvoua03WHJiuMjlX0EHxFVCjPkyeUBYPBIqgZE3mSuDz4Hsbmtqkx2yUAhbhvt5LwoD8qU&ppt=sp&ppn=sp&ssid=nhcg2z71dc0000001784730983127&qH=312f91285e048e09&ov_redirect=true,"Intel Core Ultra 5 Processor","16 GB LPDDR5X RAM","64 bit Windows 11","512 GB SSD","1 Year Manufacturer Warranty for Laptop and 6 Months for In-Box Accessories"
272,"DELL 15 (Previously Inspiron) AI Powered",86990,3.7,7,https://www.flipkart.com/dell-15-previously-inspiron-ai-powered-intel-core-ultra-5-225h-16-gb-512-gb-ssd-windows-11-home-thin-light-laptop/p/itm3d19bf8ab4b69?pid=COMHM29DAFVUFDWE&lid=LSTCOMHM29DAFVUFDWEVKJ0QX&marketplace=FLIPKART&q=laptop&store=6bo%2Fb5g&srno=s_13_303&otracker=search&fm=organic&iid=f09932e0-8820-4a25-9511-0599facec6e1.COMHM29DAFVUFDWE.SEARCH&ppt=sp&ppn=sp&ssid=nhcg2z71dc0000001784730983127&qH=312f91285e048e09&ov_redirect=true,"Intel Core Ultra 5 Processor","16 GB DDR5 RAM","Windows 11 Home","512 GB SSD","1 Year Onsite Service"
273,"ASUS Vivobook 16 (2025)",70990,4.2,76,https://www.flipkart.com/asus-vivobook-16-2025-office-2024-m365-basic-intel-core-i7-13th-gen-13620h-16-gb-512-gb-ssd-windows-11-home-x1605va-mb1628ws-thin-light-laptop/p/itm8069bd1c2fb5f?pid=COMH9SJ9BGMUNG2A&lid=LSTCOMH9SJ9BGMUNG2AX6FJBZ&marketplace=FLIPKART&q=laptop&store=6bo%2Fb5g&srno=s_13_304&otracker=search&fm=organic&iid=f09932e0-8820-4a25-9511-0599facec6e1.COMH9SJ9BGMUNG2A.SEARCH&ppt=sp&ppn=sp&ssid=nhcg2z71dc0000001784730983127&qH=312f91285e048e09&ov_redirect=true,"Intel Core i7 Processor (13th Gen)","16 GB DDR4 RAM","Windows 11 Home","512 GB SSD","1 Year Onsite Warranty"
274,"ZEBRONICS Pro Series Z",78999,4,374,https://www.flipkart.com/zebronics-pro-series-z-intel-core-i7-12th-gen-1255u-16-gb-512-gb-ssd-windows-11-home-zeb-nbc-5s-thin-light-laptop/p/itmb605901c4d2a7?pid=COMGSZ8NYXVUZWZ8&lid=LSTCOMGSZ8NYXVUZWZ8950QCM&marketplace=FLIPKART&q=laptop&store=6bo%2Fb5g&srno=s_13_305&otracker=search&fm=organic&iid=f09932e0-8820-4a25-9511-0599facec6e1.COMGSZ8NYXVUZWZ8.SEARCH&ppt=sp&ppn=sp&ssid=nhcg2z71dc0000001784730983127&qH=312f91285e048e09&ov_redirect=true,"Intel Core i7 Processor (12th Gen)","16 GB DDR4 RAM","Windows 11","512 GB SSD","1 Year Carry-in Warranty"
275,"Lenovo 100e Chromebook Gen 4",32990,4,3211,https://www.flipkart.com/lenovo-100e-chromebook-gen-4-mediatek-kompanio-520-8-gb-64-gb-emmc-storage-chrome-os/p/itm338cfd61c4d4e?pid=COMHC5G9YPVUM34V&lid=LSTCOMHC5G9YPVUM34VZ0HVSZ&marketplace=FLIPKART&q=laptop&store=6bo%2Fb5g&srno=s_13_309&otracker=search&fm=organic&iid=f09932e0-8820-4a25-9511-0599facec6e1.COMHC5G9YPVUM34V.SEARCH&ppt=sp&ppn=sp&ssid=nhcg2z71dc0000001784730983127&qH=312f91285e048e09&ov_redirect=true,"MediaTek Kompanio 520 Processor","8 GB LPDDR4X RAM",ChromeOS,NULL,"1 Year Carry In Warranty"
276,"Infinix ZEROBOOK 13",86990,4,1430,https://www.flipkart.com/infinix-zerobook-13-intel-core-i9-13th-gen-13900h-32-gb-1-tb-ssd-windows-11-home-zl513-thin-light-laptop/p/itmad7e026e8b8c5?pid=COMGRFPGYCKFSGZG&lid=LSTCOMGRFPGYCKFSGZGMBU4DX&marketplace=FLIPKART&q=laptop&store=6bo%2Fb5g&srno=s_13_310&otracker=search&fm=organic&iid=f09932e0-8820-4a25-9511-0599facec6e1.COMGRFPGYCKFSGZG.SEARCH&ppt=sp&ppn=sp&ssid=nhcg2z71dc0000001784730983127&qH=312f91285e048e09&ov_redirect=true,"Intel Core i9 Processor (13th Gen)","32 GB LPDDR5X RAM","64 bit Windows 11","1 TB SSD","1 Year Onsite Warranty"
277,"HP 15 (i3 14th Gen)",49990,4.2,1654,https://www.flipkart.com/hp-15-i3-14th-gen-intel-core-3-100u-16-gb-512-gb-ssd-windows-11-home-15-fd0885tu-thin-light-laptop/p/itm661ed697fa9ca?pid=COMHK4F734GZWHFM&lid=LSTCOMHK4F734GZWHFMN7EU3K&marketplace=FLIPKART&q=laptop&store=6bo%2Fb5g&srno=s_13_306&otracker=search&fm=organic&iid=f09932e0-8820-4a25-9511-0599facec6e1.COMHK4F734GZWHFM.SEARCH&ppt=sp&ppn=sp&ssid=nhcg2z71dc0000001784730983127&qH=312f91285e048e09&ov_redirect=true,"Intel Core 3 Processor","16 GB DDR4 RAM","Windows 11 Home","512 GB SSD","1 Year Onsite Warranty"
278,"Samsung Galaxy Book5 AI Metal",91990,4.6,463,https://www.flipkart.com/samsung-galaxy-book5-ai-metal-intel-core-ultra-7-255u-16-gb-512-gb-ssd-windows-11-home-np750xhd-thin-light-laptop/p/itma9c081cdbe95d?pid=COMHE4ATBCUTGUYT&lid=LSTCOMHE4ATBCUTGUYTJZ7NHN&marketplace=FLIPKART&q=laptop&store=6bo%2Fb5g&srno=s_13_311&otracker=search&fm=organic&iid=en_XfE-5MKU-EaqBVl1xBE8SR833clUp2JF4SPZ14ZDKOdyOksyw09QgZU1IMYoegTQ_54vlUw9QAlUFlRYR6QtY8H5LP6GMXD1iSKF2pPmS-Stqkx2yUAhbhvt5LwoD8qU&ppt=sp&ppn=sp&ssid=nhcg2z71dc0000001784730983127&qH=312f91285e048e09&ov_redirect=true,"Intel Core Ultra 7 Processor","16 GB LPDDR5X RAM","64 bit Windows 11","512 GB SSD","1 Year Manufacturer Warranty for Laptop and 6 Months for In-Box Accessories"
279,HP,61990,4.2,518,https://www.flipkart.com/hp-amd-ryzen-5-quad-core-7520u-8-gb-512-gb-ssd-windows-11-home-15-fc0805au-thin-light-laptop/p/itm044828973e180?pid=COMHH6Q4E6HYUURM&lid=LSTCOMHH6Q4E6HYUURMEMAVL7&marketplace=FLIPKART&q=laptop&store=6bo%2Fb5g&srno=s_13_312&otracker=search&fm=organic&iid=en_XfE-5MKU-EaqBVl1xBE8SR833clUp2JF4SPZ14ZDKOeDD7KkyO_jus0hee6QKn8DsOd6KuVqwHDFy0J29HO5TOevpcpIWiH_FUztnfn_SSy4yJkkGb0tk6PQGYiEH9fB&ppt=sp&ppn=sp&ssid=nhcg2z71dc0000001784730983127&qH=312f91285e048e09&ov_redirect=true,"AMD Ryzen 5 Quad Core Processor","8 GB LPDDR5 RAM","Windows 11 Home","512 GB SSD","1 Year Onsite Service"
280,"Lenovo THINKBOOK 16",61999,4,3,https://www.flipkart.com/lenovo-thinkbook-16-amd-ryzen-5-hexa-core-7th-gen-7535hs-8-gb-512-gb-ssd-windows-11-home-21mwa0ajin-laptop/p/itmcbce731f301ec?pid=COMHGFZVG8YBFFYP&lid=LSTCOMHGFZVG8YBFFYPVQO2AL&marketplace=FLIPKART&q=laptop&store=6bo%2Fb5g&srno=s_14_313&otracker=search&fm=organic&iid=0b7fb816-0688-419e-b85c-f2c0a1c18eb9.COMHGFZVG8YBFFYP.SEARCH&ppt=sp&ppn=sp&ssid=bxhfipn0ow0000001784730988506&qH=312f91285e048e09&ov_redirect=true,"AMD Ryzen 5 Hexa Core Processor (7th Gen)","8 GB LPDDR5 RAM","64 bit Windows 11 Home","512 GB SSD","1 YEAR WARRANTY BY ONSITE"
281,"ASUS Vivobook S14 OLED (2025), AI PC, Metal Body,",94990,4.4,10,https://www.flipkart.com/asus-vivobook-s14-oled-2025-ai-pc-metal-body-backlit-keyboard-intel-core-ultra-7-256v-16-gb-512-gb-ssd-windows-11-home-s5406sa-qd094ws-thin-light-laptop/p/itmdbf3ebc3114d9?pid=COMH89EBVHHSCD5Z&lid=LSTCOMH89EBVHHSCD5ZFA1VUA&marketplace=FLIPKART&q=laptop&store=6bo%2Fb5g&srno=s_14_314&otracker=search&fm=organic&iid=0b7fb816-0688-419e-b85c-f2c0a1c18eb9.COMH89EBVHHSCD5Z.SEARCH&ppt=sp&ppn=sp&ssid=bxhfipn0ow0000001784730988506&qH=312f91285e048e09&ov_redirect=true,"Intel Core Ultra 7 Processor","16 GB LPDDR5X RAM","Windows 11 Home","512 GB SSD","1 Year Onsite warranty"
282,"DELL 15 (Previouly Inspiron)",57990,4.5,6,https://www.flipkart.com/dell-15-previouly-inspiron-amd-ryzen-5-quad-core-7520u-8-gb-512-gb-ssd-windows-11-home-dc15255-thin-light-laptop/p/itmb80bb4e819164?pid=COMHDXXUHGDCHMQX&lid=LSTCOMHDXXUHGDCHMQXUEUE9X&marketplace=FLIPKART&q=laptop&store=6bo%2Fb5g&srno=s_14_322&otracker=search&fm=organic&iid=en_kGid06UdH4ZtfgZE_zfgLjemnkyCSgqg0kynhg7OxW9xg-9ggx9VAPabgy-qC0XGKS7KjhXWMehRCKPAR7kLILb6bL0Zx_kaK68EeWHdQeCj-d5W6k1-w5DHZQyAGUOZ&ppt=sp&ppn=sp&ssid=bxhfipn0ow0000001784730988506&qH=312f91285e048e09&ov_redirect=true,"AMD Ryzen 5 Quad Core Processor","8 GB LPDDR5 RAM","Windows 11","512 GB SSD","1 Year Onsite Warranty"
283,"Acer Predator Helios Neo 16S AI",185999,4.8,8,https://www.flipkart.com/acer-predator-helios-neo-16s-ai-intel-core-ultra-7-255hx-16-gb-1-tb-ssd-windows-11-home-8-gb-graphics-nvidia-geforce-rtx-5050-phn16s-71-gaming-laptop/p/itm6dd371d875dbf?pid=COMHDT6GMMZPGGGP&lid=LSTCOMHDT6GMMZPGGGP4RV0PL&marketplace=FLIPKART&q=laptop&store=6bo%2Fb5g&srno=s_14_315&otracker=search&fm=organic&iid=0b7fb816-0688-419e-b85c-f2c0a1c18eb9.COMHDT6GMMZPGGGP.SEARCH&ppt=sp&ppn=sp&ssid=bxhfipn0ow0000001784730988506&qH=312f91285e048e09&ov_redirect=true,"Intel Core Ultra 7 Processor","16 GB DDR5 RAM","64 bit Windows 11 Home","1 TB SSD","1 Year Warranty"
284,"Samsung Galaxy Book5 360 Next Gen AI PC Full Metal Chasis",111999,4.5,73,https://www.flipkart.com/samsung-galaxy-book5-360-next-gen-ai-pc-full-metal-chasis-intel-core-ultra-5-226v-16-gb-512-gb-ssd-windows-11-home-np750qha-2-1-laptop/p/itmc76ec3e8002b4?pid=COMH9PHPRY2KUCGG&lid=LSTCOMH9PHPRY2KUCGGLZSALD&marketplace=FLIPKART&q=laptop&store=6bo%2Fb5g&srno=s_14_323&otracker=search&fm=organic&iid=0b7fb816-0688-419e-b85c-f2c0a1c18eb9.COMH9PHPRY2KUCGG.SEARCH&ppt=sp&ppn=sp&ssid=bxhfipn0ow0000001784730988506&qH=312f91285e048e09&ov_redirect=true,"Intel Core Ultra 5 Processor","16 GB LPDDR5X RAM","Windows 11","512 GB SSD","1 Year Onsite Warranty"
285,"ASUS Gaming V16 (2025) for Creator",89990,4.2,35,https://www.flipkart.com/asus-gaming-v16-2025-creator-office-2024-m365-basic-ai-pc-i5-14th-gen-intel-core-5-210h-16-gb-512-gb-ssd-windows-11-home-8-graphics-nvidia-geforce-rtx-5050-144-hz-v3607vh-rp037ws-laptop/p/itm7d7ee6f36f528?pid=COMHDG7CPRBZSMSX&lid=LSTCOMHDG7CPRBZSMSXRFQ2SD&marketplace=FLIPKART&q=laptop&store=6bo%2Fb5g&srno=s_14_316&otracker=search&fm=organic&iid=0b7fb816-0688-419e-b85c-f2c0a1c18eb9.COMHDG7CPRBZSMSX.SEARCH&ppt=sp&ppn=sp&ssid=bxhfipn0ow0000001784730988506&qH=312f91285e048e09&ov_redirect=true,"Intel Core 5 Processor","16 GB DDR5 RAM","Windows 11 Home","512 GB SSD","1 Year Onsite Warranty"
286,"Acer Aspire",62990,3.7,14,https://www.flipkart.com/acer-aspire-intel-core-i5-13th-gen-13420h-16-gb-512-gb-ssd-windows-11-home-al15-52h-thin-light-laptop/p/itm7d8c274d68fef?pid=COMHG6ZG28ZSCEAD&lid=LSTCOMHG6ZG28ZSCEADDQ5PYL&marketplace=FLIPKART&q=laptop&store=6bo%2Fb5g&srno=s_14_324&otracker=search&fm=organic&iid=0b7fb816-0688-419e-b85c-f2c0a1c18eb9.COMHG6ZG28ZSCEAD.SEARCH&ppt=sp&ppn=sp&ssid=bxhfipn0ow0000001784730988506&qH=312f91285e048e09&ov_redirect=true,"Intel Core i5 Processor (13th Gen)","16 GB LPDDR5 RAM","Windows 11 Home","512 GB SSD","1 Year Carry-in Warranty"
287,"Samsung Galaxy Book4 Metal",56990,4.4,19735,https://www.flipkart.com/samsung-galaxy-book4-metal-intel-core-i5-13th-gen-1335u-8-gb-512-gb-ssd-windows-11-home-np750xgj-kg1in-np750xgj-lg1in-np750xgj-lg6in-thin-light-laptop/p/itm1df5212efb9fc?pid=COMGZUYDFZXHWYWZ&lid=LSTCOMGZUYDFZXHWYWZJ6V2KW&marketplace=FLIPKART&q=laptop&store=6bo%2Fb5g&srno=s_14_317&otracker=search&fm=organic&iid=en_kGid06UdH4ZtfgZE_zfgLjemnkyCSgqg0kynhg7OxW-tf9egIJ47lHAfrvtqmE5MsfGME0kkMQMICwGxasfmZSpiZoP3ZcDDMuaOuWFYumOj-d5W6k1-w5DHZQyAGUOZ&ppt=sp&ppn=sp&ssid=bxhfipn0ow0000001784730988506&qH=312f91285e048e09&ov_redirect=true,"Intel Core i5 Processor (13th Gen)","8 GB LPDDR4X RAM","64 bit Windows 11","512 GB SSD","1 Year Manufacturer Warranty for Laptop and 6 Months for In-Box Accessories"
288,"Samsung Galaxy Book4 Metal",57490,4.4,10670,https://www.flipkart.com/samsung-galaxy-book4-metal-intel-core-i3-13th-gen-1315u-8-gb-512-gb-ssd-windows-11-home-np750xgj-lg9in-thin-light-laptop/p/itmc29d559898e6f?pid=COMH4Y6KKRC9YSWE&lid=LSTCOMH4Y6KKRC9YSWERDUMZD&marketplace=FLIPKART&q=laptop&store=6bo%2Fb5g&srno=s_14_318&otracker=search&fm=organic&iid=en_kGid06UdH4ZtfgZE_zfgLjemnkyCSgqg0kynhg7OxW8x0T8M1198QrtpEpiBSjKUVqKfzRTPmTYCvEc1OQ2_kCChg9vAnpscSdI7uOc1ZHWj-d5W6k1-w5DHZQyAGUOZ&ppt=sp&ppn=sp&ssid=bxhfipn0ow0000001784730988506&qH=312f91285e048e09&ov_redirect=true,"Intel Core i3 Processor (13th Gen)","8 GB LPDDR4X RAM","64 bit Windows 11","512 GB SSD","1 Year Onsite Warranty"
289,"HP Pavilion Plus Metal Body",92746,4.2,30,https://www.flipkart.com/hp-pavilion-plus-metal-body-intel-core-i5-13th-gen-1335u-16-gb-512-gb-ssd-windows-11-home-14-ew0107tu-thin-light-laptop/p/itmdeb02fb3f429e?pid=COMHFKPV6PUYZQMT&lid=LSTCOMHFKPV6PUYZQMT9IL6NN&marketplace=FLIPKART&q=laptop&store=6bo%2Fb5g&srno=s_14_319&otracker=search&fm=organic&iid=0b7fb816-0688-419e-b85c-f2c0a1c18eb9.COMHFKPV6PUYZQMT.SEARCH&ppt=sp&ppn=sp&ssid=bxhfipn0ow0000001784730988506&qH=312f91285e048e09&ov_redirect=true,"Intel Core i5 Processor (13th Gen)","16 GB DDR5 RAM","Windows 11 Home","512 GB SSD","1 Year Warranty and Only 6 Months Warranty on Battery and Adaptor"
290,"ASUS Vivobook 16 (2026) AI PC",88990,4.8,5,https://www.flipkart.com/asus-vivobook-16-2026-ai-pc-office-2024-m365-basic-copilot-amd-ryzen-7-hexa-core-445-16-gb-512-gb-ssd-windows-11-home-m1607ga-mb030ws-thin-light-laptop/p/itmd56383b013987?pid=COMHJJ2HCUTYXY36&lid=LSTCOMHJJ2HCUTYXY36JLVRL0&marketplace=FLIPKART&q=laptop&store=6bo%2Fb5g&srno=s_14_320&otracker=search&fm=organic&iid=0b7fb816-0688-419e-b85c-f2c0a1c18eb9.COMHJJ2HCUTYXY36.SEARCH&ppt=sp&ppn=sp&ssid=bxhfipn0ow0000001784730988506&qH=312f91285e048e09&ov_redirect=true,"AMD Ryzen AI 7 Hexa Core Processor","16 GB DDR5 RAM","Windows 11 Home","512 GB SSD","1 Year Onsite Warranty"
291,"HP (i3 14th Gen)",51999,4.4,18,https://www.flipkart.com/hp-i3-14th-gen-intel-core-3-100u-8-gb-512-gb-ssd-windows-11-home-15-fd1095tu-thin-light-laptop/p/itm95d048b532731?pid=COMHY9ZVDGZVWPFJ&lid=LSTCOMHY9ZVDGZVWPFJ5O95JC&marketplace=FLIPKART&q=laptop&store=6bo%2Fb5g&srno=s_14_325&otracker=search&fm=organic&iid=0b7fb816-0688-419e-b85c-f2c0a1c18eb9.COMHY9ZVDGZVWPFJ.SEARCH&ppt=sp&ppn=sp&ssid=bxhfipn0ow0000001784730988506&qH=312f91285e048e09&ov_redirect=true,"Intel Core 3 Processor","8 GB DDR4 RAM","Windows 11","512 GB SSD","1 Year Onsite Warranty"
292,"HP Omnibook 3 2K WUXGA",72990,4.1,11,https://www.flipkart.com/hp-omnibook-3-2k-wuxga-snapdragon-x-16-gb-512-gb-ssd-windows-11-home-14-hz0024qu-laptop/p/itmbd5346cd09abc?pid=COMHZGK2ACSECZB5&lid=LSTCOMHZGK2ACSECZB52ALLPO&marketplace=FLIPKART&q=laptop&store=6bo%2Fb5g&srno=s_14_321&otracker=search&fm=organic&iid=en_kGid06UdH4ZtfgZE_zfgLjemnkyCSgqg0kynhg7OxW_uVOymEEby8j9cdtwipqi9QDaMOpjaAqIhVlr2eDOqkK8WMJxc_eOD3pdFe_35DQWj-d5W6k1-w5DHZQyAGUOZ&ppt=sp&ppn=sp&ssid=bxhfipn0ow0000001784730988506&qH=312f91285e048e09&ov_redirect=true,"Snapdragon X Processor","16 GB LPDDR5X RAM","Windows 11 Home","512 GB SSD","1 Year Onsite Service"
293,"Acer Aspire",47990,4.1,76,https://www.flipkart.com/acer-aspire-intel-core-i3-13th-gen-1305u-8-gb-512-gb-ssd-windows-11-home-al15-53-notebook/p/itm1bc0bcb4598e7?pid=COMH5WHP8HVDEHE8&lid=LSTCOMH5WHP8HVDEHE8YFCK5G&marketplace=FLIPKART&q=laptop&store=6bo%2Fb5g&srno=s_14_326&otracker=search&fm=organic&iid=0b7fb816-0688-419e-b85c-f2c0a1c18eb9.COMH5WHP8HVDEHE8.SEARCH&ppt=sp&ppn=sp&ssid=bxhfipn0ow0000001784730988506&qH=312f91285e048e09&ov_redirect=true,"Intel Core i3 Processor (13th Gen)","8 GB DDR4 RAM","64 bit Windows 11 Home","512 GB SSD","1 Year Warranty"
294,"HP 15 (i5 14th Gen)",82990,4.2,195,https://www.flipkart.com/hp-15-i5-14th-gen-intel-core-5-120u-24-gb-512-gb-ssd-windows-11-home-15-fd0262tu-thin-light-laptop/p/itm027a3317f4ff9?pid=COMHM94A7PHVCQT7&lid=LSTCOMHM94A7PHVCQT7QTPOH7&marketplace=FLIPKART&q=laptop&store=6bo%2Fb5g&srno=s_14_327&otracker=search&fm=organic&iid=en_kGid06UdH4ZtfgZE_zfgLjemnkyCSgqg0kynhg7OxW8mFZIVQ7izG6S5tbkbTyIWajNODExQ3AD2YwLVEpFEnL-0TByd-y2aowfbZcqv2qCj-d5W6k1-w5DHZQyAGUOZ&ppt=sp&ppn=sp&ssid=bxhfipn0ow0000001784730988506&qH=312f91285e048e09&ov_redirect=true,"Intel Core 5 Processor","24 GB DDR5 RAM","Windows 11 Home","512 GB SSD","1 Year Onsite Service"
295,"HP 14 AI PC",85990,4.1,790,https://www.flipkart.com/hp-14-ai-pc-intel-core-ultra-7-155h-16-gb-1-tb-ssd-windows-11-home-14-ep1152tu-thin-light-laptop/p/itm448874079369f?pid=COMHG98EXZ3AJYZN&lid=LSTCOMHG98EXZ3AJYZNODD67U&marketplace=FLIPKART&q=laptop&store=6bo%2Fb5g&srno=s_14_328&otracker=search&fm=organic&iid=en_kGid06UdH4ZtfgZE_zfgLjemnkyCSgqg0kynhg7OxW_Sk_UHqq5fHr84oQK0QlPsn9sG8qIKSbGwDcGdLV_LgSGkgDYpheMzpTOfbcb9jJr_ne335JTCYWezfUV2Phib&ppt=sp&ppn=sp&ssid=bxhfipn0ow0000001784730988506&qH=312f91285e048e09&ov_redirect=true,"Intel Core Ultra 7 Processor","16 GB DDR5 RAM","Windows 11 Home","1 TB SSD","1 Year Onsite Warranty"
296,"ASUS ROG Zephyrus G14 (2025)",279990,4.3,8,https://www.flipkart.com/asus-rog-zephyrus-g14-2025-office-2024-m365-basic-amd-ryzen-ai-9-12-core-hx-370-32-gb-2-tb-ssd-windows-11-home-12-gb-graphics-nvidia-geforce-rtx-5070-ti-120-hz-120-w-ga403wr-qs123ws-gaming-laptop/p/itmbc252f9d7aae4?pid=COMHBGQ4YJHKMMPM&lid=LSTCOMHBGQ4YJHKMMPMZPTJXT&marketplace=FLIPKART&q=laptop&store=6bo%2Fb5g&srno=s_14_329&otracker=search&fm=organic&iid=0b7fb816-0688-419e-b85c-f2c0a1c18eb9.COMHBGQ4YJHKMMPM.SEARCH&ppt=sp&ppn=sp&ssid=bxhfipn0ow0000001784730988506&qH=312f91285e048e09&ov_redirect=true,"AMD Ryzen AI 9 12 Core Processor","32 GB LPDDR5X RAM","Windows 11 Home","2 TB SSD","1 Year Onsite Warranty"
297,"Acer One 14",41330,4,587,https://www.flipkart.com/acer-one-14-amd-ryzen-3-quad-core-7320u-8-gb-256-gb-ssd-windows-11-home-a114-43-thin-light-laptop/p/itm283f44123aab0?pid=COMGFHMJFHEDTDD4&lid=LSTCOMGFHMJFHEDTDD4VIBQYM&marketplace=FLIPKART&q=laptop&store=6bo%2Fb5g&srno=s_14_330&otracker=search&fm=organic&iid=0b7fb816-0688-419e-b85c-f2c0a1c18eb9.COMGFHMJFHEDTDD4.SEARCH&ppt=sp&ppn=sp&ssid=bxhfipn0ow0000001784730988506&qH=312f91285e048e09&ov_redirect=true,"AMD Ryzen 3 Quad Core Processor","8 GB LPDDR5 RAM","64 bit Windows 11","256 GB SSD","1 Year International Travelers Warranty (ITW)"
298,"HP 14 AI PC",79990,4.1,790,https://www.flipkart.com/hp-14-ai-pc-intel-core-ultra-7-155h-16-gb-512-gb-ssd-windows-11-home-14-ep1151tu-14-gr1036tu-14-ep1151tu-thin-light-laptop/p/itm4c681812b88bf?pid=COMHF8G932EYZAJF&lid=LSTCOMHF8G932EYZAJFOUI9CA&marketplace=FLIPKART&q=laptop&store=6bo%2Fb5g&srno=s_14_331&otracker=search&fm=organic&iid=en_kGid06UdH4ZtfgZE_zfgLjemnkyCSgqg0kynhg7OxW9gTqcXwcI-YbhRKhDJSfIf3zzcGhlXkGO1hWP1UU6KY6U4JGq2qGfuCYjFJWjKqlT_ne335JTCYWezfUV2Phib&ppt=sp&ppn=sp&ssid=bxhfipn0ow0000001784730988506&qH=312f91285e048e09&ov_redirect=true,"Intel Core Ultra 7 Processor","16 GB DDR5 RAM","Windows 11 Home","512 GB SSD","1 Year Onsite Warranty"
299,Acer,41990,3.7,28,https://www.flipkart.com/acer-intel-celeron-dual-core-n4500-12-gb-512-gb-ssd-windows-11-home-a325-45-notebook/p/itm221ab1a19bc6a?pid=COMHJ7VTPXVM2HVY&lid=LSTCOMHJ7VTPXVM2HVY4XXLZD&marketplace=FLIPKART&q=laptop&store=6bo%2Fb5g&srno=s_15_339&otracker=search&fm=organic&iid=a690634d-23cb-40e1-a1d4-7d41119eba01.COMHJ7VTPXVM2HVY.SEARCH&ppt=sp&ppn=sp&ssid=tl9a7tu19c0000001784730993943&qH=312f91285e048e09&ov_redirect=true,"Intel Celeron Dual Core Processor","12 GB LPDDR4X RAM","64 bit Windows 11 Home","512 GB SSD","1 Year Limited Warranty"
300,"Samsung Galaxy Book5 AI Metal",84990,4.6,837,https://www.flipkart.com/samsung-galaxy-book5-ai-metal-intel-core-ultra-5-225u-16-gb-512-gb-ssd-windows-11-home-np750xhd-thin-light-laptop/p/itmc33d2563d0ffc?pid=COMHE4ATPCZ9FXRP&lid=LSTCOMHE4ATPCZ9FXRP7N1GVG&marketplace=FLIPKART&q=laptop&store=6bo%2Fb5g&srno=s_14_332&otracker=search&fm=organic&iid=en_kGid06UdH4ZtfgZE_zfgLjemnkyCSgqg0kynhg7OxW_84f_SbRTVCVDCh-tug-wz3WHJiuMjlX0EHxFVCjPkyeUBYPBIqgZE3mSuDz4Hsbmj-d5W6k1-w5DHZQyAGUOZ&ppt=sp&ppn=sp&ssid=bxhfipn0ow0000001784730988506&qH=312f91285e048e09&ov_redirect=true,"Intel Core Ultra 5 Processor","16 GB LPDDR5X RAM","64 bit Windows 11","512 GB SSD","1 Year Manufacturer Warranty for Laptop and 6 Months for In-Box Accessories"
301,"MICROSOFT Surface Laptop 13"",100999,3.6,9,https://www.flipkart.com/microsoft-surface-laptop-13-365-6-months-snapdragon-x-plus-16-gb-256-gb-ssd-windows-11-home-ep2-36996/p/itm4ee6305cb4b81?pid=COMHHX3YYWYQHH2K&lid=LSTCOMHHX3YYWYQHH2KGKKUUB&marketplace=FLIPKART&q=laptop&store=6bo%2Fb5g&srno=s_14_333&otracker=search&fm=organic&iid=0b7fb816-0688-419e-b85c-f2c0a1c18eb9.COMHHX3YYWYQHH2K.SEARCH&ppt=sp&ppn=sp&ssid=bxhfipn0ow0000001784730988506&qH=312f91285e048e09&ov_redirect=true,"Snapdragon X Plus Processor","16 GB LPDDR5X RAM","64 bit Windows 11","256 GB SSD","1 Year Limited Warranty"
302,"DELL Inspiron 15 (2025) (Core i3 14th Gen)",53990,4.3,193,https://www.flipkart.com/dell-inspiron-15-2025-core-i3-14th-gen-intel-core-3-100u-8-gb-512-gb-ssd-windows-11-home-dc15250-thin-light-laptop/p/itma84a498e740e1?pid=COMHFSGXNDCHA5QN&lid=LSTCOMHFSGXNDCHA5QN41PO5N&marketplace=FLIPKART&q=laptop&store=6bo%2Fb5g&srno=s_14_334&otracker=search&fm=organic&iid=0b7fb816-0688-419e-b85c-f2c0a1c18eb9.COMHFSGXNDCHA5QN.SEARCH&ppt=sp&ppn=sp&ssid=bxhfipn0ow0000001784730988506&qH=312f91285e048e09&ov_redirect=true,"Intel Core 3 Processor","8 GB DDR4 RAM","Windows 11 Home","512 GB SSD","1 Year Onsite Hardware Service"
303,"Acer Nitro V 15",110000,4.4,93,https://www.flipkart.com/acer-nitro-v-15-intel-core-i7-13th-gen-13620h-16-gb-512-gb-ssd-windows-11-home-8-graphics-nvidia-geforce-rtx-5050-anv15-52-gaming-laptop/p/itmca41715d4a6d8?pid=COMHEAS2VRPZ8ZBC&lid=LSTCOMHEAS2VRPZ8ZBCDFCALC&marketplace=FLIPKART&q=laptop&store=6bo%2Fb5g&srno=s_14_335&otracker=search&fm=organic&iid=0b7fb816-0688-419e-b85c-f2c0a1c18eb9.COMHEAS2VRPZ8ZBC.SEARCH&ppt=sp&ppn=sp&ssid=bxhfipn0ow0000001784730988506&qH=312f91285e048e09&ov_redirect=true,"Intel Core i7 Processor (13th Gen)","16 GB DDR4 RAM","64 bit Windows 11 Home","512 GB SSD","1 Year Warranty"
304,"Samsung Galaxy Book4 Metal",56990,4.4,19735,https://www.flipkart.com/samsung-galaxy-book4-metal-intel-core-i5-13th-gen-1335u-8-gb-512-gb-ssd-windows-11-home-np750xgj-kg1in-np750xgj-lg1in-np750xgj-lg6in-thin-light-laptop/p/itm1df5212efb9fc?pid=COMGZUYDFZXHWYWZ&lid=LSTCOMGZUYDFZXHWYWZJ6V2KW&marketplace=FLIPKART&q=laptop&store=6bo%2Fb5g&srno=s_15_337&otracker=search&fm=organic&iid=en_RFDnxhq_JlXv5wx-gGB4zbp274nSpisxOiE2GKzehUjPLT5mh0eg3fYcwcRP-8YGsfGME0kkMQMICwGxasfmZSpiZoP3ZcDDMuaOuWFYumOXMCK_4HoiZlio1_iSe-aA&ppt=sp&ppn=sp&ssid=tl9a7tu19c0000001784730993943&qH=312f91285e048e09&ov_redirect=true,"Intel Core i5 Processor (13th Gen)","8 GB LPDDR4X RAM","64 bit Windows 11","512 GB SSD","1 Year Manufacturer Warranty for Laptop and 6 Months for In-Box Accessories"
305,"Lenovo IdeaPad Slim 3",72624,4.3,1300,https://www.flipkart.com/lenovo-ideapad-slim-3-backlit-intel-core-i5-12th-gen-12450h-16-gb-512-gb-ssd-windows-11-home-15iah8-thin-light-laptop/p/itm76f0e5d975817?pid=COMGVQ2Y3ENU2RNV&lid=LSTCOMGVQ2Y3ENU2RNVYWHCRG&marketplace=FLIPKART&q=laptop&store=6bo%2Fb5g&srno=s_15_340&otracker=search&fm=organic&iid=a690634d-23cb-40e1-a1d4-7d41119eba01.COMGVQ2Y3ENU2RNV.SEARCH&ppt=sp&ppn=sp&ssid=tl9a7tu19c0000001784730993943&qH=312f91285e048e09&ov_redirect=true,"Intel Core i5 Processor (12th Gen)","16 GB LPDDR5 RAM","Windows 11","512 GB SSD","1 Yr. Onsite + 1 Yr. Accidental Damage Protection"
306,"Samsung Galaxy Book4 Metal",57490,4.4,10670,https://www.flipkart.com/samsung-galaxy-book4-metal-intel-core-i3-13th-gen-1315u-8-gb-512-gb-ssd-windows-11-home-np750xgj-lg9in-thin-light-laptop/p/itmc29d559898e6f?pid=COMH4Y6KKRC9YSWE&lid=LSTCOMH4Y6KKRC9YSWERDUMZD&marketplace=FLIPKART&q=laptop&store=6bo%2Fb5g&srno=s_15_338&otracker=search&fm=organic&iid=en_RFDnxhq_JlXv5wx-gGB4zbp274nSpisxOiE2GKzehUgsa0dIiM1eB6u0-D12fOgyVqKfzRTPmTYCvEc1OQ2_kCChg9vAnpscSdI7uOc1ZHWXMCK_4HoiZlio1_iSe-aA&ppt=sp&ppn=sp&ssid=tl9a7tu19c0000001784730993943&qH=312f91285e048e09&ov_redirect=true,"Intel Core i3 Processor (13th Gen)","8 GB LPDDR4X RAM","64 bit Windows 11","512 GB SSD","1 Year Onsite Warranty"
307,"HP Omnibook 3 2K WUXGA",72990,4.1,11,https://www.flipkart.com/hp-omnibook-3-2k-wuxga-snapdragon-x-16-gb-512-gb-ssd-windows-11-home-14-hz0024qu-laptop/p/itmbd5346cd09abc?pid=COMHZGK2ACSECZB5&lid=LSTCOMHZGK2ACSECZB52ALLPO&marketplace=FLIPKART&q=laptop&store=6bo%2Fb5g&srno=s_15_341&otracker=search&fm=organic&iid=en_RFDnxhq_JlXv5wx-gGB4zbp274nSpisxOiE2GKzehUhueeRAjjSxVjIbSrU9d9JSQDaMOpjaAqIhVlr2eDOqkK8WMJxc_eOD3pdFe_35DQWXMCK_4HoiZlio1_iSe-aA&ppt=sp&ppn=sp&ssid=tl9a7tu19c0000001784730993943&qH=312f91285e048e09&ov_redirect=true,"Snapdragon X Processor","16 GB LPDDR5X RAM","Windows 11 Home","512 GB SSD","1 Year Onsite Service"
308,"DELL 15 (Previouly Inspiron)",57990,4.5,6,https://www.flipkart.com/dell-15-previouly-inspiron-amd-ryzen-5-quad-core-7520u-8-gb-512-gb-ssd-windows-11-home-dc15255-thin-light-laptop/p/itmb80bb4e819164?pid=COMHDXXUHGDCHMQX&lid=LSTCOMHDXXUHGDCHMQXUEUE9X&marketplace=FLIPKART&q=laptop&store=6bo%2Fb5g&srno=s_15_342&otracker=search&fm=organic&iid=en_RFDnxhq_JlXv5wx-gGB4zbp274nSpisxOiE2GKzehUh7ZBbwP0vxUX2yoaXH8AH7KS7KjhXWMehRCKPAR7kLILb6bL0Zx_kaK68EeWHdQeCXMCK_4HoiZlio1_iSe-aA&ppt=sp&ppn=sp&ssid=tl9a7tu19c0000001784730993943&qH=312f91285e048e09&ov_redirect=true,"AMD Ryzen 5 Quad Core Processor","8 GB LPDDR5 RAM","Windows 11","512 GB SSD","1 Year Onsite Warranty"
309,"Acer Aspire 7",49990,4.2,3923,https://www.flipkart.com/acer-aspire-7-intel-core-i5-12th-gen-12450h-16-gb-16-optane-512-ssd-windows-11-home-4-graphics-nvidia-geforce-rtx-2050-144-hz-50-w-a715-76g-52h4-a715-76g-gaming-laptop/p/itm45fad0c290245?pid=COMGRHJUCYY63HAA&lid=LSTCOMGRHJUCYY63HAA42YLKV&marketplace=FLIPKART&q=laptop&store=6bo%2Fb5g&srno=s_15_343&otracker=search&fm=organic&iid=a690634d-23cb-40e1-a1d4-7d41119eba01.COMGRHJUCYY63HAA.SEARCH&ppt=sp&ppn=sp&ssid=tl9a7tu19c0000001784730993943&qH=312f91285e048e09&ov_redirect=true,"Intel Core i5 Processor (12th Gen)","16 GB DDR4 RAM","Windows 11","512 GB SSD","1 Year Onsite Warranty"
310,DELL,62626,4.1,694,https://www.flipkart.com/dell-intel-core-i5-12th-gen-1235u-8-gb-512-gb-ssd-windows-11-home-new-inspiron-15-laptop-thin-light/p/itmbb62f4fcc7145?pid=COMGJ75HAXTTTV58&lid=LSTCOMGJ75HAXTTTV58DKOUI3&marketplace=FLIPKART&q=laptop&store=6bo%2Fb5g&srno=s_15_344&otracker=search&fm=organic&iid=a690634d-23cb-40e1-a1d4-7d41119eba01.COMGJ75HAXTTTV58.SEARCH&ppt=sp&ppn=sp&ssid=tl9a7tu19c0000001784730993943&qH=312f91285e048e09&ov_redirect=true,"Processor: Intel i5-1235U (Base- 3.30 GHz & Turbo up to 4.40 GHz) 10 Cores","RAM & Storage: 8GB DDR4 & 512GB SSD",NULL,NULL,"1 Year Onsite Hardware Service""
311,"HP Omnibook 3",62090,4.1,40,https://www.flipkart.com/hp-omnibook-3-amd-ryzen-ai-5-hexa-core-16-gb-512-gb-ssd-windows-11-home-15-fn0007au-thin-light-laptop/p/itm991fff3486d7e?pid=COMHCRP9G9TJHZZM&lid=LSTCOMHCRP9G9TJHZZMQEWJCQ&marketplace=FLIPKART&q=laptop&store=6bo%2Fb5g&srno=s_15_345&otracker=search&fm=organic&iid=a690634d-23cb-40e1-a1d4-7d41119eba01.COMHCRP9G9TJHZZM.SEARCH&ppt=sp&ppn=sp&ssid=tl9a7tu19c0000001784730993943&qH=312f91285e048e09&ov_redirect=true,"AMD Ryzen AI 5 Hexa Core Processor","16 GB DDR5 RAM","Windows 11 Home","512 GB SSD","1 Year Onsite Warranty"
312,"Acer Swift Neo",62990,4.2,1855,https://www.flipkart.com/acer-swift-neo-office-2024-m365-basic-intel-core-ultra-5-115u-16-gb-512-gb-ssd-windows-11-home-sfn14-54h-thin-light-laptop/p/itm336e8b0523178?pid=COMHFCR6Z9FAXPDG&lid=LSTCOMHFCR6Z9FAXPDG4ZSXU8&marketplace=FLIPKART&q=laptop&store=6bo%2Fb5g&srno=s_15_346&otracker=search&fm=organic&iid=a690634d-23cb-40e1-a1d4-7d41119eba01.COMHFCR6Z9FAXPDG.SEARCH&ppt=sp&ppn=sp&ssid=tl9a7tu19c0000001784730993943&qH=312f91285e048e09&ov_redirect=true,"Intel Core Ultra 5 Processor","16 GB LPDDR5 RAM","64 bit Windows 11 Home","512 GB SSD","1 Year Warranty"
313,"HP 15 (i5 14th Gen)",82990,4.2,195,https://www.flipkart.com/hp-15-i5-14th-gen-intel-core-5-120u-24-gb-512-gb-ssd-windows-11-home-15-fd0262tu-thin-light-laptop/p/itm027a3317f4ff9?pid=COMHM94A7PHVCQT7&lid=LSTCOMHM94A7PHVCQT7QTPOH7&marketplace=FLIPKART&q=laptop&store=6bo%2Fb5g&srno=s_15_347&otracker=search&fm=organic&iid=en_RFDnxhq_JlXv5wx-gGB4zbp274nSpisxOiE2GKzehUhLyxbzv-k_m4_JnNHMq4zSajNODExQ3AD2YwLVEpFEnL-0TByd-y2aowfbZcqv2qCXMCK_4HoiZlio1_iSe-aA&ppt=sp&ppn=sp&ssid=tl9a7tu19c0000001784730993943&qH=312f91285e048e09&ov_redirect=true,"Intel Core 5 Processor","24 GB DDR5 RAM","Windows 11 Home","512 GB SSD","1 Year Onsite Service"
314,"HP 14 AI PC",79990,4.1,790,https://www.flipkart.com/hp-14-ai-pc-intel-core-ultra-7-155h-16-gb-512-gb-ssd-windows-11-home-14-ep1151tu-14-gr1036tu-14-ep1151tu-thin-light-laptop/p/itm4c681812b88bf?pid=COMHF8G932EYZAJF&lid=LSTCOMHF8G932EYZAJFOUI9CA&marketplace=FLIPKART&q=laptop&store=6bo%2Fb5g&srno=s_15_348&otracker=search&fm=organic&iid=en_RFDnxhq_JlXv5wx-gGB4zbp274nSpisxOiE2GKzehUj_bC4zsMvXV7xB11kIBcYfq1hjzYDbDbYctS2-qOIVIqU4JGq2qGfuCYjFJWjKqlTlCginEPHIewqA9Otky2wq&ppt=sp&ppn=sp&ssid=tl9a7tu19c0000001784730993943&qH=312f91285e048e09&ov_redirect=true,"Intel Core Ultra 7 Processor","16 GB DDR5 RAM","Windows 11 Home","512 GB SSD","1 Year Onsite Warranty"
315,"ASUS Vivobook Go 15",58773,4.3,1845,https://www.flipkart.com/asus-vivobook-go-15-amd-ryzen-5-quad-core-7520u-16-gb-512-gb-ssd-windows-11-home-e1504fa-nj5542ws-e1504fa-nj1505ws-e1504fa-bq2414ws-thin-light-laptop/p/itm1af16aa906cf4?pid=COMH8VXVXPVQTHHR&lid=LSTCOMH8VXVXPVQTHHR13JD7X&marketplace=FLIPKART&q=laptop&store=6bo%2Fb5g&srno=s_15_349&otracker=search&fm=organic&iid=a690634d-23cb-40e1-a1d4-7d41119eba01.COMH8VXVXPVQTHHR.SEARCH&ppt=sp&ppn=sp&ssid=tl9a7tu19c0000001784730993943&qH=312f91285e048e09&ov_redirect=true,"AMD Ryzen 5 Quad Core Processor","16 GB LPDDR5 RAM","Windows 11 Home","512 GB SSD","1 Year Carry-in Warranty"
316,"Lenovo IdeaPad Slim 3",72624,4.3,847,https://www.flipkart.com/lenovo-ideapad-slim-3-intel-core-i5-13th-gen-13420h-16-gb-512-gb-ssd-windows-11-home-15irh8-thin-light-laptop/p/itm460c3a65056e4?pid=COMGVQ2YB9SU8KMF&lid=LSTCOMGVQ2YB9SU8KMFUATLYC&marketplace=FLIPKART&q=laptop&store=6bo%2Fb5g&srno=s_15_355&otracker=search&fm=organic&iid=a690634d-23cb-40e1-a1d4-7d41119eba01.COMGVQ2YB9SU8KMF.SEARCH&ppt=sp&ppn=sp&ssid=tl9a7tu19c0000001784730993943&qH=312f91285e048e09&ov_redirect=true,"Intel Core i5 Processor (13th Gen)","16 GB LPDDR5 RAM","64 bit Windows 11","512 GB SSD","1 Yr. Onsite + 1 Yr. Accidental Damage Protection"
317,"MSI Vector A18 HX",269990,4.1,9,https://www.flipkart.com/msi-vector-a18-hx-amd-ryzen-9-16-core-9955hx-32-gb-2-tb-ssd-windows-11-home-12-gb-graphics-nvidia-geforce-rtx-5070-ti-240-hz-a9whg-033in-gaming-laptop/p/itm95880faba07ce?pid=COMH9DHFH29YBMED&lid=LSTCOMH9DHFH29YBMEDS6JTOX&marketplace=FLIPKART&q=laptop&store=6bo%2Fb5g&srno=s_15_350&otracker=search&fm=organic&iid=a690634d-23cb-40e1-a1d4-7d41119eba01.COMH9DHFH29YBMED.SEARCH&ppt=sp&ppn=sp&ssid=tl9a7tu19c0000001784730993943&qH=312f91285e048e09&ov_redirect=true,"AMD Ryzen 9 16 Core Processor","32 GB DDR5 RAM","64 bit Windows 11","2 TB SSD","2 Year On-Site Warranty"
318,"ASUS V16 (2025) for Creator",86222,4.4,51,https://www.flipkart.com/asus-v16-2025-creator-office-2024-m365-basic-ai-pc-i5-14th-gen-intel-core-5-210h-16-gb-512-gb-ssd-windows-11-home-6-graphics-intel-graphics-nvidia-geforce-rtx-3050-144-ghz-v3607vj-rp134ws-gaming-laptop/p/itm6b4d22acee621?pid=COMHGSA9XKTADPGD&lid=LSTCOMHGSA9XKTADPGDAZ5GW0&marketplace=FLIPKART&q=laptop&store=6bo%2Fb5g&srno=s_15_356&otracker=search&fm=organic&iid=a690634d-23cb-40e1-a1d4-7d41119eba01.COMHGSA9XKTADPGD.SEARCH&ppt=sp&ppn=sp&ssid=tl9a7tu19c0000001784730993943&qH=312f91285e048e09&ov_redirect=true,"Intel Core 5 Processor","16 GB DDR5 RAM","Windows 11 Home","512 GB SSD","1 Year Onsite Warranty"
319,"HP 14 AI PC",85990,4.1,790,https://www.flipkart.com/hp-14-ai-pc-intel-core-ultra-7-155h-16-gb-1-tb-ssd-windows-11-home-14-ep1152tu-thin-light-laptop/p/itm448874079369f?pid=COMHG98EXZ3AJYZN&lid=LSTCOMHG98EXZ3AJYZNODD67U&marketplace=FLIPKART&q=laptop&store=6bo%2Fb5g&srno=s_15_351&otracker=search&fm=organic&iid=en_RFDnxhq_JlXv5wx-gGB4zbp274nSpisxOiE2GKzehUiGeHe2aDiVJvIp27As6XAYC6YBzjaUMmK47SGkba_3oSGkgDYpheMzpTOfbcb9jJrlCginEPHIewqA9Otky2wq&ppt=sp&ppn=sp&ssid=tl9a7tu19c0000001784730993943&qH=312f91285e048e09&ov_redirect=true,"Intel Core Ultra 7 Processor","16 GB DDR5 RAM","Windows 11 Home","1 TB SSD","1 Year Onsite Warranty"
320,"Samsung Galaxy Book5 AI Metal",91990,4.6,463,https://www.flipkart.com/samsung-galaxy-book5-ai-metal-intel-core-ultra-7-255u-16-gb-512-gb-ssd-windows-11-home-np750xhd-thin-light-laptop/p/itma9c081cdbe95d?pid=COMHE4ATBCUTGUYT&lid=LSTCOMHE4ATBCUTGUYTJZ7NHN&marketplace=FLIPKART&q=laptop&store=6bo%2Fb5g&srno=s_15_357&otracker=search&fm=organic&iid=en_RFDnxhq_JlXv5wx-gGB4zbp274nSpisxOiE2GKzehUj6tImr8ouvt1ZKtc2F4iuY_54vlUw9QAlUFlRYR6QtY8H5LP6GMXD1iSKF2pPmS-SXMCK_4HoiZlio1_iSe-aA&ppt=sp&ppn=sp&ssid=tl9a7tu19c0000001784730993943&qH=312f91285e048e09&ov_redirect=true,"Intel Core Ultra 7 Processor","16 GB LPDDR5X RAM","64 bit Windows 11","512 GB SSD","1 Year Manufacturer Warranty for Laptop and 6 Months for In-Box Accessories"
321,"Samsung Galaxy Book5 AI Metal",84990,4.6,837,https://www.flipkart.com/samsung-galaxy-book5-ai-metal-intel-core-ultra-5-225u-16-gb-512-gb-ssd-windows-11-home-np750xhd-thin-light-laptop/p/itmc33d2563d0ffc?pid=COMHE4ATPCZ9FXRP&lid=LSTCOMHE4ATPCZ9FXRP7N1GVG&marketplace=FLIPKART&q=laptop&store=6bo%2Fb5g&srno=s_15_352&otracker=search&fm=organic&iid=en_RFDnxhq_JlXv5wx-gGB4zbp274nSpisxOiE2GKzehUjPadSWENYOrKM_hF8QHshY3WHJiuMjlX0EHxFVCjPkyeUBYPBIqgZE3mSuDz4HsbmXMCK_4HoiZlio1_iSe-aA&ppt=sp&ppn=sp&ssid=tl9a7tu19c0000001784730993943&qH=312f91285e048e09&ov_redirect=true,"Intel Core Ultra 5 Processor","16 GB LPDDR5X RAM","64 bit Windows 11","512 GB SSD","1 Year Manufacturer Warranty for Laptop and 6 Months for In-Box Accessories"
322,HP,61990,4.2,518,https://www.flipkart.com/hp-amd-ryzen-5-quad-core-7520u-8-gb-512-gb-ssd-windows-11-home-15-fc0805au-thin-light-laptop/p/itm044828973e180?pid=COMHH6Q4E6HYUURM&lid=LSTCOMHH6Q4E6HYUURMEMAVL7&marketplace=FLIPKART&q=laptop&store=6bo%2Fb5g&srno=s_15_358&otracker=search&fm=organic&iid=en_RFDnxhq_JlXv5wx-gGB4zbp274nSpisxOiE2GKzehUgwLOKTYulBpCSDP8_l8bCVsOd6KuVqwHDFy0J29HO5TOevpcpIWiH_FUztnfn_SSwSxSd2Yb3xCpOnMI31e8Dq&ppt=sp&ppn=sp&ssid=tl9a7tu19c0000001784730993943&qH=312f91285e048e09&ov_redirect=true,"AMD Ryzen 5 Quad Core Processor","8 GB LPDDR5 RAM","Windows 11 Home","512 GB SSD","1 Year Onsite Service"
323,"ASUS Vivobook S14 OLED",70990,4.4,4756,https://www.flipkart.com/asus-vivobook-s14-oled-intel-core-i5-12th-gen-12500h-16-gb-512-gb-ssd-windows-11-home-s3402za-km501ws-thin-light-laptop/p/itm635eb6df61d1c?pid=COMGCG2GXUAAMYJF&lid=LSTCOMGCG2GXUAAMYJFOJKKYY&marketplace=FLIPKART&q=laptop&store=6bo%2Fb5g&srno=s_15_359&otracker=search&fm=organic&iid=a690634d-23cb-40e1-a1d4-7d41119eba01.COMGCG2GXUAAMYJF.SEARCH&ppt=sp&ppn=sp&ssid=tl9a7tu19c0000001784730993943&qH=312f91285e048e09&ov_redirect=true,"Intel Core i5 Processor (12th Gen)","16 GB DDR4 RAM","64 bit Windows 11","512 GB SSD","1 Year Onsite Warranty"
324,"Infinix ZEROBOOK 13",99990,4.2,359,https://www.flipkart.com/infinix-zerobook-13-intel-core-i7-13th-gen-13700h-16-gb-512-gb-ssd-windows-11-home-zl513-thin-light-laptop/p/itmad7e026e8b8c5?pid=COMGRFPGDHCJWAMX&lid=LSTCOMGRFPGDHCJWAMXVUROLP&marketplace=FLIPKART&q=laptop&store=6bo%2Fb5g&srno=s_15_360&otracker=search&fm=organic&iid=a690634d-23cb-40e1-a1d4-7d41119eba01.COMGRFPGDHCJWAMX.SEARCH&ppt=sp&ppn=sp&ssid=tl9a7tu19c0000001784730993943&qH=312f91285e048e09&ov_redirect=true,"Intel Core i7 Processor (13th Gen)","16 GB LPDDR5X RAM","Windows 11","512 GB SSD","1 Year Onsite Warranty"
325,"ASUS Vivobook Go 15 (2026)",57990,4,25,https://www.flipkart.com/asus-vivobook-go-15-2026-office-2024-m365-basic-amd-ryzen-3-quad-core-30-16-gb-512-gb-ssd-windows-11-home-e1504fa-bq3468ws-thin-light-laptop/p/itma87dd7c7161b4?pid=COMHKDXBZBFHAFZY&lid=LSTCOMHKDXBZBFHAFZY7XEQGC&marketplace=FLIPKART&q=laptop&store=6bo%2Fb5g&srno=s_15_353&otracker=search&fm=organic&iid=a690634d-23cb-40e1-a1d4-7d41119eba01.COMHKDXBZBFHAFZY.SEARCH&ppt=sp&ppn=sp&ssid=tl9a7tu19c0000001784730993943&qH=312f91285e048e09&ov_redirect=true,"AMD Ryzen 3 Quad Core Processor","16 GB DDR5 RAM","Windows 11 Home","512 GB SSD","1 Year Onsite Warranty"
326,"HP 15s",48933,3.7,15,https://www.flipkart.com/hp-15s-intel-core-i3-11th-gen-1115g4-8-gb-1-tb-hdd-windows-10-home-15s-dy3001tu-thin-light-laptop/p/itm618e00eca4b48?pid=COMGYZPAMNSCMYFZ&lid=LSTCOMGYZPAMNSCMYFZLDXFOV&marketplace=FLIPKART&q=laptop&store=6bo%2Fb5g&srno=s_15_354&otracker=search&fm=organic&iid=a690634d-23cb-40e1-a1d4-7d41119eba01.COMGYZPAMNSCMYFZ.SEARCH&ppt=sp&ppn=sp&ssid=tl9a7tu19c0000001784730993943&qH=312f91285e048e09&ov_redirect=true,"Intel Core i3 Processor (11th Gen)","8 GB DDR4 RAM","64 bit Windows 10","1 TB HDD","1 Year Onsite Warranty"
327,"Samsung Galaxy Book4 Metal",56990,4.4,19735,https://www.flipkart.com/samsung-galaxy-book4-metal-intel-core-i5-13th-gen-1335u-8-gb-512-gb-ssd-windows-11-home-np750xgj-kg1in-np750xgj-lg1in-np750xgj-lg6in-thin-light-laptop/p/itm1df5212efb9fc?pid=COMGZUYDFZXHWYWZ&lid=LSTCOMGZUYDFZXHWYWZJ6V2KW&marketplace=FLIPKART&q=laptop&store=6bo%2Fb5g&srno=s_16_361&otracker=search&fm=organic&iid=en_72249mJvPu-LQEMY4u6rcj498Mge8K3AXpxWZubNo7l2fD4yrISz7SB0dQWrUCTxsfGME0kkMQMICwGxasfmZSpiZoP3ZcDDMuaOuWFYumMXcHafzxkgImFZVj1dOosf&ppt=sp&ppn=sp&ssid=ev4ptcp0000000001784730999209&qH=312f91285e048e09&ov_redirect=true,"Intel Core i5 Processor (13th Gen)","8 GB LPDDR4X RAM","64 bit Windows 11","512 GB SSD","1 Year Manufacturer Warranty for Laptop and 6 Months for In-Box Accessories"
328,"Samsung Galaxy Book4 Metal",57490,4.4,10670,https://www.flipkart.com/samsung-galaxy-book4-metal-intel-core-i3-13th-gen-1315u-8-gb-512-gb-ssd-windows-11-home-np750xgj-lg9in-thin-light-laptop/p/itmc29d559898e6f?pid=COMH4Y6KKRC9YSWE&lid=LSTCOMH4Y6KKRC9YSWERDUMZD&marketplace=FLIPKART&q=laptop&store=6bo%2Fb5g&srno=s_16_362&otracker=search&fm=organic&iid=en_72249mJvPu-LQEMY4u6rcj498Mge8K3AXpxWZubNo7nrKokSw-y47LJ_X2uKyY0pVqKfzRTPmTYCvEc1OQ2_kCChg9vAnpscSdI7uOc1ZHUXcHafzxkgImFZVj1dOosf&ppt=sp&ppn=sp&ssid=ev4ptcp0000000001784730999209&qH=312f91285e048e09&ov_redirect=true,"Intel Core i3 Processor (13th Gen)","8 GB LPDDR4X RAM","64 bit Windows 11","512 GB SSD","1 Year Onsite Warranty"
329,"Lenovo IdeaPad Slim 5",75990,4,5,https://www.flipkart.com/lenovo-ideapad-slim-5-amd-ryzen-ai-quad-core-330-16-gb-512-gb-ssd-windows-11-home-14akp10-thin-light-laptop/p/itma1b2b7a459656?pid=COMHG4WWVPST88B3&lid=LSTCOMHG4WWVPST88B3DBQZ1X&marketplace=FLIPKART&q=laptop&store=6bo%2Fb5g&srno=s_16_363&otracker=search&fm=organic&iid=ad76d888-6edf-4c0a-94e4-fbd4f6028269.COMHG4WWVPST88B3.SEARCH&ppt=sp&ppn=sp&ssid=ev4ptcp0000000001784730999209&qH=312f91285e048e09&ov_redirect=true,"AMD Ryzen AI 5 Quad Core Processor","16 GB DDR5 RAM","Windows 11 Home","512 GB SSD","1 Year Carry-in Warranty"
330,"DELL Inspiron 3530 (2026)",64990,4.3,1450,https://www.flipkart.com/dell-inspiron-3530-2026-intel-core-i5-13th-gen-1334u-8-gb-512-gb-ssd-windows-11-home-15-dc-15250-thin-light-laptop/p/itm672bf7685863c?pid=COMH8EPFKUECHFVR&lid=LSTCOMH8EPFKUECHFVRPWSCCI&marketplace=FLIPKART&q=laptop&store=6bo%2Fb5g&srno=s_16_364&otracker=search&fm=organic&iid=ad76d888-6edf-4c0a-94e4-fbd4f6028269.COMH8EPFKUECHFVR.SEARCH&ppt=sp&ppn=sp&ssid=ev4ptcp0000000001784730999209&qH=312f91285e048e09&ov_redirect=true,"Intel Core i5 Processor (13th Gen)","8 GB DDR4 RAM","Windows 11","512 GB SSD","1 Year Onsite Warranty"
331,"HP 15 G10 (2025)",42500,4,398,https://www.flipkart.com/hp-15-g10-2025-amd-athlon-dual-core-7120u-8-gb-256-gb-ssd-windows-11-home-thin-light-laptop/p/itm0801fb35a64f2?pid=COMH9Z2CMDZNBKGS&lid=LSTCOMH9Z2CMDZNBKGSF0FJ0P&marketplace=FLIPKART&q=laptop&store=6bo%2Fb5g&srno=s_16_365&otracker=search&fm=organic&iid=ad76d888-6edf-4c0a-94e4-fbd4f6028269.COMH9Z2CMDZNBKGS.SEARCH&ppt=sp&ppn=sp&ssid=ev4ptcp0000000001784730999209&qH=312f91285e048e09&ov_redirect=true,"AMD Athlon Dual Core Processor","8 GB DDR4 RAM","64 bit Windows 11 Home","256 GB SSD","1 Year Onsite Warranty"
332,"Acer Aspire 7",83999,4.2,3923,https://www.flipkart.com/acer-aspire-7-intel-core-i5-12th-gen-12450h-8-gb-512-gb-ssd-windows-11-home-4-graphics-nvidia-geforce-rtx-nvidia-2050-144-hz-a715-76g-59wg-gaming-laptop/p/itm45fad0c290245?pid=COMGRHJUAHMRWTHH&lid=LSTCOMGRHJUAHMRWTHHCS64PV&marketplace=FLIPKART&q=laptop&store=6bo%2Fb5g&srno=s_16_366&otracker=search&fm=organic&iid=ad76d888-6edf-4c0a-94e4-fbd4f6028269.COMGRHJUAHMRWTHH.SEARCH&ppt=sp&ppn=sp&ssid=ev4ptcp0000000001784730999209&qH=312f91285e048e09&ov_redirect=true,"Intel Core i5 Processor (12th Gen)","8 GB DDR4 RAM","Windows 11","512 GB SSD","1 Year Onsite Warranty"
333,"HP 15 (i5 14th Gen)",82990,4.2,195,https://www.flipkart.com/hp-15-i5-14th-gen-intel-core-5-120u-24-gb-512-gb-ssd-windows-11-home-15-fd0262tu-thin-light-laptop/p/itm027a3317f4ff9?pid=COMHM94A7PHVCQT7&lid=LSTCOMHM94A7PHVCQT7QTPOH7&marketplace=FLIPKART&q=laptop&store=6bo%2Fb5g&srno=s_16_371&otracker=search&fm=organic&iid=en_72249mJvPu-LQEMY4u6rcj498Mge8K3AXpxWZubNo7kscytq7A7YiztWb3XN2KL4ajNODExQ3AD2YwLVEpFEnL-0TByd-y2aowfbZcqv2qAXcHafzxkgImFZVj1dOosf&ppt=sp&ppn=sp&ssid=ev4ptcp0000000001784730999209&qH=312f91285e048e09&ov_redirect=true,"Intel Core 5 Processor","24 GB DDR5 RAM","Windows 11 Home","512 GB SSD","1 Year Onsite Service"
334,"HP Omnibook 3 2K WUXGA",72990,4.1,11,https://www.flipkart.com/hp-omnibook-3-2k-wuxga-snapdragon-x-16-gb-512-gb-ssd-windows-11-home-14-hz0024qu-laptop/p/itmbd5346cd09abc?pid=COMHZGK2ACSECZB5&lid=LSTCOMHZGK2ACSECZB52ALLPO&marketplace=FLIPKART&q=laptop&store=6bo%2Fb5g&srno=s_16_367&otracker=search&fm=organic&iid=en_72249mJvPu-LQEMY4u6rcj498Mge8K3AXpxWZubNo7kCav6xTVKsnJAACBJXXZxlQDaMOpjaAqIhVlr2eDOqkK8WMJxc_eOD3pdFe_35DQUXcHafzxkgImFZVj1dOosf&ppt=sp&ppn=sp&ssid=ev4ptcp0000000001784730999209&qH=312f91285e048e09&ov_redirect=true,"Snapdragon X Processor","16 GB LPDDR5X RAM","Windows 11 Home","512 GB SSD","1 Year Onsite Service"
335,"DELL 15 (Previouly Inspiron)",57990,4.5,6,https://www.flipkart.com/dell-15-previouly-inspiron-amd-ryzen-5-quad-core-7520u-8-gb-512-gb-ssd-windows-11-home-dc15255-thin-light-laptop/p/itmb80bb4e819164?pid=COMHDXXUHGDCHMQX&lid=LSTCOMHDXXUHGDCHMQXUEUE9X&marketplace=FLIPKART&q=laptop&store=6bo%2Fb5g&srno=s_16_368&otracker=search&fm=organic&iid=en_72249mJvPu-LQEMY4u6rcj498Mge8K3AXpxWZubNo7nVUaXEVcaj8bjhlG5LRsOiKS7KjhXWMehRCKPAR7kLILb6bL0Zx_kaK68EeWHdQeAXcHafzxkgImFZVj1dOosf&ppt=sp&ppn=sp&ssid=ev4ptcp0000000001784730999209&qH=312f91285e048e09&ov_redirect=true,"AMD Ryzen 5 Quad Core Processor","8 GB LPDDR5 RAM","Windows 11","512 GB SSD","1 Year Onsite Warranty"
336,"Samsung Galaxy Book5 AI Metal",84990,4.6,837,https://www.flipkart.com/samsung-galaxy-book5-ai-metal-intel-core-ultra-5-225u-16-gb-512-gb-ssd-windows-11-home-np750xhd-thin-light-laptop/p/itmc33d2563d0ffc?pid=COMHE4ATPCZ9FXRP&lid=LSTCOMHE4ATPCZ9FXRP7N1GVG&marketplace=FLIPKART&q=laptop&store=6bo%2Fb5g&srno=s_16_372&otracker=search&fm=organic&iid=en_72249mJvPu-LQEMY4u6rcj498Mge8K3AXpxWZubNo7l0y9CtQnRIET3VGIBxhtqZ3WHJiuMjlX0EHxFVCjPkyeBu1d32v--9VSkIFt_qqVQXcHafzxkgImFZVj1dOosf&ppt=sp&ppn=sp&ssid=ev4ptcp0000000001784730999209&qH=312f91285e048e09&ov_redirect=true,"Intel Core Ultra 5 Processor","16 GB LPDDR5X RAM","64 bit Windows 11","512 GB SSD","1 Year Manufacturer Warranty for Laptop and 6 Months for In-Box Accessories"
337,"ASUS Vivobook 14 (2025)",68200,4.4,693,https://www.flipkart.com/asus-vivobook-14-2025-office-2024-m365-basic-backlit-keyboard-snapdragon-x-16-gb-512-gb-ssd-windows-11-home-x1407qa-ly058ws-thin-light-laptop/p/itmdd8d45d692530?pid=COMHCQ5ED4R4MAEX&lid=LSTCOMHCQ5ED4R4MAEXTVKTLC&marketplace=FLIPKART&q=laptop&store=6bo%2Fb5g&srno=s_16_369&otracker=search&fm=organic&iid=ad76d888-6edf-4c0a-94e4-fbd4f6028269.COMHCQ5ED4R4MAEX.SEARCH&ppt=sp&ppn=sp&ssid=ev4ptcp0000000001784730999209&qH=312f91285e048e09&ov_redirect=true,"Snapdragon X Processor","16 GB LPDDR5X RAM","Windows 11 Home","512 GB SSD","1 Year Onsite Warranty"
338,"Lenovo LOQ",66490,4.3,2023,https://www.flipkart.com/lenovo-loq-intel-core-i5-12th-gen-12450hx-12-gb-512-gb-ssd-windows-11-home-4-graphics-nvidia-geforce-rtx-2050-144-hz-65-w-15iax9-gaming-laptop/p/itme3e94a3f73f71?pid=COMHY9Z8AFVPHVJF&lid=LSTCOMHY9Z8AFVPHVJFAMRSWH&marketplace=FLIPKART&q=laptop&store=6bo%2Fb5g&srno=s_16_373&otracker=search&fm=organic&iid=ad76d888-6edf-4c0a-94e4-fbd4f6028269.COMHY9Z8AFVPHVJF.SEARCH&ppt=sp&ppn=sp&ssid=ev4ptcp0000000001784730999209&qH=312f91285e048e09&ov_redirect=true,"Intel Core i5 Processor (12th Gen)","12 GB DDR5 RAM","64 bit Windows 11","512 GB SSD","1Yr Warranty and 1 Yr Accidental Damage Protection"
339,"ASUS Vivobook 14 (2025)",73990,4.4,526,https://www.flipkart.com/asus-vivobook-14-2025-office-2024-m365-basic-backlit-keyboard-intel-core-ultra-5-225h-16-gb-512-gb-ssd-windows-11-home-x1407ca-ly159ws-thin-light-laptop/p/itm88707104a2719?pid=COMHCQ5EYSZXV4AN&lid=LSTCOMHCQ5EYSZXV4ANXQSULY&marketplace=FLIPKART&q=laptop&store=6bo%2Fb5g&srno=s_16_374&otracker=search&fm=organic&iid=ad76d888-6edf-4c0a-94e4-fbd4f6028269.COMHCQ5EYSZXV4AN.SEARCH&ppt=sp&ppn=sp&ssid=ev4ptcp0000000001784730999209&qH=312f91285e048e09&ov_redirect=true,"Intel Core Ultra 5 Processor","16 GB DDR5 RAM","Windows 11 Home","512 GB SSD","1 Year Onsite Warranty"
340,"ASUS Vivobook 14 (2025)",73990,4.4,526,https://www.flipkart.com/asus-vivobook-14-2025-office-2024-m365-basic-intel-core-ultra-5-225h-16-gb-512-gb-ssd-windows-11-home-x1407ca-ly160ws-thin-light-laptop/p/itmfeb2507e526d6?pid=COMHEZZTFGZGFEYX&lid=LSTCOMHEZZTFGZGFEYXCQRUXA&marketplace=FLIPKART&q=laptop&store=6bo%2Fb5g&srno=s_16_375&otracker=search&fm=organic&iid=ad76d888-6edf-4c0a-94e4-fbd4f6028269.COMHEZZTFGZGFEYX.SEARCH&ppt=sp&ppn=sp&ssid=ev4ptcp0000000001784730999209&qH=312f91285e048e09&ov_redirect=true,"Intel Core Ultra 5 Processor","16 GB DDR5 RAM","Windows 11 Home","512 GB SSD","1 Year Onsite Warranty"
341,Lenovo,49990,4.5,11,https://www.flipkart.com/lenovo-intel-core-i5-13th-gen-1335u-16-gb-512-gb-ssd-windows-11-home-thinkbook-16-g6-thin-light-laptop/p/itm01aaa84e12847?pid=COMH2755JQVCJ8JF&lid=LSTCOMH2755JQVCJ8JFGHP4D3&marketplace=FLIPKART&q=laptop&store=6bo%2Fb5g&srno=s_16_376&otracker=search&fm=organic&iid=ad76d888-6edf-4c0a-94e4-fbd4f6028269.COMH2755JQVCJ8JF.SEARCH&ppt=sp&ppn=sp&ssid=ev4ptcp0000000001784730999209&qH=312f91285e048e09&ov_redirect=true,"Intel Core i5 Processor (13th Gen)","16 GB DDR5 RAM","Windows 11 Home","512 GB SSD","1Year Premier Support"
342,"HP 14 AI PC",79990,4.1,790,https://www.flipkart.com/hp-14-ai-pc-intel-core-ultra-7-155h-16-gb-512-gb-ssd-windows-11-home-14-ep1151tu-14-gr1036tu-14-ep1151tu-thin-light-laptop/p/itm4c681812b88bf?pid=COMHF8G932EYZAJF&lid=LSTCOMHF8G932EYZAJFOUI9CA&marketplace=FLIPKART&q=laptop&store=6bo%2Fb5g&srno=s_16_377&otracker=search&fm=organic&iid=en_72249mJvPu-LQEMY4u6rcj498Mge8K3AXpxWZubNo7mbMN4K9Mgwg4SMSg0WNkvh3zzcGhlXkGO1hWP1UU6KY6U4JGq2qGfuCYjFJWjKqlSnmLJ6Bti38mlBs7ddcIUY&ppt=sp&ppn=sp&ssid=ev4ptcp0000000001784730999209&qH=312f91285e048e09&ov_redirect=true,"Intel Core Ultra 7 Processor","16 GB DDR5 RAM","Windows 11 Home","512 GB SSD","1 Year Onsite Warranty"
343,"MSI Modern 15",61990,4,63,https://www.flipkart.com/msi-modern-15-intel-core-i7-13th-gen-1355u-8-gb-512-gb-ssd-windows-11-home-b13m-290in-thin-light-laptop/p/itm0f94783eefc47?pid=COMGMV6VU38G9B7K&lid=LSTCOMGMV6VU38G9B7KCMW0HD&marketplace=FLIPKART&q=laptop&store=6bo%2Fb5g&srno=s_16_370&otracker=search&fm=organic&iid=ad76d888-6edf-4c0a-94e4-fbd4f6028269.COMGMV6VU38G9B7K.SEARCH&ppt=sp&ppn=sp&ssid=ev4ptcp0000000001784730999209&qH=312f91285e048e09&ov_redirect=true,"Intel Core i7 Processor (13th Gen)","8 GB DDR4 RAM","Windows 11","512 GB SSD","1 Year Carry-in Warranty"
344,"HP 14 AI PC",85990,4.1,790,https://www.flipkart.com/hp-14-ai-pc-intel-core-ultra-7-155h-16-gb-1-tb-ssd-windows-11-home-14-ep1152tu-thin-light-laptop/p/itm448874079369f?pid=COMHG98EXZ3AJYZN&lid=LSTCOMHG98EXZ3AJYZNODD67U&marketplace=FLIPKART&q=laptop&store=6bo%2Fb5g&srno=s_16_378&otracker=search&fm=organic&iid=en_72249mJvPu-LQEMY4u6rcj498Mge8K3AXpxWZubNo7mb48CZmgfMJ4vblEatnU4wa95Ym7PGNlW2mSQwI-DoQCGkgDYpheMzpTOfbcb9jJqnmLJ6Bti38mlBs7ddcIUY&ppt=sp&ppn=sp&ssid=ev4ptcp0000000001784730999209&qH=312f91285e048e09&ov_redirect=true,"Intel Core Ultra 7 Processor","16 GB DDR5 RAM","Windows 11 Home","1 TB SSD","1 Year Onsite Warranty"
345,"ASUS Vivobook S14 (2026)",74990,4.4,38,https://www.flipkart.com/asus-vivobook-s14-2026-metallic-design-gaming-grade-cpu-amd-ryzen-5-220-16-gb-512-gb-ssd-windows-11-home-m3407ha-ly136ws-thin-light-laptop/p/itm445af2e30cd63?pid=COMHHHBZF5ZZGCK7&lid=LSTCOMHHHBZF5ZZGCK7SYOVJA&marketplace=FLIPKART&q=laptop&store=6bo%2Fb5g&srno=s_16_379&otracker=search&fm=organic&iid=ad76d888-6edf-4c0a-94e4-fbd4f6028269.COMHHHBZF5ZZGCK7.SEARCH&ppt=sp&ppn=sp&ssid=ev4ptcp0000000001784730999209&qH=312f91285e048e09&ov_redirect=true,"AMD Ryzen 5 Processor","16 GB DDR5 RAM","Windows 11 Home","512 GB SSD","1 Year Onsite Warranty"
346,"Acer Aspire Lite",63574,3.8,276,https://www.flipkart.com/acer-aspire-lite-intel-core-i5-12th-gen-1235u-8-gb-512-gb-ssd-windows-11-home-al15-52-thin-light-laptop/p/itm1bc0bcb4598e7?pid=COMGXPH6NHHZFKTZ&lid=LSTCOMGXPH6NHHZFKTZEMQSJ8&marketplace=FLIPKART&q=laptop&store=6bo%2Fb5g&srno=s_16_380&otracker=search&fm=organic&iid=ad76d888-6edf-4c0a-94e4-fbd4f6028269.COMGXPH6NHHZFKTZ.SEARCH&ppt=sp&ppn=sp&ssid=ev4ptcp0000000001784730999209&qH=312f91285e048e09&ov_redirect=true,"Intel Core i5 Processor (12th Gen)","8 GB DDR4 RAM","Windows 11","512 GB SSD","1 Year Carry-in Warranty"
347,"Samsung Galaxy Book5 AI Metal",91990,4.6,463,https://www.flipkart.com/samsung-galaxy-book5-ai-metal-intel-core-ultra-7-255u-16-gb-512-gb-ssd-windows-11-home-np750xhd-thin-light-laptop/p/itma9c081cdbe95d?pid=COMHE4ATBCUTGUYT&lid=LSTCOMHE4ATBCUTGUYTJZ7NHN&marketplace=FLIPKART&q=laptop&store=6bo%2Fb5g&srno=s_16_381&otracker=search&fm=organic&iid=en_72249mJvPu-LQEMY4u6rcj498Mge8K3AXpxWZubNo7k9x-9bqdYYk4hb0vV2s822_54vlUw9QAlUFlRYR6QtY8H5LP6GMXD1iSKF2pPmS-QXcHafzxkgImFZVj1dOosf&ppt=sp&ppn=sp&ssid=ev4ptcp0000000001784730999209&qH=312f91285e048e09&ov_redirect=true,"Intel Core Ultra 7 Processor","16 GB LPDDR5X RAM","64 bit Windows 11","512 GB SSD","1 Year Manufacturer Warranty for Laptop and 6 Months for In-Box Accessories"
348,"HP OMEN AI",134990,4.5,112,https://www.flipkart.com/hp-omen-ai-amd-ryzen-7-octa-core-350-24-gb-1-tb-ssd-windows-11-home-8-gb-graphics-nvidia-geforce-rtx-5050-16-ap0165ax-gaming-laptop/p/itm5661c90728083?pid=COMHEHHXKFQSABXZ&lid=LSTCOMHEHHXKFQSABXZEF3JCN&marketplace=FLIPKART&q=laptop&store=6bo%2Fb5g&srno=s_16_382&otracker=search&fm=organic&iid=en_72249mJvPu-LQEMY4u6rcj498Mge8K3AXpxWZubNo7nyxsSCBpZtWefB-U7H65PjSt8s0FwzStmVNuDw0YIb7vRQYaQqNgqexXd2bqUccoJO3-Lk_YPBnhl9NQwZIcxq&ppt=sp&ppn=sp&ssid=ev4ptcp0000000001784730999209&qH=312f91285e048e09&ov_redirect=true,"AMD Ryzen AI 7 Octa Core Processor","24 GB DDR5 RAM","Windows 11 Home","1 TB SSD","1 Year Onsite Warranty"
349,"MOTOROLA Motobook 60 Full Metal OLED (i7 14th Gen)",72990,4.4,1197,https://www.flipkart.com/motorola-motobook-60-full-metal-oled-i7-14th-gen-intel-core-7-series-2-240h-16-gb-512-gb-ssd-windows-11-home-14irh10r-thin-light-laptop/p/itmf0b4d7c55543d?pid=COMHAUZWUZNATFET&lid=LSTCOMHAUZWUZNATFETMS2VMV&marketplace=FLIPKART&q=laptop&store=6bo%2Fb5g&srno=s_17_386&otracker=search&fm=organic&iid=bb24dd92-a6b9-4717-aa1f-2d4169dd5fa8.COMHAUZWUZNATFET.SEARCH&ppt=sp&ppn=sp&ssid=d5jlwz2asg0000001784731004443&qH=312f91285e048e09&ov_redirect=true,"Intel Core 7 Processor (Series 2)","16 GB DDR5 RAM","64 bit Windows 11","512 GB SSD","1 Year Onsite Warranty"
350,"Lenovo LOQ",105090,4.3,1435,https://www.flipkart.com/lenovo-loq-intel-core-i5-12th-gen-12450hx-16-gb-512-gb-ssd-windows-11-home-6-graphics-nvidia-geforce-rtx-4050-144-hz-105-w-15iax9-15iax9d2-gaming-laptop/p/itme3e94a3f73f71?pid=COMHYXVABRPB2XQ5&lid=LSTCOMHYXVABRPB2XQ57M1XQE&marketplace=FLIPKART&q=laptop&store=6bo%2Fb5g&srno=s_16_383&otracker=search&fm=organic&iid=ad76d888-6edf-4c0a-94e4-fbd4f6028269.COMHYXVABRPB2XQ5.SEARCH&ppt=sp&ppn=sp&ssid=ev4ptcp0000000001784730999209&qH=312f91285e048e09&ov_redirect=true,"Intel Core i5 Processor (12th Gen)","16 GB DDR5 RAM","64 bit Windows 11","512 GB SSD","1Yr Warranty and 1 Yr Accidental Damage Protection"
351,"Samsung Galaxy Book4 Metal",56990,4.4,19735,https://www.flipkart.com/samsung-galaxy-book4-metal-intel-core-i5-13th-gen-1335u-8-gb-512-gb-ssd-windows-11-home-np750xgj-kg1in-np750xgj-lg1in-np750xgj-lg6in-thin-light-laptop/p/itm1df5212efb9fc?pid=COMGZUYDFZXHWYWZ&lid=LSTCOMGZUYDFZXHWYWZJ6V2KW&marketplace=FLIPKART&q=laptop&store=6bo%2Fb5g&srno=s_17_387&otracker=search&fm=organic&iid=en_oBHvg-1T8Y95Zlcwidac2aI2P_hPpCfXrqFyz49Z5Q3UkMjQ-izvxugOiMRhHcH5sfGME0kkMQMICwGxasfmZSpiZoP3ZcDDMuaOuWFYumPG8fggMkp7s6FL6Qbnk5v9&ppt=sp&ppn=sp&ssid=d5jlwz2asg0000001784731004443&qH=312f91285e048e09&ov_redirect=true,"Intel Core i5 Processor (13th Gen)","8 GB LPDDR4X RAM","64 bit Windows 11","512 GB SSD","1 Year Manufacturer Warranty for Laptop and 6 Months for In-Box Accessories"
352,"Lenovo LOQ",118990,4.4,96,https://www.flipkart.com/lenovo-loq-intel-core-i7-13th-gen-13650hx-16-gb-512-gb-ssd-windows-11-home-6-graphics-nvidia-geforce-rtx-4050-15irx9d2-15irx9-gaming-laptop/p/itme3e94a3f73f71?pid=COMGWU8YHUDDTCQ5&lid=LSTCOMGWU8YHUDDTCQ5SIZ0BZ&marketplace=FLIPKART&q=laptop&store=6bo%2Fb5g&srno=s_16_384&otracker=search&fm=organic&iid=ad76d888-6edf-4c0a-94e4-fbd4f6028269.COMGWU8YHUDDTCQ5.SEARCH&ppt=sp&ppn=sp&ssid=ev4ptcp0000000001784730999209&qH=312f91285e048e09&ov_redirect=true,"Intel Core i7 Processor (13th Gen)","16 GB DDR5 RAM","Windows 11 Home","512 GB SSD","1 Year Onsite Warranty"
353,"Samsung Galaxy Book4 Metal",57490,4.4,10670,https://www.flipkart.com/samsung-galaxy-book4-metal-intel-core-i3-13th-gen-1315u-8-gb-512-gb-ssd-windows-11-home-np750xgj-lg9in-thin-light-laptop/p/itmc29d559898e6f?pid=COMH4Y6KKRC9YSWE&lid=LSTCOMH4Y6KKRC9YSWERDUMZD&marketplace=FLIPKART&q=laptop&store=6bo%2Fb5g&srno=s_17_388&otracker=search&fm=organic&iid=en_oBHvg-1T8Y95Zlcwidac2aI2P_hPpCfXrqFyz49Z5Q2EzfX3ulcK4aiGz06sERURVqKfzRTPmTYCvEc1OQ2_kCChg9vAnpscSdI7uOc1ZHXG8fggMkp7s6FL6Qbnk5v9&ppt=sp&ppn=sp&ssid=d5jlwz2asg0000001784731004443&qH=312f91285e048e09&ov_redirect=true,"Intel Core i3 Processor (13th Gen)","8 GB LPDDR4X RAM","64 bit Windows 11","512 GB SSD","1 Year Onsite Warranty"
354,"Lenovo V15 Series",54878,3.9,57,https://www.flipkart.com/lenovo-v15-series-amd-ryzen-5-quad-core-7520u-8-gb-512-gb-ssd-windows-11-home-thin-light-laptop/p/itmdcccd5f5d1865?pid=COMGWB8RZZHCZGMA&lid=LSTCOMGWB8RZZHCZGMAJIWUEZ&marketplace=FLIPKART&q=laptop&store=6bo%2Fb5g&srno=s_17_385&otracker=search&fm=organic&iid=bb24dd92-a6b9-4717-aa1f-2d4169dd5fa8.COMGWB8RZZHCZGMA.SEARCH&ppt=sp&ppn=sp&ssid=d5jlwz2asg0000001784731004443&qH=312f91285e048e09&ov_redirect=true,"AMD Ryzen 5 Quad Core Processor","8 GB DDR5 RAM","Windows 11","512 GB SSD","1 Year Onsite Warranty"
355,"HP Pavilion 15",68338,4.7,3,https://www.flipkart.com/hp-pavilion-15-amd-ryzen-7-octa-core-7730u-16-gb-512-gb-ssd-windows-11-home-15-eh3101au-thin-light-laptop/p/itm644a41c66520c?pid=COMGYH8GSGTZZ2CF&lid=LSTCOMGYH8GSGTZZ2CFKO5GJS&marketplace=FLIPKART&q=laptop&store=6bo%2Fb5g&srno=s_17_389&otracker=search&fm=organic&iid=bb24dd92-a6b9-4717-aa1f-2d4169dd5fa8.COMGYH8GSGTZZ2CF.SEARCH&ppt=sp&ppn=sp&ssid=d5jlwz2asg0000001784731004443&qH=312f91285e048e09&ov_redirect=true,"AMD Ryzen 7 Octa Core Processor","16 GB DDR4 RAM","64 bit Windows 11","512 GB SSD","1 Year Onsite Warranty"
356,"Lenovo Legion Pro 5 WQXGA OLED",231490,4.7,43,https://www.flipkart.com/lenovo-legion-pro-5-wqxga-oled-intel-core-ultra-9-275hx-32-gb-1-tb-ssd-windows-11-home-8-gb-graphics-nvidia-geforce-rtx-5070-16iax10-gaming-laptop/p/itm0968b6925c1fe?pid=COMHHDHYSNJ5R7YY&lid=LSTCOMHHDHYSNJ5R7YYN3FELH&marketplace=FLIPKART&q=laptop&store=6bo%2Fb5g&srno=s_17_390&otracker=search&fm=organic&iid=bb24dd92-a6b9-4717-aa1f-2d4169dd5fa8.COMHHDHYSNJ5R7YY.SEARCH&ppt=sp&ppn=sp&ssid=d5jlwz2asg0000001784731004443&qH=312f91285e048e09&ov_redirect=true,"Intel Core Ultra 9 Processor","32 GB DDR5 RAM","Windows 11 Home","1 TB SSD","1 Year Onsite Service"
357,"HP Omnibook 3 2K WUXGA",72990,4.1,11,https://www.flipkart.com/hp-omnibook-3-2k-wuxga-snapdragon-x-16-gb-512-gb-ssd-windows-11-home-14-hz0024qu-laptop/p/itmbd5346cd09abc?pid=COMHZGK2ACSECZB5&lid=LSTCOMHZGK2ACSECZB52ALLPO&marketplace=FLIPKART&q=laptop&store=6bo%2Fb5g&srno=s_17_391&otracker=search&fm=organic&iid=en_oBHvg-1T8Y95Zlcwidac2aI2P_hPpCfXrqFyz49Z5Q3AikdI454RNmIhPNV4TCfTQDaMOpjaAqIhVlr2eDOqkK8WMJxc_eOD3pdFe_35DQXG8fggMkp7s6FL6Qbnk5v9&ppt=sp&ppn=sp&ssid=d5jlwz2asg0000001784731004443&qH=312f91285e048e09&ov_redirect=true,"Snapdragon X Processor","16 GB LPDDR5X RAM","Windows 11 Home","512 GB SSD","1 Year Onsite Service"
358,"HP 15 (i5 14th Gen)",82990,4.2,195,https://www.flipkart.com/hp-15-i5-14th-gen-intel-core-5-120u-24-gb-512-gb-ssd-windows-11-home-15-fd0262tu-thin-light-laptop/p/itm027a3317f4ff9?pid=COMHM94A7PHVCQT7&lid=LSTCOMHM94A7PHVCQT7QTPOH7&marketplace=FLIPKART&q=laptop&store=6bo%2Fb5g&srno=s_6_131&otracker=search&fm=organic&iid=en_1qIIdxl_62nbzkykufBv_4rOMbEfrCxKIHfFLHZ5bk5UTTmLW7hIH64rE66nhABeajNODExQ3AD2YwLVEpFEnL-0TByd-y2aowfbZcqv2qDgae-kpFEgIWrWoEcewlkZ&ppt=sp&ppn=sp&ssid=riyctednpc0000001784730945053&qH=312f91285e048e09&ov_redirect=true,"Intel Core 5 Processor","24 GB DDR5 RAM","Windows 11 Home","512 GB SSD","1 Year Onsite Service"
359,"DELL 15 (Previouly Inspiron)",57990,4.5,6,https://www.flipkart.com/dell-15-previouly-inspiron-amd-ryzen-5-quad-core-7520u-8-gb-512-gb-ssd-windows-11-home-dc15255-thin-light-laptop/p/itmb80bb4e819164?pid=COMHDXXUHGDCHMQX&lid=LSTCOMHDXXUHGDCHMQXUEUE9X&marketplace=FLIPKART&q=laptop&store=6bo%2Fb5g&srno=s_17_392&otracker=search&fm=organic&iid=en_oBHvg-1T8Y95Zlcwidac2aI2P_hPpCfXrqFyz49Z5Q08wxItT9b8neoKWuU_zYFAKS7KjhXWMehRCKPAR7kLILb6bL0Zx_kaK68EeWHdQeDG8fggMkp7s6FL6Qbnk5v9&ppt=sp&ppn=sp&ssid=d5jlwz2asg0000001784731004443&qH=312f91285e048e09&ov_redirect=true,"AMD Ryzen 5 Quad Core Processor","8 GB LPDDR5 RAM","Windows 11","512 GB SSD","1 Year Onsite Warranty"
360,"HP 14 AI PC",79990,4.1,790,https://www.flipkart.com/hp-14-ai-pc-intel-core-ultra-7-155h-16-gb-512-gb-ssd-windows-11-home-14-ep1151tu-14-gr1036tu-14-ep1151tu-thin-light-laptop/p/itm4c681812b88bf?pid=COMHF8G932EYZAJF&lid=LSTCOMHF8G932EYZAJFOUI9CA&marketplace=FLIPKART&q=laptop&store=6bo%2Fb5g&srno=s_17_402&otracker=search&fm=organic&iid=en_oBHvg-1T8Y95Zlcwidac2aI2P_hPpCfXrqFyz49Z5Q2YEb4NugZhTvWmr4rTG_tCWhvkrgYyY8XL-uErF8970aU4JGq2qGfuCYjFJWjKqlTuqIONvV4T0YNDDd5Ax2bB&ppt=sp&ppn=sp&ssid=d5jlwz2asg0000001784731004443&qH=312f91285e048e09&ov_redirect=true,"Intel Core Ultra 7 Processor","16 GB DDR5 RAM","Windows 11 Home","512 GB SSD","1 Year Onsite Warranty"
361,"Acer Aspire Lite",56699,4.2,118,https://www.flipkart.com/acer-aspire-lite-amd-ryzen-3-quad-core-5300u-8-gb-256-gb-ssd-windows-11-home-al15-41-thin-light-laptop/p/itm1bc0bcb4598e7?pid=COMH2TPSVSGUVKY4&lid=LSTCOMH2TPSVSGUVKY4NUNJEJ&marketplace=FLIPKART&q=laptop&store=6bo%2Fb5g&srno=s_17_393&otracker=search&fm=organic&iid=bb24dd92-a6b9-4717-aa1f-2d4169dd5fa8.COMH2TPSVSGUVKY4.SEARCH&ppt=sp&ppn=sp&ssid=d5jlwz2asg0000001784731004443&qH=312f91285e048e09&ov_redirect=true,"AMD Ryzen 3 Quad Core Processor","8 GB DDR4 RAM","Windows 11","256 GB SSD","1 Year Carry-in Warranty"
362,"Samsung Galaxy Book3 Pro 360 EVO AMOLED",198710,4.3,16,https://www.flipkart.com/samsung-galaxy-book3-pro-360-evo-amoled-intel-core-i7-13th-gen-1360p-16-gb-1-tb-ssd-windows-11-home-np960qfg-ka3in-thin-light-laptop/p/itm5c25f62dc7f48?pid=COMGPXFFSA2W5ZXD&lid=LSTCOMGPXFFSA2W5ZXD6F38M9&marketplace=FLIPKART&q=laptop&store=6bo%2Fb5g&srno=s_17_394&otracker=search&fm=organic&iid=bb24dd92-a6b9-4717-aa1f-2d4169dd5fa8.COMGPXFFSA2W5ZXD.SEARCH&ppt=sp&ppn=sp&ssid=d5jlwz2asg0000001784731004443&qH=312f91285e048e09&ov_redirect=true,"Intel Core i7 Processor (13th Gen)","16 GB DDR5 RAM","Windows 11","1 TB SSD","1 Year Onsite Warranty"
363,"Lenovo V 14 (2025)",57461,3,6,https://www.flipkart.com/lenovo-v-14-2025-intel-core-i5-13th-gen-13420h-8-gb-512-gb-ssd-windows-11-home-v14-thin-light-laptop/p/itm77a8152131636?pid=COMHG54YSCYZKZJ6&lid=LSTCOMHG54YSCYZKZJ6S82FED&marketplace=FLIPKART&q=laptop&store=6bo%2Fb5g&srno=s_17_395&otracker=search&fm=organic&iid=bb24dd92-a6b9-4717-aa1f-2d4169dd5fa8.COMHG54YSCYZKZJ6.SEARCH&ppt=sp&ppn=sp&ssid=d5jlwz2asg0000001784731004443&qH=312f91285e048e09&ov_redirect=true,"Intel Core i5 Processor (13th Gen)","8 GB DDR4 RAM","64 bit Windows 11 Home","512 GB SSD","1 Year Onsite Warranty"
364,"Lenovo IdeaPad Slim 1",59999,4.1,302,https://www.flipkart.com/lenovo-ideapad-slim-1-amd-ryzen-5-quad-core-7520u-8-gb-512-gb-ssd-windows-11-home-15amn7-thin-light-laptop/p/itm3680fb576eb7b?pid=COMGRU9ZMYRQWDH5&lid=LSTCOMGRU9ZMYRQWDH5SF17O1&marketplace=FLIPKART&q=laptop&store=6bo%2Fb5g&srno=s_17_396&otracker=search&fm=organic&iid=bb24dd92-a6b9-4717-aa1f-2d4169dd5fa8.COMGRU9ZMYRQWDH5.SEARCH&ppt=sp&ppn=sp&ssid=d5jlwz2asg0000001784731004443&qH=312f91285e048e09&ov_redirect=true,"AMD Ryzen 5 Quad Core Processor","8 GB LPDDR5 RAM","Windows 11","512 GB SSD","1 Year Carry-in Warranty"
365,"HP 15 (i5 14th Gen)",82990,4.2,195,https://www.flipkart.com/hp-15-i5-14th-gen-intel-core-5-120u-24-gb-512-gb-ssd-windows-11-home-15-fd0262tu-thin-light-laptop/p/itm027a3317f4ff9?pid=COMHM94A7PHVCQT7&lid=LSTCOMHM94A7PHVCQT7QTPOH7&marketplace=FLIPKART&q=laptop&store=6bo%2Fb5g&srno=s_17_397&otracker=search&fm=organic&iid=en_oBHvg-1T8Y95Zlcwidac2aI2P_hPpCfXrqFyz49Z5Q1rws0aLLWxkFlW-MMVGPipajNODExQ3AD2YwLVEpFEnL-0TByd-y2aowfbZcqv2qDG8fggMkp7s6FL6Qbnk5v9&ppt=sp&ppn=sp&ssid=d5jlwz2asg0000001784731004443&qH=312f91285e048e09&ov_redirect=true,"Intel Core 5 Processor","24 GB DDR5 RAM","Windows 11 Home","512 GB SSD","1 Year Onsite Service"
366,"Samsung Galaxy Book5 AI Metal",84990,4.6,837,https://www.flipkart.com/samsung-galaxy-book5-ai-metal-intel-core-ultra-5-225u-16-gb-512-gb-ssd-windows-11-home-np750xhd-thin-light-laptop/p/itmc33d2563d0ffc?pid=COMHE4ATPCZ9FXRP&lid=LSTCOMHE4ATPCZ9FXRP7N1GVG&marketplace=FLIPKART&q=laptop&store=6bo%2Fb5g&srno=s_17_398&otracker=search&fm=organic&iid=en_oBHvg-1T8Y95Zlcwidac2aI2P_hPpCfXrqFyz49Z5Q1ne1UL0Wbr_7EQ_o8plJ9d3WHJiuMjlX0EHxFVCjPkyeBu1d32v--9VSkIFt_qqVTG8fggMkp7s6FL6Qbnk5v9&ppt=sp&ppn=sp&ssid=d5jlwz2asg0000001784731004443&qH=312f91285e048e09&ov_redirect=true,"Intel Core Ultra 5 Processor","16 GB LPDDR5X RAM","64 bit Windows 11","512 GB SSD","1 Year Manufacturer Warranty for Laptop and 6 Months for In-Box Accessories"
367,"Lenovo Ideapad",69980,4.1,153,https://www.flipkart.com/lenovo-ideapad-intel-core-i5-12th-gen-12450h-16-gb-512-gb-ssd-windows-11-home-4-graphics-15iah8-thin-light-laptop/p/itm76f0e5d975817?pid=COMGYSFGJKSCNDDC&lid=LSTCOMGYSFGJKSCNDDCDTHDSB&marketplace=FLIPKART&q=laptop&store=6bo%2Fb5g&srno=s_17_403&otracker=search&fm=organic&iid=bb24dd92-a6b9-4717-aa1f-2d4169dd5fa8.COMGYSFGJKSCNDDC.SEARCH&ppt=sp&ppn=sp&ssid=d5jlwz2asg0000001784731004443&qH=312f91285e048e09&ov_redirect=true,"Intel Core i5 Processor (12th Gen)","16 GB LPDDR5 RAM","Windows 11","512 GB SSD","1 Yr. Onsite + 1 Yr. Accidental Damage Protection"
368,"HP 15s",49980,4.3,5979,https://www.flipkart.com/hp-15s-amd-ryzen-3-quad-core-5300u-8-gb-512-gb-ssd-windows-11-home-15s-eq2143au-thin-light-laptop/p/itm59e288d010cef?pid=COMGAX8EEYFKCESS&lid=LSTCOMGAX8EEYFKCESSIOLRG0&marketplace=FLIPKART&q=laptop&store=6bo%2Fb5g&srno=s_17_399&otracker=search&fm=organic&iid=bb24dd92-a6b9-4717-aa1f-2d4169dd5fa8.COMGAX8EEYFKCESS.SEARCH&ppt=sp&ppn=sp&ssid=d5jlwz2asg0000001784731004443&qH=312f91285e048e09&ov_redirect=true,"AMD Ryzen 3 Quad Core Processor","8 GB DDR4 RAM","64 bit Windows 11","512 GB SSD","1 Year Onsite Warranty"
369,"Lenovo IdeaPad Slim 5",74990,4.5,11,https://www.flipkart.com/lenovo-ideapad-slim-5-1yr-adp-intel-core-ultra-125-h-16-gb-512-gb-ssd-windows-11-home-16imh9-thin-light-laptop/p/itm651f6b2bf844a?pid=COMHJJFGDYUCHKW3&lid=LSTCOMHJJFGDYUCHKW39NKIUN&marketplace=FLIPKART&q=laptop&store=6bo%2Fb5g&srno=s_17_400&otracker=search&fm=organic&iid=bb24dd92-a6b9-4717-aa1f-2d4169dd5fa8.COMHJJFGDYUCHKW3.SEARCH&ppt=sp&ppn=sp&ssid=d5jlwz2asg0000001784731004443&qH=312f91285e048e09&ov_redirect=true,"Intel Core Ultra 5 Processor","16 GB LPDDR5X RAM","Windows 11 Home","512 GB SSD","1 Year Onsite Warranty"
370,"Lenovo Ideapad Slim 3 OLED",71900,4.7,20,https://www.flipkart.com/lenovo-ideapad-slim-3-oled-1yr-adp-snapdragon-x-16-gb-512-gb-ssd-windows-11-home-15q8x10-laptop/p/itm5306716cd0f2f?pid=COMHGMMWNG4ME6GT&lid=LSTCOMHGMMWNG4ME6GTU7EFB5&marketplace=FLIPKART&q=laptop&store=6bo%2Fb5g&srno=s_17_404&otracker=search&fm=organic&iid=bb24dd92-a6b9-4717-aa1f-2d4169dd5fa8.COMHGMMWNG4ME6GT.SEARCH&ppt=sp&ppn=sp&ssid=d5jlwz2asg0000001784731004443&qH=312f91285e048e09&ov_redirect=true,"Snapdragon X Processor","16 GB LPDDR5X RAM","64 bit Windows 11 Home","512 GB SSD","1 Year Limited Warranty"
371,"ASUS Vivobook S14 (2025)",65990,4.5,1398,https://www.flipkart.com/asus-vivobook-s14-2025-office-2024-m365-basic-ai-pc-backlit-keyboard-snapdragon-x-16-gb-512-gb-ssd-windows-11-home-s3407qa-kp027ws-thin-light-laptop/p/itmafafdebe9e0fe?pid=COMH9SJ9R2XPUEKZ&lid=LSTCOMH9SJ9R2XPUEKZ5XQBHY&marketplace=FLIPKART&q=laptop&store=6bo%2Fb5g&srno=s_17_405&otracker=search&fm=organic&iid=bb24dd92-a6b9-4717-aa1f-2d4169dd5fa8.COMH9SJ9R2XPUEKZ.SEARCH&ppt=sp&ppn=sp&ssid=d5jlwz2asg0000001784731004443&qH=312f91285e048e09&ov_redirect=true,"Snapdragon X Processor","16 GB LPDDR5X RAM","Windows 11 Home","512 GB SSD","1 Year Onsite Warranty"
372,"Lenovo LOQ Essential",119990,4.2,375,https://www.flipkart.com/lenovo-loq-essential-intel-core-i7-12650hx-16-gb-512-gb-ssd-windows-11-home-6-graphics-nvidia-geforce-rtx-4050-15iax9e-gaming-laptop/p/itmd07e54ebaf097?pid=COMHGEQVUDH5RKJH&lid=LSTCOMHGEQVUDH5RKJH2MWT2P&marketplace=FLIPKART&q=laptop&store=6bo%2Fb5g&srno=s_17_406&otracker=search&fm=organic&iid=bb24dd92-a6b9-4717-aa1f-2d4169dd5fa8.COMHGEQVUDH5RKJH.SEARCH&ppt=sp&ppn=sp&ssid=d5jlwz2asg0000001784731004443&qH=312f91285e048e09&ov_redirect=true,"Intel Core i7 Processor","16 GB DDR5 RAM","Windows 11 Home","512 GB SSD","1 Year Carry-in Warranty"
373,"HP 14 AI PC",85990,4.1,790,https://www.flipkart.com/hp-14-ai-pc-intel-core-ultra-7-155h-16-gb-1-tb-ssd-windows-11-home-14-ep1152tu-thin-light-laptop/p/itm448874079369f?pid=COMHG98EXZ3AJYZN&lid=LSTCOMHG98EXZ3AJYZNODD67U&marketplace=FLIPKART&q=laptop&store=6bo%2Fb5g&srno=s_17_407&otracker=search&fm=organic&iid=en_oBHvg-1T8Y95Zlcwidac2aI2P_hPpCfXrqFyz49Z5Q1X7Af_c5Zm1trbD1IwzprNh5G6U5aEaI_enC8f768AnyGkgDYpheMzpTOfbcb9jJruqIONvV4T0YNDDd5Ax2bB&ppt=sp&ppn=sp&ssid=d5jlwz2asg0000001784731004443&qH=312f91285e048e09&ov_redirect=true,"Intel Core Ultra 7 Processor","16 GB DDR5 RAM","Windows 11 Home","1 TB SSD","1 Year Onsite Warranty"
374,"Samsung Galaxy Book5 AI Metal",91990,4.6,463,https://www.flipkart.com/samsung-galaxy-book5-ai-metal-intel-core-ultra-7-255u-16-gb-512-gb-ssd-windows-11-home-np750xhd-thin-light-laptop/p/itma9c081cdbe95d?pid=COMHE4ATBCUTGUYT&lid=LSTCOMHE4ATBCUTGUYTJZ7NHN&marketplace=FLIPKART&q=laptop&store=6bo%2Fb5g&srno=s_17_401&otracker=search&fm=organic&iid=en_oBHvg-1T8Y95Zlcwidac2aI2P_hPpCfXrqFyz49Z5Q2vmoYigv9Yc3ENlr0TiBd2_54vlUw9QAlUFlRYR6QtY3cnLvZDRQqekr8yDtqYWd3G8fggMkp7s6FL6Qbnk5v9&ppt=sp&ppn=sp&ssid=d5jlwz2asg0000001784731004443&qH=312f91285e048e09&ov_redirect=true,"Intel Core Ultra 7 Processor","16 GB LPDDR5X RAM","64 bit Windows 11","512 GB SSD","1 Year Manufacturer Warranty for Laptop and 6 Months for In-Box Accessories"
375,"HP OMEN AI",134990,4.5,112,https://www.flipkart.com/hp-omen-ai-amd-ryzen-7-octa-core-350-24-gb-1-tb-ssd-windows-11-home-8-gb-graphics-nvidia-geforce-rtx-5050-16-ap0165ax-gaming-laptop/p/itm5661c90728083?pid=COMHEHHXKFQSABXZ&lid=LSTCOMHEHHXKFQSABXZEF3JCN&marketplace=FLIPKART&q=laptop&store=6bo%2Fb5g&srno=s_17_408&otracker=search&fm=organic&iid=en_oBHvg-1T8Y95Zlcwidac2aI2P_hPpCfXrqFyz49Z5Q0EtMJxDFxLpOUnMqeuh0Z8St8s0FwzStmVNuDw0YIb7vRQYaQqNgqexXd2bqUccoKMuspXSXAAzU2qTaLHlcRd&ppt=sp&ppn=sp&ssid=d5jlwz2asg0000001784731004443&qH=312f91285e048e09&ov_redirect=true,"AMD Ryzen AI 7 Octa Core Processor","24 GB DDR5 RAM","Windows 11 Home","1 TB SSD","1 Year Onsite Warranty"
376,"ASUS Vivobook 15",51990,4.2,8891,https://www.flipkart.com/asus-vivobook-15-intel-core-i5-12th-gen-1235u-16-gb-512-gb-ssd-windows-11-home-x1502za-ej545ws-thin-light-laptop/p/itm3b11f9400fcd8?pid=COMGR5QEDDTGGUBX&lid=LSTCOMGR5QEDDTGGUBXOVXZAO&marketplace=FLIPKART&q=laptop&store=6bo%2Fb5g&srno=s_18_409&otracker=search&fm=organic&iid=43dd9580-ddf3-4c56-8071-7458d2cedd3c.COMGR5QEDDTGGUBX.SEARCH&ppt=sp&ppn=sp&ssid=6lo1vfwtgg0000001784731009769&qH=312f91285e048e09&ov_redirect=true,"Intel Core i5 Processor (12th Gen)","16 GB DDR4 RAM","64 bit Windows 11","512 GB SSD","1 Year Onsite Warranty"
377,"Samsung Galaxy Book5 AI Metal",84990,4.6,837,https://www.flipkart.com/samsung-galaxy-book5-ai-metal-intel-core-ultra-5-225u-16-gb-512-gb-ssd-windows-11-home-np750xhd-thin-light-laptop/p/itmc33d2563d0ffc?pid=COMHE4ATPCZ9FXRP&lid=LSTCOMHE4ATPCZ9FXRP7N1GVG&marketplace=FLIPKART&q=laptop&store=6bo%2Fb5g&srno=s_6_132&otracker=search&fm=organic&iid=en_1qIIdxl_62nbzkykufBv_4rOMbEfrCxKIHfFLHZ5bk6PMvmXaplK32r3S7vHLCFb3WHJiuMjlX0EHxFVCjPkyeBu1d32v--9VSkIFt_qqVTgae-kpFEgIWrWoEcewlkZ&ppt=sp&ppn=sp&ssid=riyctednpc0000001784730945053&qH=312f91285e048e09&ov_redirect=true,"Intel Core Ultra 5 Processor","16 GB LPDDR5X RAM","64 bit Windows 11","512 GB SSD","1 Year Manufacturer Warranty for Laptop and 6 Months for In-Box Accessories"
378,"Samsung Galaxy Book4 Metal",56990,4.4,19735,https://www.flipkart.com/samsung-galaxy-book4-metal-intel-core-i5-13th-gen-1335u-8-gb-512-gb-ssd-windows-11-home-np750xgj-kg1in-np750xgj-lg1in-np750xgj-lg6in-thin-light-laptop/p/itm1df5212efb9fc?pid=COMGZUYDFZXHWYWZ&lid=LSTCOMGZUYDFZXHWYWZJ6V2KW&marketplace=FLIPKART&q=laptop&store=6bo%2Fb5g&srno=s_18_411&otracker=search&fm=organic&iid=en_dzLPY4pnpNMVQrkyfsvxES7Kpcwh3j7rECMCcgoCq39OtbgOACYmYSD6iKZnsqHcsfGME0kkMQMICwGxasfmZSpiZoP3ZcDDMuaOuWFYumO1pqIjakK5kxC2EBRKHV4h&ppt=sp&ppn=sp&ssid=6lo1vfwtgg0000001784731009769&qH=312f91285e048e09&ov_redirect=true,"Intel Core i5 Processor (13th Gen)","8 GB LPDDR4X RAM","64 bit Windows 11","512 GB SSD","1 Year Manufacturer Warranty for Laptop and 6 Months for In-Box Accessories"
379,"Samsung Galaxy Book3 Pro EVO AMOLED",86490,4.6,29,https://www.flipkart.com/samsung-galaxy-book3-pro-evo-amoled-intel-core-i7-13th-gen-1360p-16-gb-1-tb-ssd-windows-11-home-np940xfg-kc5in-thin-light-laptop/p/itm56e22bce344e5?pid=COMGPXFFZ7R7ZQJ9&lid=LSTCOMGPXFFZ7R7ZQJ99AJJRH&marketplace=FLIPKART&q=laptop&store=6bo%2Fb5g&srno=s_6_133&otracker=search&fm=organic&iid=447b5a77-2df6-45e3-ba61-b890be726387.COMGPXFFZ7R7ZQJ9.SEARCH&ppt=sp&ppn=sp&ssid=riyctednpc0000001784730945053&qH=312f91285e048e09&ov_redirect=true,"Intel Core i7 Processor (13th Gen)","16 GB DDR5 RAM","Windows 11","1 TB SSD","1 Year Onsite Warranty"
380,"Samsung Galaxy Book4 Metal",57490,4.4,10670,https://www.flipkart.com/samsung-galaxy-book4-metal-intel-core-i3-13th-gen-1315u-8-gb-512-gb-ssd-windows-11-home-np750xgj-lg9in-thin-light-laptop/p/itmc29d559898e6f?pid=COMH4Y6KKRC9YSWE&lid=LSTCOMH4Y6KKRC9YSWERDUMZD&marketplace=FLIPKART&q=laptop&store=6bo%2Fb5g&srno=s_18_412&otracker=search&fm=organic&iid=en_dzLPY4pnpNMVQrkyfsvxES7Kpcwh3j7rECMCcgoCq39CnRhYxjI5yTWWB965y_OYVqKfzRTPmTYCvEc1OQ2_kCChg9vAnpscSdI7uOc1ZHW1pqIjakK5kxC2EBRKHV4h&ppt=sp&ppn=sp&ssid=6lo1vfwtgg0000001784731009769&qH=312f91285e048e09&ov_redirect=true,"Intel Core i3 Processor (13th Gen)","8 GB LPDDR4X RAM","64 bit Windows 11","512 GB SSD","1 Year Onsite Warranty"
381,"ASUS TUF Gaming A15",81844,5,3,https://www.flipkart.com/asus-tuf-gaming-a15-amd-ryzen-7-hexa-core-16-gb-512-gb-ssd-windows-11-home-4-graphics-nvidia-geforce-rtx-3050-144-hz-fa506ncg-hn199w-laptop/p/itmca7ce1e457d2f?pid=COMHHNHHCY3K6BNG&lid=LSTCOMHHNHHCY3K6BNGWSYD9N&marketplace=FLIPKART&q=laptop&store=6bo%2Fb5g&srno=s_18_413&otracker=search&fm=organic&iid=43dd9580-ddf3-4c56-8071-7458d2cedd3c.COMHHNHHCY3K6BNG.SEARCH&ppt=sp&ppn=sp&ssid=6lo1vfwtgg0000001784731009769&qH=312f91285e048e09&ov_redirect=true,"AMD Ryzen 7 Hexa Core Processor","16 GB DDR5 RAM","Windows 11 Home","512 GB SSD","1 Year warranty"
382,"Acer Aspire",29999,3.8,2061,https://www.flipkart.com/acer-aspire-intel-celeron-dual-core-n4500-12-gb-256-gb-ssd-windows-11-home-a324-45-v2-thin-light-laptop/p/itmbbfe217e40d59?pid=COMHFZYZHA5YJHS3&lid=LSTCOMHFZYZHA5YJHS30OEKLM&marketplace=FLIPKART&q=laptop&store=6bo%2Fb5g&srno=s_18_414&otracker=search&fm=organic&iid=43dd9580-ddf3-4c56-8071-7458d2cedd3c.COMHFZYZHA5YJHS3.SEARCH&ppt=sp&ppn=sp&ssid=6lo1vfwtgg0000001784731009769&qH=312f91285e048e09&ov_redirect=true,"Intel Celeron Dual Core Processor","12 GB LPDDR4X RAM","64 bit Windows 11","256 GB SSD","1 Year Carry-in Warranty"
383,"ASUS Vivobook S16 (2026)",74990,4.4,38,https://www.flipkart.com/asus-vivobook-s16-2026-metallic-design-gaming-grade-cpu-amd-ryzen-5-220-16-gb-512-gb-ssd-windows-11-home-m3607ha-rp219ws-thin-light-laptop/p/itm68882d208580b?pid=COMHHHBZCZ24FT89&lid=LSTCOMHHHBZCZ24FT89FOBJTC&marketplace=FLIPKART&q=laptop&store=6bo%2Fb5g&srno=s_6_134&otracker=search&fm=organic&iid=447b5a77-2df6-45e3-ba61-b890be726387.COMHHHBZCZ24FT89.SEARCH&ppt=sp&ppn=sp&ssid=riyctednpc0000001784730945053&qH=312f91285e048e09&ov_redirect=true,"AMD Ryzen 5 Processor","16 GB DDR5 RAM","Windows 11 Home","512 GB SSD","1 Year Onsite Warranty"
384,"ASUS ROG Strix G16 (2025)",329990,4.8,40,https://www.flipkart.com/asus-rog-strix-g16-2025-office-2024-m365-basic-intel-core-ultra-9-275hx-32-gb-1-tb-ssd-windows-11-home-16-gb-graphics-nvidia-geforce-rtx-5080-165-hz-175-w-g615lw-rv148ws-gaming-laptop/p/itm20b5d68f8b36e?pid=COMHBGQ4KHERYNBA&lid=LSTCOMHBGQ4KHERYNBAV2GZ0Q&marketplace=FLIPKART&q=laptop&store=6bo%2Fb5g&srno=s_18_420&otracker=search&fm=organic&iid=43dd9580-ddf3-4c56-8071-7458d2cedd3c.COMHBGQ4KHERYNBA.SEARCH&ppt=sp&ppn=sp&ssid=6lo1vfwtgg0000001784731009769&qH=312f91285e048e09&ov_redirect=true,"Intel Core Ultra 9 Processor","32 GB DDR5 RAM","Windows 11 Home","1 TB SSD","1 Year Onsite Warranty"
385,"DELL Inspiron 5440 - 100U",49389,3.7,3,https://www.flipkart.com/dell-inspiron-5440-100u-intel-core-i3-14th-gen-8-gb-512-gb-ssd-windows-11-pro-7fn5j-laptop/p/itmad6efd206c154?pid=COMHM5DHZ6WACGCY&lid=LSTCOMHM5DHZ6WACGCYBQKGMS&marketplace=FLIPKART&q=laptop&store=6bo%2Fb5g&srno=s_18_415&otracker=search&fm=organic&iid=43dd9580-ddf3-4c56-8071-7458d2cedd3c.COMHM5DHZ6WACGCY.SEARCH&ppt=sp&ppn=sp&ssid=6lo1vfwtgg0000001784731009769&qH=312f91285e048e09&ov_redirect=true,"Intel Core i3 Processor (14th Gen)","8 GB DDR4 RAM",DOS,"512 GB SSD","1 YEAR"
386,"Samsung Galaxy Book4 Edge Series Copilot AI-PC Full Metal Chasis",69990,4.4,3287,https://www.flipkart.com/samsung-galaxy-book4-edge-series-copilot-ai-pc-full-metal-chasis-snapdragon-x-16-gb-512-gb-ssd-windows-11-home-np750xqb-ka1in-thin-light-laptop/p/itm1d61ec8d90cc7?pid=COMHE4ATFWNVHXHS&lid=LSTCOMHE4ATFWNVHXHSIHS0FO&marketplace=FLIPKART&q=laptop&store=6bo%2Fb5g&srno=s_6_135&otracker=search&fm=organic&iid=447b5a77-2df6-45e3-ba61-b890be726387.COMHE4ATFWNVHXHS.SEARCH&ppt=sp&ppn=sp&ssid=riyctednpc0000001784730945053&qH=312f91285e048e09&ov_redirect=true,"Snapdragon X Processor","16 GB LPDDR5X RAM","64 bit Windows 11","512 GB SSD","1 Year Manufacturer Warranty for Laptop and 6 Months for In-Box Accessories"
387,"HP 15 (i5 14th Gen)",82990,4.2,195,https://www.flipkart.com/hp-15-i5-14th-gen-intel-core-5-120u-24-gb-512-gb-ssd-windows-11-home-15-fd0262tu-thin-light-laptop/p/itm027a3317f4ff9?pid=COMHM94A7PHVCQT7&lid=LSTCOMHM94A7PHVCQT7QTPOH7&marketplace=FLIPKART&q=laptop&store=6bo%2Fb5g&srno=s_18_421&otracker=search&fm=organic&iid=en_dzLPY4pnpNMVQrkyfsvxES7Kpcwh3j7rECMCcgoCq398RhYCGhvj3DZow0sasJ09ajNODExQ3AD2YwLVEpFEnL-0TByd-y2aowfbZcqv2qC1pqIjakK5kxC2EBRKHV4h&ppt=sp&ppn=sp&ssid=6lo1vfwtgg0000001784731009769&qH=312f91285e048e09&ov_redirect=true,"Intel Core 5 Processor","24 GB DDR5 RAM","Windows 11 Home","512 GB SSD","1 Year Onsite Service"
388,"HP Omnibook 3 2K WUXGA",72990,4.1,11,https://www.flipkart.com/hp-omnibook-3-2k-wuxga-snapdragon-x-16-gb-512-gb-ssd-windows-11-home-14-hz0024qu-laptop/p/itmbd5346cd09abc?pid=COMHZGK2ACSECZB5&lid=LSTCOMHZGK2ACSECZB52ALLPO&marketplace=FLIPKART&q=laptop&store=6bo%2Fb5g&srno=s_18_417&otracker=search&fm=organic&iid=en_dzLPY4pnpNMVQrkyfsvxES7Kpcwh3j7rECMCcgoCq38jUh7sAIPz24EWzlecPPoFQDaMOpjaAqIhVlr2eDOqkK8WMJxc_eOD3pdFe_35DQW1pqIjakK5kxC2EBRKHV4h&ppt=sp&ppn=sp&ssid=6lo1vfwtgg0000001784731009769&qH=312f91285e048e09&ov_redirect=true,"Snapdragon X Processor","16 GB LPDDR5X RAM","Windows 11 Home","512 GB SSD","1 Year Onsite Service"
389,"ASUS Vivobook 16 (2025), Copilot + PC",61990,4.1,169,https://www.flipkart.com/asus-vivobook-16-2025-copilot-pc-backlit-keyboard-ai-pc-snapdragon-x-16-gb-512-gb-ssd-windows-11-home-x1607qa-mb049ws-thin-light-laptop/p/itmaff92a0acb4ff?pid=COMH9EVGZHTHHPFH&lid=LSTCOMH9EVGZHTHHPFHWI6NKH&marketplace=FLIPKART&q=laptop&store=6bo%2Fb5g&srno=s_6_136&otracker=search&fm=organic&iid=447b5a77-2df6-45e3-ba61-b890be726387.COMH9EVGZHTHHPFH.SEARCH&ppt=sp&ppn=sp&ssid=riyctednpc0000001784730945053&qH=312f91285e048e09&ov_redirect=true,"Snapdragon X Processor","16 GB LPDDR5X RAM","Windows 11 Home","512 GB SSD","1 Year Onsite Warranty"
390,"HP 14 AI PC",79990,4.1,790,https://www.flipkart.com/hp-14-ai-pc-intel-core-ultra-7-155h-16-gb-512-gb-ssd-windows-11-home-14-ep1151tu-14-gr1036tu-14-ep1151tu-thin-light-laptop/p/itm4c681812b88bf?pid=COMHF8G932EYZAJF&lid=LSTCOMHF8G932EYZAJFOUI9CA&marketplace=FLIPKART&q=laptop&store=6bo%2Fb5g&srno=s_18_422&otracker=search&fm=organic&iid=en_dzLPY4pnpNMVQrkyfsvxES7Kpcwh3j7rECMCcgoCq384JemXMMAPLNTPhcdYfQKrq1hjzYDbDbYctS2-qOIVIqU4JGq2qGfuCYjFJWjKqlRI5S7eIFelvXoRIoxGqFu7&ppt=sp&ppn=sp&ssid=6lo1vfwtgg0000001784731009769&qH=312f91285e048e09&ov_redirect=true,"Intel Core Ultra 7 Processor","16 GB DDR5 RAM","Windows 11 Home","512 GB SSD","1 Year Onsite Warranty"
391,"DELL 15 (Previouly Inspiron)",57990,4.5,6,https://www.flipkart.com/dell-15-previouly-inspiron-amd-ryzen-5-quad-core-7520u-8-gb-512-gb-ssd-windows-11-home-dc15255-thin-light-laptop/p/itmb80bb4e819164?pid=COMHDXXUHGDCHMQX&lid=LSTCOMHDXXUHGDCHMQXUEUE9X&marketplace=FLIPKART&q=laptop&store=6bo%2Fb5g&srno=s_18_418&otracker=search&fm=organic&iid=en_dzLPY4pnpNMVQrkyfsvxES7Kpcwh3j7rECMCcgoCq39bX9_CAVdD3e5CqlERCeaKKS7KjhXWMehRCKPAR7kLILb6bL0Zx_kaK68EeWHdQeC1pqIjakK5kxC2EBRKHV4h&ppt=sp&ppn=sp&ssid=6lo1vfwtgg0000001784731009769&qH=312f91285e048e09&ov_redirect=true,"AMD Ryzen 5 Quad Core Processor","8 GB LPDDR5 RAM","Windows 11","512 GB SSD","1 Year Onsite Warranty"
392,"HP 14 AI PC",79990,4.1,790,https://www.flipkart.com/hp-14-ai-pc-intel-core-ultra-7-155h-16-gb-512-gb-ssd-windows-11-home-14-ep1151tu-14-gr1036tu-14-ep1151tu-thin-light-laptop/p/itm4c681812b88bf?pid=COMHF8G932EYZAJF&lid=LSTCOMHF8G932EYZAJFOUI9CA&marketplace=FLIPKART&q=laptop&store=6bo%2Fb5g&srno=s_6_137&otracker=search&fm=organic&iid=en_1qIIdxl_62nbzkykufBv_4rOMbEfrCxKIHfFLHZ5bk6TK91yPRnBz5fOMGs41wyP3zzcGhlXkGO1hWP1UU6KY6U4JGq2qGfuCYjFJWjKqlRJSZLoWTeXR7Lb_w-IVbg6&ppt=sp&ppn=sp&ssid=riyctednpc0000001784730945053&qH=312f91285e048e09&ov_redirect=true,"Intel Core Ultra 7 Processor","16 GB DDR5 RAM","Windows 11 Home","512 GB SSD","1 Year Onsite Warranty"
393,"ASUS Vivobook 14 Flip OLED (2026)",98990,5,3,https://www.flipkart.com/asus-vivobook-14-flip-oled-2026-touch-screen-metallic-design-intel-core-ultra-5-226v-16-gb-512-gb-ssd-windows-11-home-tp3407sa-sg183ws-2-1-laptop/p/itmffd74b3d38344?pid=COMHHAFFYEGZUXG8&lid=LSTCOMHHAFFYEGZUXG8KRCSCI&marketplace=FLIPKART&q=laptop&store=6bo%2Fb5g&srno=s_18_423&otracker=search&fm=organic&iid=43dd9580-ddf3-4c56-8071-7458d2cedd3c.COMHHAFFYEGZUXG8.SEARCH&ppt=sp&ppn=sp&ssid=6lo1vfwtgg0000001784731009769&qH=312f91285e048e09&ov_redirect=true,"Intel Core Ultra 5 Processor","16 GB LPDDR5X RAM","Windows 11 Home","512 GB SSD","1 Year Onsite Service"
394,"Lenovo Yoga 6",121690,4.1,153,https://www.flipkart.com/lenovo-yoga-6-1yr-adp-amd-ryzen-7-octa-core-7730u-16-gb-1-tb-ssd-windows-11-home-13abr8-2-1-laptop/p/itm0a5d2a15938e8?pid=COMGSVFES2XSYQYY&lid=LSTCOMGSVFES2XSYQYYYK27H0&marketplace=FLIPKART&q=laptop&store=6bo%2Fb5g&srno=s_18_419&otracker=search&fm=organic&iid=43dd9580-ddf3-4c56-8071-7458d2cedd3c.COMGSVFES2XSYQYY.SEARCH&ppt=sp&ppn=sp&ssid=6lo1vfwtgg0000001784731009769&qH=312f91285e048e09&ov_redirect=true,"AMD Ryzen 7 Octa Core Processor","16 GB LPDDR4X RAM","64 bit Windows 11","1 TB SSD","1Yr Warranty + 1 Yr Premium Care and 1 Yr Accidental Damage Protection"
395,"HP 14 AI PC",85990,4.1,790,https://www.flipkart.com/hp-14-ai-pc-intel-core-ultra-7-155h-16-gb-1-tb-ssd-windows-11-home-14-ep1152tu-thin-light-laptop/p/itm448874079369f?pid=COMHG98EXZ3AJYZN&lid=LSTCOMHG98EXZ3AJYZNODD67U&marketplace=FLIPKART&q=laptop&store=6bo%2Fb5g&srno=s_6_138&otracker=search&fm=organic&iid=en_1qIIdxl_62nbzkykufBv_4rOMbEfrCxKIHfFLHZ5bk4_I3Z0x6f95Xj1QIAqQmhma95Ym7PGNlW2mSQwI-DoQCGkgDYpheMzpTOfbcb9jJpJSZLoWTeXR7Lb_w-IVbg6&ppt=sp&ppn=sp&ssid=riyctednpc0000001784730945053&qH=312f91285e048e09&ov_redirect=true,"Intel Core Ultra 7 Processor","16 GB DDR5 RAM","Windows 11 Home","1 TB SSD","1 Year Onsite Warranty"
396,"MOTOROLA Motobook 60 Pro Full Metal AI PC WUXGA OLED",79990,4.5,642,https://www.flipkart.com/motorola-motobook-60-pro-full-metal-ai-pc-wuxga-oled-intel-core-ultra-5-225h-16-gb-512-gb-ssd-windows-11-home-14iah101-thin-light-laptop/p/itm9a8f7e63c313f?pid=COMHZJ49GZXD9CQG&lid=LSTCOMHZJ49GZXD9CQGFQSK5V&marketplace=FLIPKART&q=laptop&store=6bo%2Fb5g&srno=s_18_424&otracker=search&fm=organic&iid=43dd9580-ddf3-4c56-8071-7458d2cedd3c.COMHZJ49GZXD9CQG.SEARCH&ppt=sp&ppn=sp&ssid=6lo1vfwtgg0000001784731009769&qH=312f91285e048e09&ov_redirect=true,"Intel Core Ultra 5 Processor","16 GB DDR5 RAM","64 bit Windows 11","512 GB SSD","1 Year Onsite Service"
397,"Lenovo IdeaPad Slim 3",72190,4.1,367,https://www.flipkart.com/lenovo-ideapad-slim-3-1yr-adp-amd-ryzen-5-quad-core-7520u-16-gb-512-gb-ssd-windows-11-home-15amn8-thin-light-laptop/p/itm76f0e5d975817?pid=COMGRU9ZYEHC4H5K&lid=LSTCOMGRU9ZYEHC4H5K42JTOL&marketplace=FLIPKART&q=laptop&store=6bo%2Fb5g&srno=s_6_139&otracker=search&fm=organic&iid=447b5a77-2df6-45e3-ba61-b890be726387.COMGRU9ZYEHC4H5K.SEARCH&ppt=sp&ppn=sp&ssid=riyctednpc0000001784730945053&qH=312f91285e048e09&ov_redirect=true,"AMD Ryzen 5 Quad Core Processor","16 GB LPDDR5 RAM","Windows 11","512 GB SSD","1 Yr. Onsite + 1 Yr. Accidental Damage Protection"
398,"ASUS Vivobook S16 OLED (2025)",69982,4.5,1398,https://www.flipkart.com/asus-vivobook-s16-oled-2025-backlit-keyboard-metal-body-snapdragon-x-16-gb-512-gb-ssd-windows-11-home-s3607qa-sh075ws-thin-light-laptop/p/itm521c22c1a77f5?pid=COMHCQ5E5A5TZUVJ&lid=LSTCOMHCQ5E5A5TZUVJFZXRGF&marketplace=FLIPKART&q=laptop&store=6bo%2Fb5g&srno=s_18_425&otracker=search&fm=organic&iid=43dd9580-ddf3-4c56-8071-7458d2cedd3c.COMHCQ5E5A5TZUVJ.SEARCH&ppt=sp&ppn=sp&ssid=6lo1vfwtgg0000001784731009769&qH=312f91285e048e09&ov_redirect=true,"Snapdragon X Processor","16 GB LPDDR5X RAM","Windows 11 Home","512 GB SSD","1 Year Onsite Warranty"
399,"HP 240 G10",63990,3.5,6,https://www.flipkart.com/hp-240-g10-backlit-fingerprint-2025-professional-intel-core-i5-13th-gen-1334u-16-gb-512-gb-ssd-windows-11-pro-thin-light-laptop/p/itm89ee5334db645?pid=COMHG5FGCVZNGHPS&lid=LSTCOMHG5FGCVZNGHPSFPYVWI&marketplace=FLIPKART&q=laptop&store=6bo%2Fb5g&srno=s_18_426&otracker=search&fm=organic&iid=43dd9580-ddf3-4c56-8071-7458d2cedd3c.COMHG5FGCVZNGHPS.SEARCH&ppt=sp&ppn=sp&ssid=6lo1vfwtgg0000001784731009769&qH=312f91285e048e09&ov_redirect=true,"Intel Core i5 Processor (13th Gen)","16 GB DDR4 RAM","64 bit Windows 11","512 GB SSD","1 Year Warranty"
400,"HP 14 AI PC",85990,4.1,790,https://www.flipkart.com/hp-14-ai-pc-intel-core-ultra-7-155h-16-gb-1-tb-ssd-windows-11-home-14-ep1152tu-thin-light-laptop/p/itm448874079369f?pid=COMHG98EXZ3AJYZN&lid=LSTCOMHG98EXZ3AJYZNODD67U&marketplace=FLIPKART&q=laptop&store=6bo%2Fb5g&srno=s_18_427&otracker=search&fm=organic&iid=en_dzLPY4pnpNMVQrkyfsvxES7Kpcwh3j7rECMCcgoCq39r1jyF8vZRmUdtZPDNLbnIC6YBzjaUMmK47SGkba_3oSGkgDYpheMzpTOfbcb9jJpI5S7eIFelvXoRIoxGqFu7&ppt=sp&ppn=sp&ssid=6lo1vfwtgg0000001784731009769&qH=312f91285e048e09&ov_redirect=true,"Intel Core Ultra 7 Processor","16 GB DDR5 RAM","Windows 11 Home","1 TB SSD","1 Year Onsite Warranty"
401,"Samsung Galaxy Book5 AI Metal",84990,4.6,837,https://www.flipkart.com/samsung-galaxy-book5-ai-metal-intel-core-ultra-5-225u-16-gb-512-gb-ssd-windows-11-home-np750xhd-thin-light-laptop/p/itmc33d2563d0ffc?pid=COMHE4ATPCZ9FXRP&lid=LSTCOMHE4ATPCZ9FXRP7N1GVG&marketplace=FLIPKART&q=laptop&store=6bo%2Fb5g&srno=s_18_428&otracker=search&fm=organic&iid=en_dzLPY4pnpNMVQrkyfsvxES7Kpcwh3j7rECMCcgoCq3-PEJ93u3YXB-sB4AsGXJqG3WHJiuMjlX0EHxFVCjPkyeUBYPBIqgZE3mSuDz4Hsbm1pqIjakK5kxC2EBRKHV4h&ppt=sp&ppn=sp&ssid=6lo1vfwtgg0000001784731009769&qH=312f91285e048e09&ov_redirect=true,"Intel Core Ultra 5 Processor","16 GB LPDDR5X RAM","64 bit Windows 11","512 GB SSD","1 Year Manufacturer Warranty for Laptop and 6 Months for In-Box Accessories"
402,DELL,53999,4.1,33,https://www.flipkart.com/dell-intel-core-i3-13th-gen-8-gb-512-gb-ssd-windows-11-home-inspiron-5440-laptop/p/itm6d47525d5a661?pid=COMHE33VQAH8EHKJ&lid=LSTCOMHE33VQAH8EHKJO63UW6&marketplace=FLIPKART&q=laptop&store=6bo%2Fb5g&srno=s_19_436&otracker=search&fm=organic&iid=30383f2a-1812-4086-abe4-9acfbbeb9cab.COMHE33VQAH8EHKJ.SEARCH&ppt=sp&ppn=sp&ssid=t9qb32qx1c0000001784731015021&qH=312f91285e048e09&ov_redirect=true,"Intel Core i3 Processor (13th Gen)","8 GB DDR4 RAM","Windows 11 Home","512 GB SSD","1 Year"
403,"DELL PRO 15 (2026) DDR5 5600Mhz (i3 14th Gen)",52990,3.8,44,https://www.flipkart.com/dell-pro-15-2026-ddr5-5600mhz-i3-14th-gen-intel-core-3-gen-100u-8-gb-512-gb-ssd-windows-11-pro-thin-light-laptop/p/itm51b9615f85177?pid=COMHK5AVXDWD9WBJ&lid=LSTCOMHK5AVXDWD9WBJ0ZKAJM&marketplace=FLIPKART&q=laptop&store=6bo%2Fb5g&srno=s_18_429&otracker=search&fm=organic&iid=43dd9580-ddf3-4c56-8071-7458d2cedd3c.COMHK5AVXDWD9WBJ.SEARCH&ppt=sp&ppn=sp&ssid=6lo1vfwtgg0000001784731009769&qH=312f91285e048e09&ov_redirect=true,"Intel Core 3 Processor (14th Gen)","8 GB DDR5 RAM","64 bit Windows 11","512 GB SSD","1 Year"
404,"HP Essentials(i5 14th Gen)",59990,4.5,10,https://www.flipkart.com/hp-essentials-i5-14th-gen-intel-core-5-13th-gen-120u-8-gb-1-tb-ssd-windows-11-home-15-fd0549tu-thin-light-laptop/p/itm426d2307326b2?pid=COMHFKPVKEQZJYVX&lid=LSTCOMHFKPVKEQZJYVXGB0ABE&marketplace=FLIPKART&q=laptop&store=6bo%2Fb5g&srno=s_6_140&otracker=search&fm=organic&iid=447b5a77-2df6-45e3-ba61-b890be726387.COMHFKPVKEQZJYVX.SEARCH&ppt=sp&ppn=sp&ssid=riyctednpc0000001784730945053&qH=312f91285e048e09&ov_redirect=true,"Intel Core 5 Processor (13th Gen)","8 GB DDR4 RAM","Windows 11 Home","1 TB SSD","1 Year Warranty and Only 6 Months Warranty on Battery and Adaptor"
405,"Samsung Galaxy Book4 Metal",56990,4.4,19735,https://www.flipkart.com/samsung-galaxy-book4-metal-intel-core-i5-13th-gen-1335u-8-gb-512-gb-ssd-windows-11-home-np750xgj-kg1in-np750xgj-lg1in-np750xgj-lg6in-thin-light-laptop/p/itm1df5212efb9fc?pid=COMGZUYDFZXHWYWZ&lid=LSTCOMGZUYDFZXHWYWZJ6V2KW&marketplace=FLIPKART&q=laptop&store=6bo%2Fb5g&srno=s_19_437&otracker=search&fm=organic&iid=en_Jbb7R7PVRr5Zjj8kJiy-DCgNRr7Ov9HCwDoRwgKp0prVbnVnD6RbUnUhFdfH55TwsfGME0kkMQMICwGxasfmZSpiZoP3ZcDDMuaOuWFYumO3OD5aGuQpTKF5ThNj2L5D&ppt=sp&ppn=sp&ssid=t9qb32qx1c0000001784731015021&qH=312f91285e048e09&ov_redirect=true,"Intel Core i5 Processor (13th Gen)","8 GB LPDDR4X RAM","64 bit Windows 11","512 GB SSD","1 Year Manufacturer Warranty for Laptop and 6 Months for In-Box Accessories"
406,"ASUS Chromebook CX14",27290,3.9,611,https://www.flipkart.com/asus-chromebook-cx14-intel-celeron-dual-core-n4500-4-gb-64-gb-emmc-storage-chrome-os-cx1405cka-nk0154-cx1405cka-s60342/p/itm076cdd51ac69a?pid=COMHDDZ7PYJZSGUZ&lid=LSTCOMHDDZ7PYJZSGUZDQ7ISM&marketplace=FLIPKART&q=laptop&store=6bo%2Fb5g&srno=s_18_430&otracker=search&fm=organic&iid=43dd9580-ddf3-4c56-8071-7458d2cedd3c.COMHDDZ7PYJZSGUZ.SEARCH&ppt=sp&ppn=sp&ssid=6lo1vfwtgg0000001784731009769&qH=312f91285e048e09&ov_redirect=true,"Intel Celeron Dual Core Processor","4 GB LPDDR4X RAM",ChromeOS,NULL,"1 Year Onsite Warranty"
407,"Samsung Galaxy Book4 Metal",57490,4.4,10670,https://www.flipkart.com/samsung-galaxy-book4-metal-intel-core-i3-13th-gen-1315u-8-gb-512-gb-ssd-windows-11-home-np750xgj-lg9in-thin-light-laptop/p/itmc29d559898e6f?pid=COMH4Y6KKRC9YSWE&lid=LSTCOMH4Y6KKRC9YSWERDUMZD&marketplace=FLIPKART&q=laptop&store=6bo%2Fb5g&srno=s_19_438&otracker=search&fm=organic&iid=en_Jbb7R7PVRr5Zjj8kJiy-DCgNRr7Ov9HCwDoRwgKp0pp8VJqguHr_mzpoOMfS6tNUVqKfzRTPmTYCvEc1OQ2_kCChg9vAnpscSdI7uOc1ZHW3OD5aGuQpTKF5ThNj2L5D&ppt=sp&ppn=sp&ssid=t9qb32qx1c0000001784731015021&qH=312f91285e048e09&ov_redirect=true,"Intel Core i3 Processor (13th Gen)","8 GB LPDDR4X RAM","64 bit Windows 11","512 GB SSD","1 Year Onsite Warranty"
408,"Samsung Galaxy Book5 AI Metal",91990,4.6,463,https://www.flipkart.com/samsung-galaxy-book5-ai-metal-intel-core-ultra-7-255u-16-gb-512-gb-ssd-windows-11-home-np750xhd-thin-light-laptop/p/itma9c081cdbe95d?pid=COMHE4ATBCUTGUYT&lid=LSTCOMHE4ATBCUTGUYTJZ7NHN&marketplace=FLIPKART&q=laptop&store=6bo%2Fb5g&srno=s_18_431&otracker=search&fm=organic&iid=en_dzLPY4pnpNMVQrkyfsvxES7Kpcwh3j7rECMCcgoCq3-PxT_xrIqfgMloxzFR2QeM_54vlUw9QAlUFlRYR6QtY8H5LP6GMXD1iSKF2pPmS-S1pqIjakK5kxC2EBRKHV4h&ppt=sp&ppn=sp&ssid=6lo1vfwtgg0000001784731009769&qH=312f91285e048e09&ov_redirect=true,"Intel Core Ultra 7 Processor","16 GB LPDDR5X RAM","64 bit Windows 11","512 GB SSD","1 Year Manufacturer Warranty for Laptop and 6 Months for In-Box Accessories"
409,Infinix,47490,3.3,3,https://www.flipkart.com/infinix-intel-core-i7-10th-gen-1065g7-8-gb-512-gb-ssd-windows-11-home-128-mb-graphics-xl21-thin-light-laptop/p/itm0452c602301ca?pid=COMGQHVMJGQYHTUQ&lid=LSTCOMGQHVMJGQYHTUQGXSADC&marketplace=FLIPKART&q=laptop&store=6bo%2Fb5g&srno=s_19_439&otracker=search&fm=organic&iid=30383f2a-1812-4086-abe4-9acfbbeb9cab.COMGQHVMJGQYHTUQ.SEARCH&ppt=sp&ppn=sp&ssid=t9qb32qx1c0000001784731015021&qH=312f91285e048e09&ov_redirect=true,"Intel Core i7 Processor (10th Gen)","8 GB LPDDR4X RAM","Windows 11","512 GB SSD","1 Year Onsite Warranty"
410,"HP OMEN AI",134990,4.5,112,https://www.flipkart.com/hp-omen-ai-amd-ryzen-7-octa-core-350-24-gb-1-tb-ssd-windows-11-home-8-gb-graphics-nvidia-geforce-rtx-5050-16-ap0165ax-gaming-laptop/p/itm5661c90728083?pid=COMHEHHXKFQSABXZ&lid=LSTCOMHEHHXKFQSABXZEF3JCN&marketplace=FLIPKART&q=laptop&store=6bo%2Fb5g&srno=s_18_432&otracker=search&fm=organic&iid=en_dzLPY4pnpNMVQrkyfsvxES7Kpcwh3j7rECMCcgoCq388XkjfIaVSxRWptQUYwlCsSt8s0FwzStmVNuDw0YIb7vRQYaQqNgqexXd2bqUccoILIgQdc0E64KrUimsgKWK_&ppt=sp&ppn=sp&ssid=6lo1vfwtgg0000001784731009769&qH=312f91285e048e09&ov_redirect=true,"AMD Ryzen AI 7 Octa Core Processor","24 GB DDR5 RAM","Windows 11 Home","1 TB SSD","1 Year Onsite Warranty"
411,"HP Laptop",62466,4.2,470,https://www.flipkart.com/hp-laptop-intel-core-i5-12th-gen-1235u-8-gb-512-gb-ssd-windows-11-home-15s-fq5329tu-thin-light/p/itm7d7024d1947e9?pid=COMGYZVFY8MFJ8QA&lid=LSTCOMGYZVFY8MFJ8QADSP2MN&marketplace=FLIPKART&q=laptop&store=6bo%2Fb5g&srno=s_19_434&otracker=search&fm=organic&iid=30383f2a-1812-4086-abe4-9acfbbeb9cab.COMGYZVFY8MFJ8QA.SEARCH&ppt=sp&ppn=sp&ssid=t9qb32qx1c0000001784731015021&qH=312f91285e048e09&ov_redirect=true,"Intel Core i5 Processor (12th Gen)","8 GB DDR4 RAM","64 bit Windows 11","512 GB SSD","1 Year Onsite Warranty"
412,"HP Omnibook 5 2K OLED",90990,4.5,34,https://www.flipkart.com/hp-omnibook-5-2k-oled-snapdragon-x-16-gb-1-tb-ssd-windows-11-home-16-fb0001qu-thin-light-laptop/p/itmb3931d2ae1ddf?pid=COMHGYBW4GEYPD9M&lid=LSTCOMHGYBW4GEYPD9MGJHCAX&marketplace=FLIPKART&q=laptop&store=6bo%2Fb5g&srno=s_19_440&otracker=search&fm=organic&iid=30383f2a-1812-4086-abe4-9acfbbeb9cab.COMHGYBW4GEYPD9M.SEARCH&ppt=sp&ppn=sp&ssid=t9qb32qx1c0000001784731015021&qH=312f91285e048e09&ov_redirect=true,"Snapdragon X Processor","16 GB LPDDR5X RAM","Windows 11 Home","1 TB SSD","1 Year Onsite Warranty"
413,"HP Victus",72718,4.3,3171,https://www.flipkart.com/hp-victus-intel-core-i5-12th-gen-12450h-8-gb-512-gb-ssd-windows-11-home-4-graphics-nvidia-geforce-rtx-2050-144-hz-75-w-15-fa1226tx-gaming-laptop/p/itm9ad6649afe111?pid=COMHY8KVEKZVERUA&lid=LSTCOMHY8KVEKZVERUAB5OFP8&marketplace=FLIPKART&q=laptop&store=6bo%2Fb5g&srno=s_19_435&otracker=search&fm=organic&iid=30383f2a-1812-4086-abe4-9acfbbeb9cab.COMHY8KVEKZVERUA.SEARCH&ppt=sp&ppn=sp&ssid=t9qb32qx1c0000001784731015021&qH=312f91285e048e09&ov_redirect=true,"Intel Core i5 Processor (12th Gen)","8 GB DDR4 RAM","64 bit Windows 11","512 GB SSD","1 Year Onsite Warranty"
414,"HP Omnibook 3 2K WUXGA",72990,4.1,11,https://www.flipkart.com/hp-omnibook-3-2k-wuxga-snapdragon-x-16-gb-512-gb-ssd-windows-11-home-14-hz0024qu-laptop/p/itmbd5346cd09abc?pid=COMHZGK2ACSECZB5&lid=LSTCOMHZGK2ACSECZB52ALLPO&marketplace=FLIPKART&q=laptop&store=6bo%2Fb5g&srno=s_19_441&otracker=search&fm=organic&iid=en_Jbb7R7PVRr5Zjj8kJiy-DCgNRr7Ov9HCwDoRwgKp0poV_oRmn4zeA5x_k1ql5YHmQDaMOpjaAqIhVlr2eDOqkK8WMJxc_eOD3pdFe_35DQW3OD5aGuQpTKF5ThNj2L5D&ppt=sp&ppn=sp&ssid=t9qb32qx1c0000001784731015021&qH=312f91285e048e09&ov_redirect=true,"Snapdragon X Processor","16 GB LPDDR5X RAM","Windows 11 Home","512 GB SSD","1 Year Onsite Service"
415,"DELL 15 (Previouly Inspiron)",57990,4.5,6,https://www.flipkart.com/dell-15-previouly-inspiron-amd-ryzen-5-quad-core-7520u-8-gb-512-gb-ssd-windows-11-home-dc15255-thin-light-laptop/p/itmb80bb4e819164?pid=COMHDXXUHGDCHMQX&lid=LSTCOMHDXXUHGDCHMQXUEUE9X&marketplace=FLIPKART&q=laptop&store=6bo%2Fb5g&srno=s_19_442&otracker=search&fm=organic&iid=en_Jbb7R7PVRr5Zjj8kJiy-DCgNRr7Ov9HCwDoRwgKp0ppULdtEVapdEzBUN_K8vAZhKS7KjhXWMehRCKPAR7kLILb6bL0Zx_kaK68EeWHdQeC3OD5aGuQpTKF5ThNj2L5D&ppt=sp&ppn=sp&ssid=t9qb32qx1c0000001784731015021&qH=312f91285e048e09&ov_redirect=true,"AMD Ryzen 5 Quad Core Processor","8 GB LPDDR5 RAM","Windows 11","512 GB SSD","1 Year Onsite Warranty"
416,"DELL Inspiron 5440 (2026) (i3 14th Gen)",52980,4.2,108,https://www.flipkart.com/dell-inspiron-5440-2026-i3-14th-gen-intel-core-3-gen-100u-8-gb-512-gb-ssd-windows-11-home-thin-light-laptop/p/itm0587042bee5d3?pid=COMHJSFMJDAUGGRG&lid=LSTCOMHJSFMJDAUGGRGSYXXHU&marketplace=FLIPKART&q=laptop&store=6bo%2Fb5g&srno=s_19_443&otracker=search&fm=organic&iid=30383f2a-1812-4086-abe4-9acfbbeb9cab.COMHJSFMJDAUGGRG.SEARCH&ppt=sp&ppn=sp&ssid=t9qb32qx1c0000001784731015021&qH=312f91285e048e09&ov_redirect=true,"Intel Core 3 Processor (14th Gen)","8 GB DDR5 RAM","64 bit Windows 11 Home","512 GB SSD","1 Year Warranty"
417,"Acer Aspire Lite",63009,3.8,276,https://www.flipkart.com/acer-aspire-lite-intel-core-i5-12th-gen-1235u-16-gb-512-gb-ssd-windows-11-home-al15-52-thin-light-laptop/p/itm1bc0bcb4598e7?pid=COMGX8GMZJRP6QRK&lid=LSTCOMGX8GMZJRP6QRKARPISP&marketplace=FLIPKART&q=laptop&store=6bo%2Fb5g&srno=s_19_445&otracker=search&fm=organic&iid=30383f2a-1812-4086-abe4-9acfbbeb9cab.COMGX8GMZJRP6QRK.SEARCH&ppt=sp&ppn=sp&ssid=t9qb32qx1c0000001784731015021&qH=312f91285e048e09&ov_redirect=true,"Intel Core i5 Processor (12th Gen)","16 GB DDR4 RAM","Windows 11","512 GB SSD","1 Year Carry-in Warranty"
418,HP,61990,4.2,518,https://www.flipkart.com/hp-amd-ryzen-5-quad-core-7520u-8-gb-512-gb-ssd-windows-11-home-15-fc0805au-thin-light-laptop/p/itm044828973e180?pid=COMHH6Q4E6HYUURM&lid=LSTCOMHH6Q4E6HYUURMEMAVL7&marketplace=FLIPKART&q=laptop&store=6bo%2Fb5g&srno=s_19_446&otracker=search&fm=organic&iid=30383f2a-1812-4086-abe4-9acfbbeb9cab.COMHH6Q4E6HYUURM.SEARCH&ppt=sp&ppn=sp&ssid=t9qb32qx1c0000001784731015021&qH=312f91285e048e09&ov_redirect=true,"AMD Ryzen 5 Quad Core Processor","8 GB LPDDR5 RAM","Windows 11 Home","512 GB SSD","1 Year Onsite Service"
419,"HP 15 (i5 14th Gen)",82990,4.2,195,https://www.flipkart.com/hp-15-i5-14th-gen-intel-core-5-120u-24-gb-512-gb-ssd-windows-11-home-15-fd0262tu-thin-light-laptop/p/itm027a3317f4ff9?pid=COMHM94A7PHVCQT7&lid=LSTCOMHM94A7PHVCQT7QTPOH7&marketplace=FLIPKART&q=laptop&store=6bo%2Fb5g&srno=s_19_447&otracker=search&fm=organic&iid=en_Jbb7R7PVRr5Zjj8kJiy-DCgNRr7Ov9HCwDoRwgKp0poB2CxdNu7JaX1DNUAPhwvYajNODExQ3AD2YwLVEpFEnL-0TByd-y2aowfbZcqv2qC3OD5aGuQpTKF5ThNj2L5D&ppt=sp&ppn=sp&ssid=t9qb32qx1c0000001784731015021&qH=312f91285e048e09&ov_redirect=true,"Intel Core 5 Processor","24 GB DDR5 RAM","Windows 11 Home","512 GB SSD","1 Year Onsite Service"
420,"HP 14 AI PC",79990,4.1,790,https://www.flipkart.com/hp-14-ai-pc-intel-core-ultra-7-155h-16-gb-512-gb-ssd-windows-11-home-14-ep1151tu-14-gr1036tu-14-ep1151tu-thin-light-laptop/p/itm4c681812b88bf?pid=COMHF8G932EYZAJF&lid=LSTCOMHF8G932EYZAJFOUI9CA&marketplace=FLIPKART&q=laptop&store=6bo%2Fb5g&srno=s_19_448&otracker=search&fm=organic&iid=en_Jbb7R7PVRr5Zjj8kJiy-DCgNRr7Ov9HCwDoRwgKp0prsvLZaHerFZFDbSnkECfQ9q1hjzYDbDbYctS2-qOIVIqU4JGq2qGfuCYjFJWjKqlS1usvrJoEx7xfZVFwcYrJS&ppt=sp&ppn=sp&ssid=t9qb32qx1c0000001784731015021&qH=312f91285e048e09&ov_redirect=true,"Intel Core Ultra 7 Processor","16 GB DDR5 RAM","Windows 11 Home","512 GB SSD","1 Year Onsite Warranty"
421,HP,53873,4.4,396,https://www.flipkart.com/hp-amd-ryzen-5-hexa-core-5500u-8-gb-512-gb-ssd-windows-11-home-15s-eq2304au-thin-light-laptop/p/itm79cd7879eb1f2?pid=COMGYHP5UVCYJFJY&lid=LSTCOMGYHP5UVCYJFJY1LD6EZ&marketplace=FLIPKART&q=laptop&store=6bo%2Fb5g&srno=s_19_449&otracker=search&fm=organic&iid=30383f2a-1812-4086-abe4-9acfbbeb9cab.COMGYHP5UVCYJFJY.SEARCH&ppt=sp&ppn=sp&ssid=t9qb32qx1c0000001784731015021&qH=312f91285e048e09&ov_redirect=true,"AMD Ryzen 5 Hexa Core Processor","8 GB DDR4 RAM","64 bit Windows 11","512 GB SSD","1 Year Onsite Warranty"
422,"ASUS Vivobook 15 (2025)",46990,4.5,124,https://www.flipkart.com/asus-vivobook-15-2025-office-2024-m365-basic-intel-core-i3-13th-gen-1315u-16-gb-512-gb-ssd-windows-11-home-x1504va-nj2324ws-x1504va-bq341ws-thin-light-laptop/p/itmf0e6514a56cbf?pid=COMHEZZTHYZ3DUK5&lid=LSTCOMHEZZTHYZ3DUK5GYZOBP&marketplace=FLIPKART&q=laptop&store=6bo%2Fb5g&srno=s_19_450&otracker=search&fm=organic&iid=30383f2a-1812-4086-abe4-9acfbbeb9cab.COMHEZZTHYZ3DUK5.SEARCH&ppt=sp&ppn=sp&ssid=t9qb32qx1c0000001784731015021&qH=312f91285e048e09&ov_redirect=true,"Intel Core i3 Processor (13th Gen)","16 GB DDR4 RAM","Windows 11 Home","512 GB SSD","1 Year Onsite Warranty"
423,"HP 14 AI PC",85990,4.1,790,https://www.flipkart.com/hp-14-ai-pc-intel-core-ultra-7-155h-16-gb-1-tb-ssd-windows-11-home-14-ep1152tu-thin-light-laptop/p/itm448874079369f?pid=COMHG98EXZ3AJYZN&lid=LSTCOMHG98EXZ3AJYZNODD67U&marketplace=FLIPKART&q=laptop&store=6bo%2Fb5g&srno=s_19_451&otracker=search&fm=organic&iid=en_Jbb7R7PVRr5Zjj8kJiy-DCgNRr7Ov9HCwDoRwgKp0pqzzsK5k3Yr18xIcZkphq7_C6YBzjaUMmK47SGkba_3oSGkgDYpheMzpTOfbcb9jJq1usvrJoEx7xfZVFwcYrJS&ppt=sp&ppn=sp&ssid=t9qb32qx1c0000001784731015021&qH=312f91285e048e09&ov_redirect=true,"Intel Core Ultra 7 Processor","16 GB DDR5 RAM","Windows 11 Home","1 TB SSD","1 Year Onsite Warranty"
424,"Samsung Galaxy Book5 AI Metal",84990,4.6,837,https://www.flipkart.com/samsung-galaxy-book5-ai-metal-intel-core-ultra-5-225u-16-gb-512-gb-ssd-windows-11-home-np750xhd-thin-light-laptop/p/itmc33d2563d0ffc?pid=COMHE4ATPCZ9FXRP&lid=LSTCOMHE4ATPCZ9FXRP7N1GVG&marketplace=FLIPKART&q=laptop&store=6bo%2Fb5g&srno=s_19_452&otracker=search&fm=organic&iid=en_Jbb7R7PVRr5Zjj8kJiy-DCgNRr7Ov9HCwDoRwgKp0pp4xkHwmBfkDNGChhQKHEj43WHJiuMjlX0EHxFVCjPkyeUBYPBIqgZE3mSuDz4Hsbm3OD5aGuQpTKF5ThNj2L5D&ppt=sp&ppn=sp&ssid=t9qb32qx1c0000001784731015021&qH=312f91285e048e09&ov_redirect=true,"Intel Core Ultra 5 Processor","16 GB LPDDR5X RAM","64 bit Windows 11","512 GB SSD","1 Year Manufacturer Warranty for Laptop and 6 Months for In-Box Accessories"
425,"HP OMEN AI",134990,4.5,112,https://www.flipkart.com/hp-omen-ai-amd-ryzen-7-octa-core-350-24-gb-1-tb-ssd-windows-11-home-8-gb-graphics-nvidia-geforce-rtx-5050-16-ap0165ax-gaming-laptop/p/itm5661c90728083?pid=COMHEHHXKFQSABXZ&lid=LSTCOMHEHHXKFQSABXZEF3JCN&marketplace=FLIPKART&q=laptop&store=6bo%2Fb5g&srno=s_7_168&otracker=search&fm=organic&iid=en_Hsz4kOt4QvhJWs7C1qshEf2y32PMWwh2m35LidOH_fArzo1iYi_Ypat84Ci_z_AaSt8s0FwzStmVNuDw0YIb7vRQYaQqNgqexXd2bqUccoJBd3QhjqHgJi0JPj6wC2Lg&ppt=sp&ppn=sp&ssid=894ckifppc0000001784730950420&qH=312f91285e048e09&ov_redirect=true,"AMD Ryzen AI 7 Octa Core Processor","24 GB DDR5 RAM","Windows 11 Home","1 TB SSD","1 Year Onsite Warranty"
426,"HP Pavilion",77507,4.3,1689,https://www.flipkart.com/hp-pavilion-intel-core-i5-13th-gen-1340p-16-gb-512-gb-ssd-windows-11-home-15-eg3079tu-thin-light-laptop/p/itm4ae6958287d36?pid=COMGPYHAMPKQYPQB&lid=LSTCOMGPYHAMPKQYPQBGXMI6J&marketplace=FLIPKART&q=laptop&store=6bo%2Fb5g&srno=s_8_170&otracker=search&fm=organic&iid=0731cde8-d62d-4ec2-b47f-a61956f2df93.COMGPYHAMPKQYPQB.SEARCH&ppt=sp&ppn=sp&ssid=nf474kq6i80000001784730955705&qH=312f91285e048e09&ov_redirect=true,"Intel Core i5 Processor (13th Gen)","16 GB DDR4 RAM","64 bit Windows 11","512 GB SSD","1 Year Onsite Warranty"
427,"Samsung Galaxy Book4 Metal",56990,4.4,19735,https://www.flipkart.com/samsung-galaxy-book4-metal-intel-core-i5-13th-gen-1335u-8-gb-512-gb-ssd-windows-11-home-np750xgj-kg1in-np750xgj-lg1in-np750xgj-lg6in-thin-light-laptop/p/itm1df5212efb9fc?pid=COMGZUYDFZXHWYWZ&lid=LSTCOMGZUYDFZXHWYWZJ6V2KW&marketplace=FLIPKART&q=laptop&store=6bo%2Fb5g&srno=s_8_171&otracker=search&fm=organic&iid=en_cA1BSr0lLjWQLkwtA5oJsIWVTY6wn8H3JgtDrab5ivW_QC3OSVnY9qcH6F-8OJuBsfGME0kkMQMICwGxasfmZSpiZoP3ZcDDMuaOuWFYumNyN_MH3j4kcAm8aeeF2Wos&ppt=sp&ppn=sp&ssid=nf474kq6i80000001784730955705&qH=312f91285e048e09&ov_redirect=true,"Intel Core i5 Processor (13th Gen)","8 GB LPDDR4X RAM","64 bit Windows 11","512 GB SSD","1 Year Manufacturer Warranty for Laptop and 6 Months for In-Box Accessories"
428,"Lenovo Chromebook",29190,3.7,162,https://www.flipkart.com/lenovo-chromebook-intel-pentium-quad-core-n100-4-gb-128-gb-emmc-storage-chrome-os-14ian8/p/itm7c0c58320220d?pid=COMGT2Y3DHC6QN4R&lid=LSTCOMGT2Y3DHC6QN4RLXRUHG&marketplace=FLIPKART&q=laptop&store=6bo%2Fb5g&srno=s_19_453&otracker=search&fm=organic&iid=30383f2a-1812-4086-abe4-9acfbbeb9cab.COMGT2Y3DHC6QN4R.SEARCH&ppt=sp&ppn=sp&ssid=t9qb32qx1c0000001784731015021&qH=312f91285e048e09&ov_redirect=true,"Intel Pentium Quad Core Processor","4 GB LPDDR5 RAM",ChromeOS,NULL,"1 Year Carry-in Warranty"
429,"Samsung Galaxy Book4 Metal",57490,4.4,10670,https://www.flipkart.com/samsung-galaxy-book4-metal-intel-core-i3-13th-gen-1315u-8-gb-512-gb-ssd-windows-11-home-np750xgj-lg9in-thin-light-laptop/p/itmc29d559898e6f?pid=COMH4Y6KKRC9YSWE&lid=LSTCOMH4Y6KKRC9YSWERDUMZD&marketplace=FLIPKART&q=laptop&store=6bo%2Fb5g&srno=s_8_172&otracker=search&fm=organic&iid=en_cA1BSr0lLjWQLkwtA5oJsIWVTY6wn8H3JgtDrab5ivXByilOwZft4SX9piJNjQTmVqKfzRTPmTYCvEc1OQ2_kCChg9vAnpscSdI7uOc1ZHVyN_MH3j4kcAm8aeeF2Wos&ppt=sp&ppn=sp&ssid=nf474kq6i80000001784730955705&qH=312f91285e048e09&ov_redirect=true,"Intel Core i3 Processor (13th Gen)","8 GB LPDDR4X RAM","64 bit Windows 11","512 GB SSD","1 Year Onsite Warranty"
430,"HP Chromebook (TouchScreen)",39990,3.8,11,https://www.flipkart.com/hp-chromebook-touchscreen-mediatek-kompanio-540-4-gb-128-gb-ssd-chrome-os-14a-nm0006mu/p/itm65d2dcd4929ef?pid=COMHMXAHWDXHHDB2&lid=LSTCOMHMXAHWDXHHDB2DLO7VN&marketplace=FLIPKART&q=laptop&store=6bo%2Fb5g&srno=s_8_173&otracker=search&fm=organic&iid=0731cde8-d62d-4ec2-b47f-a61956f2df93.COMHMXAHWDXHHDB2.SEARCH&ppt=sp&ppn=sp&ssid=nf474kq6i80000001784730955705&qH=312f91285e048e09&ov_redirect=true,"MediaTek MediaTek Kompanio 540 Processor","4 GB LPDDR5 RAM",ChromeOS,"128 GB SSD","1 Year Onsite Service"
431,"MICROSOFT Surface Pro 12"",127498,3.7,12,https://www.flipkart.com/microsoft-surface-pro-12-type-cover-pen-core-8-365-6-months-snapdragon-x-plus-16-gb-512-gb-ssd-windows-11-home-ep2-27670-ep2-33040-laptop/p/itmf5e8efb329020?pid=COMHJZJYPUSC6XWX&lid=LSTCOMHJZJYPUSC6XWXJUMPQ4&marketplace=FLIPKART&q=laptop&store=6bo%2Fb5g&srno=s_19_454&otracker=search&fm=organic&iid=30383f2a-1812-4086-abe4-9acfbbeb9cab.COMHJZJYPUSC6XWX.SEARCH&ppt=sp&ppn=sp&ssid=t9qb32qx1c0000001784731015021&qH=312f91285e048e09&ov_redirect=true,"Snapdragon X Plus Processor","16 GB LPDDR5X RAM","64 bit Windows 11","512 GB SSD","1 Year Limited Warranty"
432,"HP Victus (i5 14th Gen)",95746,3.3,3,https://www.flipkart.com/hp-victus-i5-14th-gen-intel-core-5-210-h-16-gb-512-gb-ssd-windows-11-home-6-graphics-nvidia-geforce-rtx-4050-15-fa2203tx-gaming-laptop/p/itm65704ff158138?pid=COMHK77SZSZHTEV7&lid=LSTCOMHK77SZSZHTEV7VVWD14&marketplace=FLIPKART&q=laptop&store=6bo%2Fb5g&srno=s_8_174&otracker=search&fm=organic&iid=0731cde8-d62d-4ec2-b47f-a61956f2df93.COMHK77SZSZHTEV7.SEARCH&ppt=sp&ppn=sp&ssid=nf474kq6i80000001784730955705&qH=312f91285e048e09&ov_redirect=true,"Intel Core 5 Processor","16 GB DDR4 RAM","Windows 11","512 GB SSD","1 Year Onsite Service"
433,"Lenovo LQQ Essential",109890,4,4,https://www.flipkart.com/lenovo-lqq-essential-amd-ryzen-7-octa-core-7735hs-16-gb-512-gb-ssd-windows-11-home-6-graphics-nvidia-geforce-rtx-3050-loq-15arp10e-gaming-laptop/p/itm9c22c819b1392?pid=COMHKYFSFB9NZDUS&lid=LSTCOMHKYFSFB9NZDUS4GVWGV&marketplace=FLIPKART&q=laptop&store=6bo%2Fb5g&srno=s_19_455&otracker=search&fm=organic&iid=30383f2a-1812-4086-abe4-9acfbbeb9cab.COMHKYFSFB9NZDUS.SEARCH&ppt=sp&ppn=sp&ssid=t9qb32qx1c0000001784731015021&qH=312f91285e048e09&ov_redirect=true,"AMD Ryzen 7 Octa Core Processor","16 GB DDR5 RAM","Windows 11 Home","512 GB SSD","1 Year Onsite Service"
434,"ASUS Chromebook",34990,3.7,181,https://www.flipkart.com/asus-chromebook-intel-celeron-dual-core-n4500-8-gb-64-gb-emmc-storage-chrome-os-cx1500cka-ej0275/p/itmc1d20ec9ce589?pid=COMGSHM3MYPYGYKG&lid=LSTCOMGSHM3MYPYGYKGLQIR3M&marketplace=FLIPKART&q=laptop&store=6bo%2Fb5g&srno=s_19_456&otracker=search&fm=organic&iid=30383f2a-1812-4086-abe4-9acfbbeb9cab.COMGSHM3MYPYGYKG.SEARCH&ppt=sp&ppn=sp&ssid=t9qb32qx1c0000001784731015021&qH=312f91285e048e09&ov_redirect=true,"Intel Celeron Dual Core Processor","8 GB LPDDR4X RAM",ChromeOS,NULL,"1 Year Onsite Warranty"
435,"Samsung Galaxy Book4 Metal",56990,4.4,19735,https://www.flipkart.com/samsung-galaxy-book4-metal-intel-core-i5-13th-gen-1335u-8-gb-512-gb-ssd-windows-11-home-np750xgj-kg1in-np750xgj-lg1in-np750xgj-lg6in-thin-light-laptop/p/itm1df5212efb9fc?pid=COMGZUYDFZXHWYWZ&lid=LSTCOMGZUYDFZXHWYWZJ6V2KW&marketplace=FLIPKART&q=laptop&store=6bo%2Fb5g&srno=s_20_457&otracker=search&fm=organic&iid=en_RTy_MNcV6GdSJV6fFsLwACpAFK_7wbLkCvQ4inh8i3zPCpZ7W-p7RY82wmR7alH8sfGME0kkMQMICwGxasfmZSpiZoP3ZcDDMuaOuWFYumP-ynokPffBxjIkQnhccG3K&ppt=sp&ppn=sp&ssid=dhwnifj96o0000001784731020345&qH=312f91285e048e09&ov_redirect=true,"Intel Core i5 Processor (13th Gen)","8 GB LPDDR4X RAM","64 bit Windows 11","512 GB SSD","1 Year Manufacturer Warranty for Laptop and 6 Months for In-Box Accessories"
436,"Samsung Galaxy Book4 Metal",57490,4.4,10670,https://www.flipkart.com/samsung-galaxy-book4-metal-intel-core-i3-13th-gen-1315u-8-gb-512-gb-ssd-windows-11-home-np750xgj-lg9in-thin-light-laptop/p/itmc29d559898e6f?pid=COMH4Y6KKRC9YSWE&lid=LSTCOMH4Y6KKRC9YSWERDUMZD&marketplace=FLIPKART&q=laptop&store=6bo%2Fb5g&srno=s_20_458&otracker=search&fm=organic&iid=en_RTy_MNcV6GdSJV6fFsLwACpAFK_7wbLkCvQ4inh8i3xSxz720PdOENOu8Mv3Y8PBVqKfzRTPmTYCvEc1OQ2_kCChg9vAnpscSdI7uOc1ZHX-ynokPffBxjIkQnhccG3K&ppt=sp&ppn=sp&ssid=dhwnifj96o0000001784731020345&qH=312f91285e048e09&ov_redirect=true,"Intel Core i3 Processor (13th Gen)","8 GB LPDDR4X RAM","64 bit Windows 11","512 GB SSD","1 Year Onsite Warranty"
437,"Lenovo V14",61990,4,24,https://www.flipkart.com/lenovo-v14-intel-core-i5-12th-gen-8-gb-512-gb-ssd-windows-11-home-business-laptop/p/itm26138c67d404e?pid=COMGSAZMFM73CFCT&lid=LSTCOMGSAZMFM73CFCTQKZASB&marketplace=FLIPKART&q=laptop&store=6bo%2Fb5g&srno=s_20_459&otracker=search&fm=organic&iid=91ee54f9-fc5f-4eba-acef-5d9ddfe4f6e0.COMGSAZMFM73CFCT.SEARCH&ppt=sp&ppn=sp&ssid=dhwnifj96o0000001784731020345&qH=312f91285e048e09&ov_redirect=true,"Intel Core i5 Processor (12th Gen)","8 GB DDR4 RAM","64 bit Windows 11","512 GB SSD","1 Year Carry In"
438,"ASUS Zenbook 14X OLED",64990,4.4,1201,https://www.flipkart.com/asus-zenbook-14x-oled-amd-ryzen-5-hexa-core-5600hs-16-gb-512-gb-ssd-windows-11-home-um5401qa-km541ws-thin-light-laptop/p/itm556bf642f4d58?pid=COMGZKHQHERZG2RP&lid=LSTCOMGZKHQHERZG2RPU37D6Q&marketplace=FLIPKART&q=laptop&store=6bo%2Fb5g&srno=s_20_460&otracker=search&fm=organic&iid=91ee54f9-fc5f-4eba-acef-5d9ddfe4f6e0.COMGZKHQHERZG2RP.SEARCH&ppt=sp&ppn=sp&ssid=dhwnifj96o0000001784731020345&qH=312f91285e048e09&ov_redirect=true,"AMD Ryzen 5 Hexa Core Processor","16 GB LPDDR4X RAM","Windows 11","512 GB SSD","1 Year Onsite Warranty"
439,"HP Omnibook 3 2K WUXGA",72990,4.1,11,https://www.flipkart.com/hp-omnibook-3-2k-wuxga-snapdragon-x-16-gb-512-gb-ssd-windows-11-home-14-hz0024qu-laptop/p/itmbd5346cd09abc?pid=COMHZGK2ACSECZB5&lid=LSTCOMHZGK2ACSECZB52ALLPO&marketplace=FLIPKART&q=laptop&store=6bo%2Fb5g&srno=s_20_461&otracker=search&fm=organic&iid=en_RTy_MNcV6GdSJV6fFsLwACpAFK_7wbLkCvQ4inh8i3xxzAe7lxNBpBYD-WlRhpmdQDaMOpjaAqIhVlr2eDOqkK8WMJxc_eOD3pdFe_35DQX-ynokPffBxjIkQnhccG3K&ppt=sp&ppn=sp&ssid=dhwnifj96o0000001784731020345&qH=312f91285e048e09&ov_redirect=true,"Snapdragon X Processor","16 GB LPDDR5X RAM","Windows 11 Home","512 GB SSD","1 Year Onsite Service"
440,"HP 15 (i5 14th Gen)",82990,4.2,195,https://www.flipkart.com/hp-15-i5-14th-gen-intel-core-5-120u-24-gb-512-gb-ssd-windows-11-home-15-fd0262tu-thin-light-laptop/p/itm027a3317f4ff9?pid=COMHM94A7PHVCQT7&lid=LSTCOMHM94A7PHVCQT7QTPOH7&marketplace=FLIPKART&q=laptop&store=6bo%2Fb5g&srno=s_20_462&otracker=search&fm=organic&iid=en_RTy_MNcV6GdSJV6fFsLwACpAFK_7wbLkCvQ4inh8i3wC5Mehmy11iaQnYIuDxoSTajNODExQ3AD2YwLVEpFEnHQxmIaeT1eVU6lHR1JOxyD-ynokPffBxjIkQnhccG3K&ppt=sp&ppn=sp&ssid=dhwnifj96o0000001784731020345&qH=312f91285e048e09&ov_redirect=true,"Intel Core 5 Processor","24 GB DDR5 RAM","Windows 11 Home","512 GB SSD","1 Year Onsite Service"
441,"Acer Chromebook Plus Google AI",49999,3.9,986,https://www.flipkart.com/acer-chromebook-plus-google-ai-intel-core-i3-n305-8-gb-256-gb-ssd-chrome-os-cb514-4h-39t7/p/itm5542cc6900ec1?pid=COMHFC9KE39WGHMA&lid=LSTCOMHFC9KE39WGHMAQAKNGX&marketplace=FLIPKART&q=laptop&store=6bo%2Fb5g&srno=s_8_175&otracker=search&fm=organic&iid=0731cde8-d62d-4ec2-b47f-a61956f2df93.COMHFC9KE39WGHMA.SEARCH&ppt=sp&ppn=sp&ssid=nf474kq6i80000001784730955705&qH=312f91285e048e09&ov_redirect=true,"Intel Core i3 Processor","8 GB LPDDR5 RAM","64 bit ChromeOS","256 GB SSD","1 Year Carry-in Warranty"
442,"HP 15s",49990,4.3,4137,https://www.flipkart.com/hp-15s-amd-ryzen-3-dual-core-3250u-8-gb-256-gb-ssd-windows-11-home-15s-gy0501au-thin-light-laptop/p/itma3ecca3dba795?pid=COMG6MVEA2PWVH3B&lid=LSTCOMG6MVEA2PWVH3BWW71XP&marketplace=FLIPKART&q=laptop&store=6bo%2Fb5g&srno=s_20_463&otracker=search&fm=organic&iid=91ee54f9-fc5f-4eba-acef-5d9ddfe4f6e0.COMG6MVEA2PWVH3B.SEARCH&ppt=sp&ppn=sp&ssid=dhwnifj96o0000001784731020345&qH=312f91285e048e09&ov_redirect=true,"AMD Ryzen 3 Dual Core Processor","8 GB DDR4 RAM","64 bit Windows 11","256 GB SSD","1 Year Onsite Warranty"
443,"Lenovo ThinkBook 15",88826,4,4,https://www.flipkart.com/lenovo-thinkbook-15-intel-core-i7-12th-gen-1255u-16-gb-512-gb-ssd-windows-11-home-tb15-g4-iap-thin-light-laptop/p/itm65936d217ef8a?pid=COMGQY58JZHSCAWW&lid=LSTCOMGQY58JZHSCAWWIFRESO&marketplace=FLIPKART&q=laptop&store=6bo%2Fb5g&srno=s_20_464&otracker=search&fm=organic&iid=91ee54f9-fc5f-4eba-acef-5d9ddfe4f6e0.COMGQY58JZHSCAWW.SEARCH&ppt=sp&ppn=sp&ssid=dhwnifj96o0000001784731020345&qH=312f91285e048e09&ov_redirect=true,"Intel Core i7 Processor (12th Gen)","16 GB DDR4 RAM","Windows 11","512 GB SSD","1 Year Onsite Warranty"
444,"DELL 15 (Previously Inspiron) AI Powered",73990,3.7,7,https://www.flipkart.com/dell-15-previously-inspiron-ai-powered-intel-core-ultra-5-225h-8-gb-512-gb-ssd-windows-11-home-3530-dc-15260-thin-light-laptop/p/itmfebef182c171c?pid=COMHM29D3ZC49ZRE&lid=LSTCOMHM29D3ZC49ZRE7DGIEE&marketplace=FLIPKART&q=laptop&store=6bo%2Fb5g&srno=s_20_465&otracker=search&fm=organic&iid=91ee54f9-fc5f-4eba-acef-5d9ddfe4f6e0.COMHM29D3ZC49ZRE.SEARCH&ppt=sp&ppn=sp&ssid=dhwnifj96o0000001784731020345&qH=312f91285e048e09&ov_redirect=true,"Intel Core Ultra 5 Processor","8 GB DDR5 RAM","Windows 11 Home","512 GB SSD","1 Year Onsite Service"
445,"Infinix ZERO BOOK Series Laptop",56990,3.6,30,https://www.flipkart.com/infinix-zero-book-series-laptop-intel-core-i7-12th-gen-12700h-16-gb-512-gb-ssd-windows-11-home-zl12-business/p/itmad7e026e8b8c5?pid=COMGMFK7UGEMRBEN&lid=LSTCOMGMFK7UGEMRBENA08QCS&marketplace=FLIPKART&q=laptop&store=6bo%2Fb5g&srno=s_20_466&otracker=search&fm=organic&iid=91ee54f9-fc5f-4eba-acef-5d9ddfe4f6e0.COMGMFK7UGEMRBEN.SEARCH&ppt=sp&ppn=sp&ssid=dhwnifj96o0000001784731020345&qH=312f91285e048e09&ov_redirect=true,"Intel Core i7 Processor (12th Gen)","16 GB LPDDR5 RAM","Windows 11","512 GB SSD","1 Year Onsite Warranty"
446,"DELL 15 (Previouly Inspiron)",57990,4.5,6,https://www.flipkart.com/dell-15-previouly-inspiron-amd-ryzen-5-quad-core-7520u-8-gb-512-gb-ssd-windows-11-home-dc15255-thin-light-laptop/p/itmb80bb4e819164?pid=COMHDXXUHGDCHMQX&lid=LSTCOMHDXXUHGDCHMQXUEUE9X&marketplace=FLIPKART&q=laptop&store=6bo%2Fb5g&srno=s_20_467&otracker=search&fm=organic&iid=en_RTy_MNcV6GdSJV6fFsLwACpAFK_7wbLkCvQ4inh8i3zQnC9-lxrwvj3dgkgxSWwiKS7KjhXWMehRCKPAR7kLICmyONG8u9GUv-mVZHUzBoz-ynokPffBxjIkQnhccG3K&ppt=sp&ppn=sp&ssid=dhwnifj96o0000001784731020345&qH=312f91285e048e09&ov_redirect=true,"AMD Ryzen 5 Quad Core Processor","8 GB LPDDR5 RAM","Windows 11","512 GB SSD","1 Year Onsite Warranty"
