Page,Item_No,Name,Price,Rating,Reviews,Image_URL,Product_Link,Specifications
1,1,Samsung Galaxy Book4 Metal Intel Core i5 13th Gen 1335U - (8 GB/512 GB SSD/Windows 11 Home) NP750XGJ-K...,"₹56,990",4.4,"19,735 Ratings",https://rukminim2.flixcart.com/image/312/312/xif0q/computer/k/t/y/-enriched-transparent-original-imahg53xspmfrsdd.png?q=70,https://www.flipkart.com/samsung-galaxy-book4-metal-intel-core-i5-13th-gen-1335u-8-gb-512-gb-ssd-windows-11-home-np750xgj-kg1in-np750xgj-lg1in-np750xgj-lg6in-thin-light-laptop/p/itm1df5212efb9fc?pid=COMGZUYDFZXHWYWZ&lid=LSTCOMGZUYDFZXHWYWZJ6V2KW&marketplace=FLIPKART&q=laptop&store=6bo%2Fb5g&srno=s_1_1&otracker=search&fm=organic&iid=en_kXWkwc5WAOHuBn_u5WwmbbJxdN-ia_TgvRpw6L_mTRCLrMXFASYbOtPsxxUiDEBnsfGME0kkMQMICwGxasfmZSpiZoP3ZcDDMuaOuWFYumMvd7d2LSUEeJYJYxyzNm4N&ppt=None&ppn=None&ssid=56f49g3z6o0000001784730917322&qH=312f91285e048e09&ov_redirect=true,Intel Core i5 Processor (13th Gen) | 8 GB LPDDR4X RAM | 64 bit Windows 11 Operating System | 512 GB SSD | 39.62 cm (15.6 Inch) Display | 1 Year Manufacturer Warranty for Laptop and 6 Months for In-Box Accessories
1,2,Samsung Galaxy Book4 Metal Intel Core i3 13th Gen 1315U - (8 GB/512 GB SSD/Windows 11 Home) NP750XGJ-L...,"₹57,490",4.4,"10,670 Ratings",https://rukminim2.flixcart.com/image/312/312/xif0q/computer/q/k/o/-enriched-transparent-original-imahg53xmzmtsynn.png?q=70,https://www.flipkart.com/samsung-galaxy-book4-metal-intel-core-i3-13th-gen-1315u-8-gb-512-gb-ssd-windows-11-home-np750xgj-lg9in-thin-light-laptop/p/itmc29d559898e6f?pid=COMH4Y6KKRC9YSWE&lid=LSTCOMH4Y6KKRC9YSWERDUMZD&marketplace=FLIPKART&q=laptop&store=6bo%2Fb5g&srno=s_1_2&otracker=search&fm=organic&iid=en_kXWkwc5WAOHuBn_u5WwmbbJxdN-ia_TgvRpw6L_mTRAf-dcUM_moDMTFpRI2XQQhVqKfzRTPmTYCvEc1OQ2_kCChg9vAnpscSdI7uOc1ZHUvd7d2LSUEeJYJYxyzNm4N&ppt=None&ppn=None&ssid=56f49g3z6o0000001784730917322&qH=312f91285e048e09&ov_redirect=true,Intel Core i3 Processor (13th Gen) | 8 GB LPDDR4X RAM | 64 bit Windows 11 Operating System | 512 GB SSD | 39.62 cm (15.6 Inch) Display | 1 Year Onsite Warranty
1,3,ASUS ExpertBook P1 (i3 14th Gen) with 1 Yr ADP Intel Core 3 14th Gen 100U - (8 GB/512 GB SSD/Windows 1...,"₹50,990",4.3,"6,585 Ratings",https://rukminim2.flixcart.com/image/312/312/xif0q/computer/r/7/u/-original-imahmpquxzztyzny.jpeg?q=70,https://www.flipkart.com/asus-expertbook-p1-i3-14th-gen-1-yr-adp-intel-core-3-gen-100u-8-gb-512-gb-ssd-windows-11-home-p1403cva-s61821ws-thin-light-laptop/p/itm2be4c7e3b9728?pid=COMHGYAFPJ2BGX6H&lid=LSTCOMHGYAFPJ2BGX6HVGQ2CF&marketplace=FLIPKART&q=laptop&store=6bo%2Fb5g&srno=s_1_3&otracker=search&fm=organic&iid=ee753269-5c34-4051-94b6-3152be90bc26.COMHGYAFPJ2BGX6H.SEARCH&ppt=None&ppn=None&ssid=56f49g3z6o0000001784730917322&qH=312f91285e048e09&ov_redirect=true,Intel Core 3 Processor (14th Gen) | 8 GB DDR5 RAM | 64 bit Windows 11 Home Operating System | 512 GB SSD | 35.56 cm (14 Inch) Display | 1 Year Limited Warranty
1,4,Ultimus Apex Pro Intel Pentium Quad Core N4200 - (4 GB/128 GB SSD/128 GB EMMC Storage/Windows 11 Home)...,"₹19,990",3.3,18 Ratings,https://rukminim2.flixcart.com/image/312/312/xif0q/computer/k/j/x/nu14u8inc54ls-sg-laptop-ultimus-original-imahmgehjeyhmtdc.jpeg?q=70,https://www.flipkart.com/ultimus-apex-pro-intel-pentium-quad-core-n4200-4-gb-128-gb-ssd-128-emmc-storage-windows-11-home-nu14u8inc54ls-sg-laptop/p/itm57488f91f02c8?pid=COMHMGEHKYSXQHGY&lid=LSTCOMHMGEHKYSXQHGYMPSKLY&marketplace=FLIPKART&q=laptop&store=6bo%2Fb5g&spotlightTagId=default_TrendingId_6bo%2Fb5g&srno=s_1_4&otracker=search&fm=organic&iid=ee753269-5c34-4051-94b6-3152be90bc26.COMHMGEHKYSXQHGY.SEARCH&ppt=sp&ppn=sp&ssid=56f49g3z6o0000001784730917322&qH=312f91285e048e09&ov_redirect=true,Intel Pentium Quad Core Processor | 4 GB DDR3 RAM | Windows 11 Home Operating System | 128 GB SSD | 35.81 cm (14.1 inch) Display | 1 Year Domestic Warranty
1,5,ASUS Vivobook 15 (2025) with Office 2024 + M365 Basic* Intel Core i3 13th Gen - (8 GB/512 GB SSD/Windo...,"₹42,990",4.3,"1,330 Ratings",https://rukminim2.flixcart.com/image/312/312/xif0q/computer/x/i/d/-original-imah8fzgxzjamzju.jpeg?q=70,https://www.flipkart.com/asus-vivobook-15-2025-office-2024-m365-basic-intel-core-i3-13th-gen-8-gb-512-gb-ssd-windows-11-home-x1504va-d5321ws-thin-light-laptop/p/itma044347a6922b?pid=COMHGWQY66YNGVFK&lid=LSTCOMHGWQY66YNGVFKYKVYYT&marketplace=FLIPKART&q=laptop&store=6bo%2Fb5g&srno=s_1_5&otracker=search&fm=organic&iid=ee753269-5c34-4051-94b6-3152be90bc26.COMHGWQY66YNGVFK.SEARCH&ppt=None&ppn=None&ssid=56f49g3z6o0000001784730917322&qH=312f91285e048e09&ov_redirect=true,Intel Core i3 Processor (13th Gen) | 8 GB DDR5 RAM | Windows 11 Home Operating System | 512 GB SSD | 39.62 cm (15.6 Inch) Display | Microsoft Office Home 2024 + Microsoft 365 Basic | 1 Year Onsite Warranty
1,6,HP Omnibook 3 2K WUXGA Snapdragon X - (16 GB/512 GB SSD/Windows 11 Home) Omnibook 3 14-hz0024QU Laptop,"₹72,990",4.1,11 Ratings,https://rukminim2.flixcart.com/image/312/312/xif0q/computer/u/e/9/-original-imahzvfcsqpynrcd.jpeg?q=70,https://www.flipkart.com/hp-omnibook-3-2k-wuxga-snapdragon-x-16-gb-512-gb-ssd-windows-11-home-14-hz0024qu-laptop/p/itmbd5346cd09abc?pid=COMHZGK2ACSECZB5&lid=LSTCOMHZGK2ACSECZB52ALLPO&marketplace=FLIPKART&q=laptop&store=6bo%2Fb5g&srno=s_1_6&otracker=search&fm=organic&iid=en_kXWkwc5WAOHuBn_u5WwmbbJxdN-ia_TgvRpw6L_mTRA-5DlAARiZKzVMOzrW9hXDJwkPSgI3pWoP4E-2tvBt0xXLCVRPNn1sRr5fpWlzk8hLKG7T6yH8CQx15uhM7w_j&ppt=None&ppn=None&ssid=56f49g3z6o0000001784730917322&qH=312f91285e048e09&ov_redirect=true,Snapdragon X Processor | 16 GB LPDDR5X RAM | Windows 11 Home Operating System | 512 GB SSD | 35.56 cm (14 inch) Display | MS Office Home 2024 | 1 Year Onsite Service
1,7,Acer Aspire 3 Intel Pentium Quad Core N6000 - (12 GB/512 GB SSD/Windows 11 Home) A325-45 Thin and Ligh...,"₹39,938",3.9,"3,900 Ratings",https://rukminim2.flixcart.com/image/312/312/xif0q/computer/d/6/p/-original-imah3yhqcgjtxfhw.jpeg?q=70,https://www.flipkart.com/acer-aspire-3-intel-pentium-quad-core-n6000-12-gb-512-gb-ssd-windows-11-home-a325-45-thin-light-laptop/p/itm9ca67a1a3ea22?pid=COMH59ENQYHDYJGX&lid=LSTCOMH59ENQYHDYJGX1QWEL9&marketplace=FLIPKART&q=laptop&store=6bo%2Fb5g&srno=s_1_7&otracker=search&fm=organic&iid=ee753269-5c34-4051-94b6-3152be90bc26.COMH59ENQYHDYJGX.SEARCH&ppt=None&ppn=None&ssid=56f49g3z6o0000001784730917322&qH=312f91285e048e09&ov_redirect=true,Intel Pentium Quad Core Processor | 12 GB LPDDR4X RAM | Windows 11 Home Operating System | 512 GB SSD | 39.62 cm (15.6 Inch) Display | 1 Year International Travelers Warranty (ITW)
1,8,ASUS ROG Zephyrus G16 OLED (2026) Intel Core Ultra 9 386H - (32 GB/2 TB SSD/Windows 11 Home/12 GB Grap...,"₹4,99,990",Not Found,Not Found,https://rukminim2.flixcart.com/image/312/312/xif0q/computer/b/d/3/-original-imahzwfkpke4ryht.jpeg?q=70,https://www.flipkart.com/asus-rog-zephyrus-g16-oled-2026-intel-core-ultra-9-386h-32-gb-2-tb-ssd-windows-11-home-12-gb-graphics-nvidia-geforce-rtx-5070-ti-240-hz-gu606ar-tb039ws-gaming-laptop/p/itmdee0c1001d6a1?pid=COMHNHH8FBHVAY2N&lid=LSTCOMHNHH8FBHVAY2NVLQNF7&marketplace=FLIPKART&q=laptop&store=6bo%2Fb5g&srno=s_1_8&otracker=search&fm=organic&iid=ee753269-5c34-4051-94b6-3152be90bc26.COMHNHH8FBHVAY2N.SEARCH&ppt=None&ppn=None&ssid=56f49g3z6o0000001784730917322&qH=312f91285e048e09&ov_redirect=true,"Intel Core Ultra 9 Processor | 32 GB LPDDR5X RAM | Windows 11 Home Operating System | 2 TB SSD | 40.64 cm (16 inch) Display | Microsoft Office Home 2024 (Lifetime Validity ) + Microsoft 365 Basic with 100GB Cloud Storage for 1 Year, McAfee 1 year, Xbox Game Pass for 2 months | 1 Year Onsite Service"
1,9,HP 14 AI PC Intel Core Ultra 7 155H - (24 GB/1 TB SSD/Windows 11 Home) 14-ep1181TU Thin and Light Lapt...,"₹89,990",4.1,790 Ratings,https://rukminim2.flixcart.com/image/312/312/xif0q/computer/k/a/b/-original-imahgh9egyp3mfxj.jpeg?q=70,https://www.flipkart.com/hp-14-ai-pc-intel-core-ultra-7-155h-24-gb-1-tb-ssd-windows-11-home-14-ep1181tu-thin-light-laptop/p/itm5d64ff09a148b?pid=COMHG98E5BBG8TAD&lid=LSTCOMHG98E5BBG8TADUEWRKG&marketplace=FLIPKART&q=laptop&store=6bo%2Fb5g&srno=s_1_9&otracker=search&fm=organic&iid=ee753269-5c34-4051-94b6-3152be90bc26.COMHG98E5BBG8TAD.SEARCH&ppt=None&ppn=None&ssid=56f49g3z6o0000001784730917322&qH=312f91285e048e09&ov_redirect=true,Intel Core Ultra 7 Processor | 24 GB DDR5 RAM | Windows 11 Home Operating System | 1 TB SSD | 35.56 cm (14 Inch) Display | 1 Year Onsite Warranty
1,10,Currently unavailable,Not Found,4.1,"2,487 Ratings",https://rukminim2.flixcart.com/image/312/312/xif0q/computer/a/a/o/-original-imah7tknwg7brmfv.jpeg?q=70,https://www.flipkart.com/acer-aspire-intel-core-i5-12th-gen-12450h-12-gb-512-gb-ssd-windows-11-home-al15-52h-thin-light-laptop/p/itmc262e2fa338ce?pid=COMH59E4MRQZEJEH&q=laptop&store=6bo%2Fb5g&srno=s_1_10&otracker=search&fm=organic&iid=ee753269-5c34-4051-94b6-3152be90bc26.COMH59E4MRQZEJEH.SEARCH&ppt=None&ppn=None&ssid=56f49g3z6o0000001784730917322&qH=312f91285e048e09&ov_redirect=true,Intel Core i5 Processor (12th Gen) | 12 GB LPDDR5 RAM | Windows 11 Home Operating System | 512 GB SSD | 39.62 cm (15.6 Inch) Display | 1 Year Carry-in Warranty
1,11,HP 15 (i5 14th Gen) Intel Core 5 120U - (24 GB/512 GB SSD/Windows 11 Home) 15-fd0262TU Thin and Light ...,"₹82,990",4.2,195 Ratings,https://rukminim2.flixcart.com/image/312/312/xif0q/computer/z/i/b/-original-imahzu4rwxnezv9x.jpeg?q=70,https://www.flipkart.com/hp-15-i5-14th-gen-intel-core-5-120u-24-gb-512-gb-ssd-windows-11-home-15-fd0262tu-thin-light-laptop/p/itm027a3317f4ff9?pid=COMHM94A7PHVCQT7&lid=LSTCOMHM94A7PHVCQT7QTPOH7&marketplace=FLIPKART&q=laptop&store=6bo%2Fb5g&srno=s_1_11&otracker=search&fm=organic&iid=en_kXWkwc5WAOHuBn_u5WwmbbJxdN-ia_TgvRpw6L_mTRATpXeUTieUaPOo9Y-dporTVBeRUaazKxCvHlnM3tgI6r4PScISDLVVYhq3tI9MjrRygHt4WDvHYEs7oHhAF7TE&ppt=None&ppn=None&ssid=56f49g3z6o0000001784730917322&qH=312f91285e048e09&ov_redirect=true,Intel Core 5 Processor | 24 GB DDR5 RAM | Windows 11 Home Operating System | 512 GB SSD | 39.62 cm (15.6 inch) Display | Microsoft Office Home 2024 (Lifetime Validity ) + Microsoft 365(1-Year Validity) | 1 Year Onsite Service
1,12,DELL 15 (Previouly Inspiron) AMD Ryzen 5 Quad Core 7520U - (8 GB/512 GB SSD/Windows 11 Home) DC15255 T...,"₹57,990",4.5,6 Ratings,https://rukminim2.flixcart.com/image/312/312/xif0q/computer/m/x/0/-original-imahzv9agugnddrg.jpeg?q=70,https://www.flipkart.com/dell-15-previouly-inspiron-amd-ryzen-5-quad-core-7520u-8-gb-512-gb-ssd-windows-11-home-dc15255-thin-light-laptop/p/itmb80bb4e819164?pid=COMHDXXUHGDCHMQX&lid=LSTCOMHDXXUHGDCHMQXUEUE9X&marketplace=FLIPKART&q=laptop&store=6bo%2Fb5g&srno=s_1_12&otracker=search&fm=organic&iid=en_kXWkwc5WAOHuBn_u5WwmbbJxdN-ia_TgvRpw6L_mTRDVp0GRl1C-vRFz4t702EfrTz1Ij0nnUnEuzeQV0Xdp6nhxtx2ZQZ_phLGtbMBsfGAQ2Z9iRvthbmU5ESsbiIwK&ppt=None&ppn=None&ssid=56f49g3z6o0000001784730917322&qH=312f91285e048e09&ov_redirect=true,AMD Ryzen 5 Quad Core Processor | 8 GB LPDDR5 RAM | Windows 11 Operating System | 512 GB SSD | 38.1 cm (15 Inch) Display | 1 Year Onsite Warranty
1,13,Acer Aspire 3 Intel Core i5 13th Gen 1334U - (16 GB/512 GB SSD/Windows 11 Home) A324-53 Thin and Light...,"₹46,990",4.3,"1,736 Ratings",https://rukminim2.flixcart.com/image/312/312/xif0q/computer/1/e/v/-original-imahg53ufd4jgtqw.jpeg?q=70,https://www.flipkart.com/acer-aspire-3-intel-core-i5-13th-gen-1334u-16-gb-512-gb-ssd-windows-11-home-a324-53-thin-light-laptop/p/itm707770fddc7e9?pid=COMH4B6CGZKHKUV3&lid=LSTCOMH4B6CGZKHKUV37HVWQK&marketplace=FLIPKART&q=laptop&store=6bo%2Fb5g&srno=s_1_13&otracker=search&fm=organic&iid=ee753269-5c34-4051-94b6-3152be90bc26.COMH4B6CGZKHKUV3.SEARCH&ppt=None&ppn=None&ssid=56f49g3z6o0000001784730917322&qH=312f91285e048e09&ov_redirect=true,Intel Core i5 Processor (13th Gen) | 16 GB DDR4 RAM | Windows 11 Operating System | 512 GB SSD | 35.56 cm (14 Inch) Display | 1 Year Carry-in Warranty
1,14,ASUS Chromebook CX14 Intel Celeron Dual Core N50 - (4 GB/64 GB EMMC Storage/Chrome OS) CX1405CTA-S6062...,"₹19,990",3.9,474 Ratings,https://rukminim2.flixcart.com/image/312/312/xif0q/computer/f/u/d/-original-imahmhhncbddugp2.jpeg?q=70,https://www.flipkart.com/asus-chromebook-cx14-intel-celeron-dual-core-n50-4-gb-64-gb-emmc-storage-chrome-os-cx1405cta-s60620-laptop/p/itm5a14f3731bf15?pid=COMHKQA3R42GHHJF&lid=LSTCOMHKQA3R42GHHJF7ASEFY&marketplace=FLIPKART&q=laptop&store=6bo%2Fb5g&srno=s_1_14&otracker=search&fm=organic&iid=ee753269-5c34-4051-94b6-3152be90bc26.COMHKQA3R42GHHJF.SEARCH&ppt=None&ppn=None&ssid=56f49g3z6o0000001784730917322&qH=312f91285e048e09&ov_redirect=true,Intel Celeron Dual Core Processor | 4 GB LPDDR5 RAM | Chrome Operating System | 35.56 cm (14 inch) Display | MyASUS | 1 Year Onsite Warranty
1,15,ASUS Expertbook P3 Metal High-performance processor with 1 Yr ADP Intel Core i7 13th Gen 13620H - (32 ...,"₹87,990",4.3,284 Ratings,https://rukminim2.flixcart.com/image/312/312/xif0q/computer/0/p/g/-original-imahg53ujvb5xj2g.jpeg?q=70,https://www.flipkart.com/asus-expertbook-p3-metal-high-performance-processor-1-yr-adp-intel-core-i7-13th-gen-13620h-32-gb-1-tb-ssd-windows-11-home-p3405cva-ly0308ws-thin-light-laptop/p/itm97eeb89e48af8?pid=COMHB7VN6ZDDZ946&lid=LSTCOMHB7VN6ZDDZ946RHQCBL&marketplace=FLIPKART&q=laptop&store=6bo%2Fb5g&srno=s_1_15&otracker=search&fm=organic&iid=ee753269-5c34-4051-94b6-3152be90bc26.COMHB7VN6ZDDZ946.SEARCH&ppt=None&ppn=None&ssid=56f49g3z6o0000001784730917322&qH=312f91285e048e09&ov_redirect=true,"Intel Core i7 Processor (13th Gen) | 32 GB DDR5 RAM | Windows 11 Home Operating System | 1 TB SSD | 35.56 cm (14 Inch) Display | Included Software- Microsoft Office Home 2024(includes Word, Excel, PowerPoint, and OneNote) (Lifetime Validity ) + Microsoft 365 Basic*(1-Year Validity), McAfee+TM Premium (1 year Validity) | 1 Year Onsite Warranty"
1,16,HP MSO 2024 Intel Core i3 13th Gen 1315U - (16 GB/512 GB SSD/Windows 11 Home) 15-fd0574TU / 15 - fd066...,"₹50,490",4.2,"3,329 Ratings",https://rukminim2.flixcart.com/image/312/312/xif0q/computer/a/q/u/15-fd0668tu-thin-and-light-laptop-hp-original-imahest3rdkyruss.jpeg?q=70,https://www.flipkart.com/hp-mso-2024-intel-core-i3-13th-gen-1315u-16-gb-512-gb-ssd-windows-11-home-15-fd0574tu-15-fd0668tu-thin-light-laptop/p/itmcb9e5b7b2d3fb?pid=COMHBFRJEWGN4FMY&lid=LSTCOMHBFRJEWGN4FMYK9ZQ2H&marketplace=FLIPKART&q=laptop&store=6bo%2Fb5g&srno=s_1_16&otracker=search&fm=organic&iid=ee753269-5c34-4051-94b6-3152be90bc26.COMHBFRJEWGN4FMY.SEARCH&ppt=None&ppn=None&ssid=56f49g3z6o0000001784730917322&qH=312f91285e048e09&ov_redirect=true,Intel Core i3 Processor (13th Gen) | 16 GB DDR4 RAM | Windows 11 Home Operating System | 512 GB SSD | 39.62 cm (15.6 Inch) Display | MS Office Home 2024 + MISC PC Game Pass DA 3M | 1 Year Onsite Warranty
1,17,Samsung Galaxy Book5 AI Metal Intel Core Ultra 7 255U - (16 GB/512 GB SSD/Windows 11 Home) NP750XHD Th...,"₹91,990",4.6,463 Ratings,https://rukminim2.flixcart.com/image/312/312/xif0q/computer/0/2/e/-original-imahzcf3jkkjkhgc.jpeg?q=70,https://www.flipkart.com/samsung-galaxy-book5-ai-metal-intel-core-ultra-7-255u-16-gb-512-gb-ssd-windows-11-home-np750xhd-thin-light-laptop/p/itma9c081cdbe95d?pid=COMHE4ATBCUTGUYT&lid=LSTCOMHE4ATBCUTGUYTJZ7NHN&marketplace=FLIPKART&q=laptop&store=6bo%2Fb5g&srno=s_1_17&otracker=search&fm=organic&iid=en_kXWkwc5WAOHuBn_u5WwmbbJxdN-ia_TgvRpw6L_mTRDDDmLcmVwnILLBxhgRGMf6EpvNAz_V8OztKE0mhnVc5WBvhs4YZDb_tLK308w1JjvbsGiSNV8pmWP5XKcqigqF&ppt=None&ppn=None&ssid=56f49g3z6o0000001784730917322&qH=312f91285e048e09&ov_redirect=true,Intel Core Ultra 7 Processor | 16 GB LPDDR5X RAM | 64 bit Windows 11 Operating System | 512 GB SSD | 39.62 cm (15.6 Inch) Display | MS Office Home and Student 2024 | 1 Year Manufacturer Warranty for Laptop and 6 Months for In-Box Accessories
1,18,Samsung Galaxy Book5 AI Metal Intel Core Ultra 5 225U - (16 GB/512 GB SSD/Windows 11 Home) NP750XHD Th...,"₹84,990",4.6,837 Ratings,https://rukminim2.flixcart.com/image/312/312/xif0q/computer/0/2/e/-original-imahzcf3jkkjkhgc.jpeg?q=70,https://www.flipkart.com/samsung-galaxy-book5-ai-metal-intel-core-ultra-5-225u-16-gb-512-gb-ssd-windows-11-home-np750xhd-thin-light-laptop/p/itmc33d2563d0ffc?pid=COMHE4ATPCZ9FXRP&lid=LSTCOMHE4ATPCZ9FXRP7N1GVG&marketplace=FLIPKART&q=laptop&store=6bo%2Fb5g&srno=s_1_18&otracker=search&fm=organic&iid=en_kXWkwc5WAOHuBn_u5WwmbbJxdN-ia_TgvRpw6L_mTRD974XLiIcVqp5lBfZkXnpWvT9zE8RJe0eekVb3otSNh18RJRVMZ26KUCZrvwX8t-nbsGiSNV8pmWP5XKcqigqF&ppt=None&ppn=None&ssid=56f49g3z6o0000001784730917322&qH=312f91285e048e09&ov_redirect=true,Intel Core Ultra 5 Processor | 16 GB LPDDR5X RAM | 64 bit Windows 11 Operating System | 512 GB SSD | 39.62 cm (15.6 Inch) Display | MS Office Home and Student 2024 | 1 Year Manufacturer Warranty for Laptop and 6 Months for In-Box Accessories
1,19,Primebook 2 Pro (2025) in-Built AI MediaTek Helio G99 (MT8781) - (8 GB/128 GB/Android 15) PBG9914128#4...,"₹26,990",4.4,"1,547 Ratings",https://rukminim2.flixcart.com/image/312/312/xif0q/computer/t/i/8/-original-imahfskhzaahq9es.jpeg?q=70,https://www.flipkart.com/primebook-2-pro-2025-in-built-ai-mediatek-helio-g99-mt8781-8-gb-128-gb-android-15-pbg9914128-4278c-laptop/p/itmdbf8db6a6f79a?pid=COMHDGD5FH6NZPHD&lid=LSTCOMHDGD5FH6NZPHD567UTY&marketplace=FLIPKART&q=laptop&store=6bo%2Fb5g&srno=s_1_19&otracker=search&fm=organic&iid=ee753269-5c34-4051-94b6-3152be90bc26.COMHDGD5FH6NZPHD.SEARCH&ppt=None&ppn=None&ssid=56f49g3z6o0000001784730917322&qH=312f91285e048e09&ov_redirect=true,MediaTek Helio G99 (MT8781) Processor | 8 GB LPDDR4X RAM | 64 bit Android Operating System | 35.81 cm (14.1 Inch) Display | 1 Year Onsite Warranty
1,20,ASUS ExpertBook P1 Intel Core i7 13th Gen 13620H - (32 GB/512 GB SSD/Windows 11 Home) P1403CVA-S60940W...,"₹84,990",4.3,995 Ratings,https://rukminim2.flixcart.com/image/312/312/xif0q/computer/x/0/p/-enriched-transparent-original-imahg53ukzn9grvv.png?q=70,https://www.flipkart.com/asus-expertbook-p1-intel-core-i7-13th-gen-13620h-32-gb-512-gb-ssd-windows-11-home-p1403cva-s60940ws-thin-light-laptop/p/itmc8b94112958cf?pid=COMH8Z2QT98FWRGH&lid=LSTCOMH8Z2QT98FWRGHHOIA2G&marketplace=FLIPKART&q=laptop&store=6bo%2Fb5g&srno=s_1_20&otracker=search&fm=organic&iid=ee753269-5c34-4051-94b6-3152be90bc26.COMH8Z2QT98FWRGH.SEARCH&ppt=None&ppn=None&ssid=56f49g3z6o0000001784730917322&qH=312f91285e048e09&ov_redirect=true,"Intel Core i7 Processor (13th Gen) | 32 GB DDR5 RAM | 64 bit Windows 11 Home Operating System | 512 GB SSD | 35.56 cm (14 Inch) Display | Included Software- Microsoft Office Home 2024(includes Word, Excel, PowerPoint, and OneNote) (Lifetime Validity ) + Microsoft 365 Basic*(1-Year Validity), McAfee+TM Premium (1 year Validity) | 1 Year Onsite Warranty"
1,21,HP 14 AI PC Intel Core Ultra 7 155H - (16 GB/512 GB SSD/Windows 11 Home) 14-ep1151TU/14-gr1036TU/14-ep...,"₹79,990",4.1,790 Ratings,https://rukminim2.flixcart.com/image/312/312/xif0q/computer/o/9/k/-original-imahgry8nwkejmae.jpeg?q=70,https://www.flipkart.com/hp-14-ai-pc-intel-core-ultra-7-155h-16-gb-512-gb-ssd-windows-11-home-14-ep1151tu-14-gr1036tu-14-ep1151tu-thin-light-laptop/p/itm4c681812b88bf?pid=COMHF8G932EYZAJF&lid=LSTCOMHF8G932EYZAJFOUI9CA&marketplace=FLIPKART&q=laptop&store=6bo%2Fb5g&srno=s_1_21&otracker=search&fm=organic&iid=en_kXWkwc5WAOHuBn_u5WwmbbJxdN-ia_TgvRpw6L_mTRCy01Y_oanBnuEM6Bln6NT1hgaIvJFNB98mBEnXiYMzyf2kCd72yAFc0CyXscmDAPlVS-GQOg3ZAXVT6rbPpHKp&ppt=None&ppn=None&ssid=56f49g3z6o0000001784730917322&qH=312f91285e048e09&ov_redirect=true,Intel Core Ultra 7 Processor | 16 GB DDR5 RAM | Windows 11 Home Operating System | 512 GB SSD | 35.56 cm (14 Inch) Display | 1 Year Onsite Warranty
1,22,HP 14 AI PC Intel Core Ultra 7 155H - (16 GB/1 TB SSD/Windows 11 Home) 14-ep1152TU Thin and Light Lapt...,"₹85,990",4.1,790 Ratings,https://rukminim2.flixcart.com/image/312/312/xif0q/computer/a/h/z/-original-imahgh9exfmtg44y.jpeg?q=70,https://www.flipkart.com/hp-14-ai-pc-intel-core-ultra-7-155h-16-gb-1-tb-ssd-windows-11-home-14-ep1152tu-thin-light-laptop/p/itm448874079369f?pid=COMHG98EXZ3AJYZN&lid=LSTCOMHG98EXZ3AJYZNODD67U&marketplace=FLIPKART&q=laptop&store=6bo%2Fb5g&srno=s_1_22&otracker=search&fm=organic&iid=en_kXWkwc5WAOHuBn_u5WwmbbJxdN-ia_TgvRpw6L_mTRBJ6zY_lDkeUy-tLKlHFNd_VIJd7sngn5RzXYuDdAv4q6BbX7UKBYdLI6dBk_KzR-ZVS-GQOg3ZAXVT6rbPpHKp&ppt=None&ppn=None&ssid=56f49g3z6o0000001784730917322&qH=312f91285e048e09&ov_redirect=true,Intel Core Ultra 7 Processor | 16 GB DDR5 RAM | Windows 11 Home Operating System | 1 TB SSD | 35.56 cm (14 Inch) Display | 1 Year Onsite Warranty
1,23,"Acer Aspire 15 MS Office 2024 + M365 Basic, AMD Ryzen 3 Quad Core 7330U - (8 GB/256 GB SSD/Windows 11 ...","₹39,990",3.6,30 Ratings,https://rukminim2.flixcart.com/image/312/312/xif0q/computer/0/t/s/-original-imahnt7jpy3mrfgz.jpeg?q=70,https://www.flipkart.com/acer-aspire-15-ms-office-2024-m365-basic-amd-ryzen-3-quad-core-7330u-8-gb-256-gb-ssd-windows-11-home-a311-45-notebook/p/itm679af52f35d6d?pid=COMHMHYH9GDHGXDA&lid=LSTCOMHMHYH9GDHGXDAYAE4GK&marketplace=FLIPKART&q=laptop&store=6bo%2Fb5g&srno=s_1_23&otracker=search&fm=organic&iid=ee753269-5c34-4051-94b6-3152be90bc26.COMHMHYH9GDHGXDA.SEARCH&ppt=None&ppn=None&ssid=56f49g3z6o0000001784730917322&qH=312f91285e048e09&ov_redirect=true,AMD Ryzen 3 Quad Core Processor | 8 GB DDR4 RAM | 64 bit Windows 11 Home Operating System | 256 GB SSD | 39.62 cm (15.6 inch) Display | MSO | 1 Year Onsite Service
1,24,HP 250R G10 (2025) (i3 14th Gen) Intel Core 3 14th Gen 100U - (8 GB/512 GB SSD/Windows 11 Home) 250R G...,"₹48,999",4.4,37 Ratings,https://rukminim2.flixcart.com/image/312/312/xif0q/computer/h/d/z/250r-g10-thin-and-light-laptop-hp-original-imahg6xhcuu9xmuj.jpeg?q=70,https://www.flipkart.com/hp-250r-g10-2025-i3-14th-gen-intel-core-3-gen-100u-8-gb-512-gb-ssd-windows-11-home-thin-light-laptop/p/itm21dd6a1b267a9?pid=COMHG6XMSCZ8WF5W&lid=LSTCOMHG6XMSCZ8WF5WJVJWPO&marketplace=FLIPKART&q=laptop&store=6bo%2Fb5g&srno=s_1_24&otracker=search&fm=organic&iid=ee753269-5c34-4051-94b6-3152be90bc26.COMHG6XMSCZ8WF5W.SEARCH&ppt=None&ppn=None&ssid=56f49g3z6o0000001784730917322&qH=312f91285e048e09&ov_redirect=true,"Intel Core 3 Processor (14th Gen) | 8 GB DDR4 RAM | 64 bit Windows 11 Home Operating System | 512 GB SSD | 39.62 cm (15.6 Inch) Display | Microsoft Office 2021, Windows 11 Home | 1 Year"
2,1,Acer Aspire 3 Intel Celeron Dual Core - (8 GB/256 GB SSD/Windows 11 Home) A311-45 Thin and Light Lapto...,"₹32,799",3.8,"9,828 Ratings",https://rukminim2.flixcart.com/image/312/312/xif0q/computer/d/s/x/-original-imahg5ftu2dzvyu8.jpeg?q=70,https://www.flipkart.com/acer-aspire-3-intel-celeron-dual-core-8-gb-256-gb-ssd-windows-11-home-a311-45-thin-light-laptop/p/itmad38595c5a902?pid=COMH7NCZ8BARKXFF&lid=LSTCOMH7NCZ8BARKXFFT7KZLT&marketplace=FLIPKART&q=laptop&store=6bo%2Fb5g&srno=s_2_25&otracker=search&fm=organic&iid=bae6476f-85ba-40a0-889b-71a08a1cb35f.COMH7NCZ8BARKXFF.SEARCH&ppt=sp&ppn=sp&ssid=h7u7ths5xc0000001784730922905&qH=312f91285e048e09&ov_redirect=true,Intel Celeron Dual Core Processor | 8 GB DDR4 RAM | 64 bit Windows 11 Home Operating System | 256 GB SSD | 29.46 cm (11.6 Inch) Display | 1 Year Warranty
2,2,ASUS Vivobook S14 (2025)(i5 14th Gen) with Office 2024 + M365 Basic* Backlit Keyboard Intel Core 5 210...,"₹65,990",4.4,140 Ratings,https://rukminim2.flixcart.com/image/312/312/xif0q/computer/l/m/p/-original-imahfcztkcgtkkzq.jpeg?q=70,https://www.flipkart.com/asus-vivobook-s14-2025-i5-14th-gen-office-2024-m365-basic-backlit-keyboard-intel-core-5-210h-16-gb-512-gb-ssd-windows-11-home-s3407va-ly075ws-thin-light-laptop/p/itm2ba976d7093b2?pid=COMHEZZTSJAU3CDG&lid=LSTCOMHEZZTSJAU3CDG0SIINF&marketplace=FLIPKART&q=laptop&store=6bo%2Fb5g&srno=s_2_26&otracker=search&fm=organic&iid=bae6476f-85ba-40a0-889b-71a08a1cb35f.COMHEZZTSJAU3CDG.SEARCH&ppt=sp&ppn=sp&ssid=h7u7ths5xc0000001784730922905&qH=312f91285e048e09&ov_redirect=true,"Intel Core 5 Processor | 16 GB DDR5 RAM | Windows 11 Home Operating System | 512 GB SSD | 35.56 cm (14 Inch) Display | Microsoft Office Home 2024 (Lifetime Validity ) + Microsoft 365 Basic*(1-Year Validity), One-Month Membership of Adobe Creative Cloud All Apps, McAfee 1 year | 1 Year Onsite Warranty"
2,3,Samsung Galaxy Book4 Metal Intel Core i5 13th Gen 1335U - (8 GB/512 GB SSD/Windows 11 Home) NP750XGJ-K...,"₹56,990",4.4,"19,735 Ratings",https://rukminim2.flixcart.com/image/312/312/xif0q/computer/k/t/y/-enriched-transparent-original-imahg53xspmfrsdd.png?q=70,https://www.flipkart.com/samsung-galaxy-book4-metal-intel-core-i5-13th-gen-1335u-8-gb-512-gb-ssd-windows-11-home-np750xgj-kg1in-np750xgj-lg1in-np750xgj-lg6in-thin-light-laptop/p/itm1df5212efb9fc?pid=COMGZUYDFZXHWYWZ&lid=LSTCOMGZUYDFZXHWYWZJ6V2KW&marketplace=FLIPKART&q=laptop&store=6bo%2Fb5g&srno=s_2_27&otracker=search&fm=organic&iid=en_Q1C_KtzCI8zDLFcmGomTJTPJvXPAf6azCFvpRBN1NHygRgO3WRv6x6IWk_vo-gjcsfGME0kkMQMICwGxasfmZSpiZoP3ZcDDMuaOuWFYumMgHM8ej7ZbhmAvSMToc60m&ppt=sp&ppn=sp&ssid=h7u7ths5xc0000001784730922905&qH=312f91285e048e09&ov_redirect=true,Intel Core i5 Processor (13th Gen) | 8 GB LPDDR4X RAM | 64 bit Windows 11 Operating System | 512 GB SSD | 39.62 cm (15.6 Inch) Display | 1 Year Manufacturer Warranty for Laptop and 6 Months for In-Box Accessories
2,4,Samsung Galaxy Book4 Metal Intel Core i3 13th Gen 1315U - (8 GB/512 GB SSD/Windows 11 Home) NP750XGJ-L...,"₹57,490",4.4,"10,670 Ratings",https://rukminim2.flixcart.com/image/312/312/xif0q/computer/q/k/o/-enriched-transparent-original-imahg53xmzmtsynn.png?q=70,https://www.flipkart.com/samsung-galaxy-book4-metal-intel-core-i3-13th-gen-1315u-8-gb-512-gb-ssd-windows-11-home-np750xgj-lg9in-thin-light-laptop/p/itmc29d559898e6f?pid=COMH4Y6KKRC9YSWE&lid=LSTCOMH4Y6KKRC9YSWERDUMZD&marketplace=FLIPKART&q=laptop&store=6bo%2Fb5g&srno=s_2_28&otracker=search&fm=organic&iid=en_Q1C_KtzCI8zDLFcmGomTJTPJvXPAf6azCFvpRBN1NHzP1-9yjELkRIjCtzSH4B7aVqKfzRTPmTYCvEc1OQ2_kCChg9vAnpscSdI7uOc1ZHUgHM8ej7ZbhmAvSMToc60m&ppt=sp&ppn=sp&ssid=h7u7ths5xc0000001784730922905&qH=312f91285e048e09&ov_redirect=true,Intel Core i3 Processor (13th Gen) | 8 GB LPDDR4X RAM | 64 bit Windows 11 Operating System | 512 GB SSD | 39.62 cm (15.6 Inch) Display | 1 Year Onsite Warranty
2,5,Acer Aspire Lite AMD Ryzen 3 Quad Core 5300U - (16 GB/512 GB SSD/Windows 11 Home) AL15-41 Thin and Lig...,"₹47,990",4.1,"1,615 Ratings",https://rukminim2.flixcart.com/image/312/312/xif0q/computer/b/k/d/-original-imahb2kbf2zdan3z.jpeg?q=70,https://www.flipkart.com/acer-aspire-lite-amd-ryzen-3-quad-core-5300u-16-gb-512-gb-ssd-windows-11-home-al15-41-thin-light-laptop/p/itm1bc0bcb4598e7?pid=COMH28U4WDFBUKP3&lid=LSTCOMH28U4WDFBUKP3PFEZVB&marketplace=FLIPKART&q=laptop&store=6bo%2Fb5g&srno=s_2_29&otracker=search&fm=organic&iid=bae6476f-85ba-40a0-889b-71a08a1cb35f.COMH28U4WDFBUKP3.SEARCH&ppt=sp&ppn=sp&ssid=h7u7ths5xc0000001784730922905&qH=312f91285e048e09&ov_redirect=true,AMD Ryzen 3 Quad Core Processor | 16 GB DDR4 RAM | Windows 11 Operating System | 512 GB SSD | 39.62 cm (15.6 Inch) Display | 1 Year Carry-in Warranty
2,6,Acer Aspire 3 Backlit AMD Ryzen 7 Octa Core 7730U - (16 GB/512 GB SSD/Windows 11 Home) Aspire AS15 - 4...,"₹54,990",4.1,"2,005 Ratings",https://rukminim2.flixcart.com/image/312/312/xif0q/computer/2/q/t/-original-imahg5ftjkmg4m82.jpeg?q=70,https://www.flipkart.com/acer-aspire-3-backlit-amd-ryzen-7-octa-core-7730u-16-gb-512-gb-ssd-windows-11-home-as15-42-thin-light-laptop/p/itmdaf15e01a1d1a?pid=COMH397XPF4Z3BMX&lid=LSTCOMH397XPF4Z3BMXL8O53G&marketplace=FLIPKART&q=laptop&store=6bo%2Fb5g&srno=s_2_30&otracker=search&fm=organic&iid=bae6476f-85ba-40a0-889b-71a08a1cb35f.COMH397XPF4Z3BMX.SEARCH&ppt=sp&ppn=sp&ssid=h7u7ths5xc0000001784730922905&qH=312f91285e048e09&ov_redirect=true,AMD Ryzen 7 Octa Core Processor | 16 GB DDR4 RAM | Windows 11 Operating System | 512 GB SSD | 39.62 cm (15.6 Inch) Display | 1 Year Carry-in Warranty
2,7,HP Omnibook 3 2K WUXGA Snapdragon X - (16 GB/512 GB SSD/Windows 11 Home) Omnibook 3 14-hz0024QU Laptop,"₹72,990",4.1,11 Ratings,https://rukminim2.flixcart.com/image/312/312/xif0q/computer/u/e/9/-original-imahzvfcsqpynrcd.jpeg?q=70,https://www.flipkart.com/hp-omnibook-3-2k-wuxga-snapdragon-x-16-gb-512-gb-ssd-windows-11-home-14-hz0024qu-laptop/p/itmbd5346cd09abc?pid=COMHZGK2ACSECZB5&lid=LSTCOMHZGK2ACSECZB52ALLPO&marketplace=FLIPKART&q=laptop&store=6bo%2Fb5g&srno=s_2_31&otracker=search&fm=organic&iid=en_Q1C_KtzCI8zDLFcmGomTJTPJvXPAf6azCFvpRBN1NHwRtUIWtEIFrj3PhS27hPHrQDaMOpjaAqIhVlr2eDOqkK8WMJxc_eOD3pdFe_35DQUgHM8ej7ZbhmAvSMToc60m&ppt=sp&ppn=sp&ssid=h7u7ths5xc0000001784730922905&qH=312f91285e048e09&ov_redirect=true,Snapdragon X Processor | 16 GB LPDDR5X RAM | Windows 11 Home Operating System | 512 GB SSD | 35.56 cm (14 inch) Display | MS Office Home 2024 | 1 Year Onsite Service
2,8,DELL 15 (Previouly Inspiron) AMD Ryzen 5 Quad Core 7520U - (8 GB/512 GB SSD/Windows 11 Home) DC15255 T...,"₹57,990",4.5,6 Ratings,https://rukminim2.flixcart.com/image/312/312/xif0q/computer/m/x/0/-original-imahzv9agugnddrg.jpeg?q=70,https://www.flipkart.com/dell-15-previouly-inspiron-amd-ryzen-5-quad-core-7520u-8-gb-512-gb-ssd-windows-11-home-dc15255-thin-light-laptop/p/itmb80bb4e819164?pid=COMHDXXUHGDCHMQX&lid=LSTCOMHDXXUHGDCHMQXUEUE9X&marketplace=FLIPKART&q=laptop&store=6bo%2Fb5g&srno=s_2_32&otracker=search&fm=organic&iid=en_Q1C_KtzCI8zDLFcmGomTJTPJvXPAf6azCFvpRBN1NHyXU9mrAYa0Kmv3k3uB0cdcKS7KjhXWMehRCKPAR7kLILb6bL0Zx_kaK68EeWHdQeAgHM8ej7ZbhmAvSMToc60m&ppt=sp&ppn=sp&ssid=h7u7ths5xc0000001784730922905&qH=312f91285e048e09&ov_redirect=true,AMD Ryzen 5 Quad Core Processor | 8 GB LPDDR5 RAM | Windows 11 Operating System | 512 GB SSD | 38.1 cm (15 Inch) Display | 1 Year Onsite Warranty
2,9,Lenovo Chromebook 11IJL9 Intel Celeron Dual Core N4500 - (4 GB/64 GB EMMC Storage/Chrome OS) Chromeboo...,"₹17,990",4,143 Ratings,https://rukminim2.flixcart.com/image/312/312/xif0q/computer/s/d/p/chromebook-11ijl9-chromebook-lenovo-enriched-transparent-original-imahczggpnn6tgge.png?q=70,https://www.flipkart.com/lenovo-chromebook-11ijl9-intel-celeron-dual-core-n4500-4-gb-64-gb-emmc-storage-chrome-os/p/itmd2a376187074e?pid=COMHCYMG83BGNQHH&lid=LSTCOMHCYMG83BGNQHHQNGMKF&marketplace=FLIPKART&q=laptop&store=6bo%2Fb5g&srno=s_2_33&otracker=search&fm=organic&iid=bae6476f-85ba-40a0-889b-71a08a1cb35f.COMHCYMG83BGNQHH.SEARCH&ppt=sp&ppn=sp&ssid=h7u7ths5xc0000001784730922905&qH=312f91285e048e09&ov_redirect=true,Intel Celeron Dual Core Processor | 4 GB LPDDR4X RAM | Chrome Operating System | 29.46 cm (11.6 Inch) Display | 1 Year Onsite Warranty
2,10,HP Essentials(i5 14th Gen) Intel Core 5 13th Gen 120U - (8 GB/1 TB SSD/Windows 11 Home) 15-FD0549TU Th...,"₹59,990",4.5,10 Ratings,https://rukminim2.flixcart.com/image/312/312/xif0q/computer/h/f/n/-original-imahfsjyqgcphjeh.jpeg?q=70,https://www.flipkart.com/hp-essentials-i5-14th-gen-intel-core-5-13th-gen-120u-8-gb-1-tb-ssd-windows-11-home-15-fd0549tu-thin-light-laptop/p/itm426d2307326b2?pid=COMHFKPVKEQZJYVX&lid=LSTCOMHFKPVKEQZJYVXGB0ABE&marketplace=FLIPKART&q=laptop&store=6bo%2Fb5g&srno=s_2_34&otracker=search&fm=organic&iid=bae6476f-85ba-40a0-889b-71a08a1cb35f.COMHFKPVKEQZJYVX.SEARCH&ppt=sp&ppn=sp&ssid=h7u7ths5xc0000001784730922905&qH=312f91285e048e09&ov_redirect=true,Intel Core 5 Processor (13th Gen) | 8 GB DDR4 RAM | Windows 11 Home Operating System | 1 TB SSD | 39.62 cm (15.6 Inch) Display | 1 Year Warranty and Only 6 Months Warranty on Battery and Adaptor
2,11,HP 15 (i3 14th Gen) Intel Core 3 100U - (16 GB/512 GB SSD/Windows 11 Home) 15-fd0885TU Thin and Light ...,"₹49,990",4.2,"1,654 Ratings",https://rukminim2.flixcart.com/image/312/312/xif0q/computer/n/d/h/-original-imahkrdfczexundv.jpeg?q=70,https://www.flipkart.com/hp-15-i3-14th-gen-intel-core-3-100u-16-gb-512-gb-ssd-windows-11-home-15-fd0885tu-thin-light-laptop/p/itm661ed697fa9ca?pid=COMHK4F734GZWHFM&lid=LSTCOMHK4F734GZWHFMN7EU3K&marketplace=FLIPKART&q=laptop&store=6bo%2Fb5g&srno=s_2_35&otracker=search&fm=organic&iid=bae6476f-85ba-40a0-889b-71a08a1cb35f.COMHK4F734GZWHFM.SEARCH&ppt=sp&ppn=sp&ssid=h7u7ths5xc0000001784730922905&qH=312f91285e048e09&ov_redirect=true,Intel Core 3 Processor | 16 GB DDR4 RAM | Windows 11 Home Operating System | 512 GB SSD | 39.62 cm (15.6 inch) Display | MS Office Home 2024 + MISC PC Game Pass DA 3M | 1 Year Onsite Warranty
2,12,ASUS ExpertBook P1 (i3 14th Gen) with 1 Yr ADP Intel Core 3 14th Gen 100U - (8 GB/512 GB SSD/Windows 1...,"₹50,990",4.3,"6,585 Ratings",https://rukminim2.flixcart.com/image/312/312/xif0q/computer/f/o/j/-original-imahmpqu7dwkgyff.jpeg?q=70,https://www.flipkart.com/asus-expertbook-p1-i3-14th-gen-1-yr-adp-intel-core-3-gen-100u-8-gb-512-gb-ssd-windows-11-home-p1503cva-s72562ws-thin-light-laptop/p/itm1ed622fed8f3a?pid=COMHGYAFDTDPH4GZ&lid=LSTCOMHGYAFDTDPH4GZTQUSTS&marketplace=FLIPKART&q=laptop&store=6bo%2Fb5g&srno=s_2_36&otracker=search&fm=organic&iid=bae6476f-85ba-40a0-889b-71a08a1cb35f.COMHGYAFDTDPH4GZ.SEARCH&ppt=sp&ppn=sp&ssid=h7u7ths5xc0000001784730922905&qH=312f91285e048e09&ov_redirect=true,Intel Core 3 Processor (14th Gen) | 8 GB DDR5 RAM | 64 bit Windows 11 Home Operating System | 512 GB SSD | 39.62 cm (15.6 Inch) Display | 1 Year Limited Warranty
2,13,HP 15 (i5 14th Gen) Intel Core 5 120U - (24 GB/512 GB SSD/Windows 11 Home) 15-fd0262TU Thin and Light ...,"₹82,990",4.2,195 Ratings,https://rukminim2.flixcart.com/image/312/312/xif0q/computer/z/i/b/-original-imahzu4rwxnezv9x.jpeg?q=70,https://www.flipkart.com/hp-15-i5-14th-gen-intel-core-5-120u-24-gb-512-gb-ssd-windows-11-home-15-fd0262tu-thin-light-laptop/p/itm027a3317f4ff9?pid=COMHM94A7PHVCQT7&lid=LSTCOMHM94A7PHVCQT7QTPOH7&marketplace=FLIPKART&q=laptop&store=6bo%2Fb5g&srno=s_2_37&otracker=search&fm=organic&iid=en_Q1C_KtzCI8zDLFcmGomTJTPJvXPAf6azCFvpRBN1NHyKYsy81cwkNupm7Zx12__CajNODExQ3AD2YwLVEpFEnL-0TByd-y2aowfbZcqv2qAgHM8ej7ZbhmAvSMToc60m&ppt=sp&ppn=sp&ssid=h7u7ths5xc0000001784730922905&qH=312f91285e048e09&ov_redirect=true,Intel Core 5 Processor | 24 GB DDR5 RAM | Windows 11 Home Operating System | 512 GB SSD | 39.62 cm (15.6 inch) Display | Microsoft Office Home 2024 (Lifetime Validity ) + Microsoft 365(1-Year Validity) | 1 Year Onsite Service
2,14,HP 14 AI PC Intel Core Ultra 7 155H - (16 GB/1 TB SSD/Windows 11 Home) 14-ep1152TU Thin and Light Lapt...,"₹85,990",4.1,790 Ratings,https://rukminim2.flixcart.com/image/312/312/xif0q/computer/a/h/z/-original-imahgh9exfmtg44y.jpeg?q=70,https://www.flipkart.com/hp-14-ai-pc-intel-core-ultra-7-155h-16-gb-1-tb-ssd-windows-11-home-14-ep1152tu-thin-light-laptop/p/itm448874079369f?pid=COMHG98EXZ3AJYZN&lid=LSTCOMHG98EXZ3AJYZNODD67U&marketplace=FLIPKART&q=laptop&store=6bo%2Fb5g&srno=s_2_38&otracker=search&fm=organic&iid=en_Q1C_KtzCI8zDLFcmGomTJTPJvXPAf6azCFvpRBN1NHz-olHrnrXHPalYLFXoSO3un9sG8qIKSbGwDcGdLV_LgSGkgDYpheMzpTOfbcb9jJrXEToOxZHcLKlgWDTGSI49&ppt=sp&ppn=sp&ssid=h7u7ths5xc0000001784730922905&qH=312f91285e048e09&ov_redirect=true,Intel Core Ultra 7 Processor | 16 GB DDR5 RAM | Windows 11 Home Operating System | 1 TB SSD | 35.56 cm (14 Inch) Display | 1 Year Onsite Warranty
2,15,Lenovo 100e Chromebook Gen 4 MediaTek Kompanio 520 - (4 GB/32 GB EMMC Storage/Chrome OS) 100e Chromebo...,"₹20,990",4,"3,211 Ratings",https://rukminim2.flixcart.com/image/312/312/xif0q/computer/c/g/4/-enriched-transparent-original-imahgfdyf6grkw9r.png?q=70,https://www.flipkart.com/lenovo-100e-chromebook-gen-4-mediatek-kompanio-520-4-gb-32-gb-emmc-storage-chrome-os/p/itm041aea27f1885?pid=COMHA9FK8YXVUUWA&lid=LSTCOMHA9FK8YXVUUWAAREQMZ&marketplace=FLIPKART&q=laptop&store=6bo%2Fb5g&srno=s_2_39&otracker=search&fm=organic&iid=bae6476f-85ba-40a0-889b-71a08a1cb35f.COMHA9FK8YXVUUWA.SEARCH&ppt=sp&ppn=sp&ssid=h7u7ths5xc0000001784730922905&qH=312f91285e048e09&ov_redirect=true,MediaTek Kompanio 520 Processor | 4 GB LPDDR4X RAM | Chrome Operating System | 29.46 cm (11.6 Inch) Display | 1 Year Carry-in Warranty
2,16,"ASUS Vivobook 14 (2025) with Office 2024 + M365 Basic*, Backlit Keyboard, Snapdragon X - (16 GB/512 GB...","₹58,990",4.4,693 Ratings,https://rukminim2.flixcart.com/image/312/312/xif0q/computer/g/e/w/-original-imahfn3g7wwtjxjb.jpeg?q=70,https://www.flipkart.com/asus-vivobook-14-2025-office-2024-m365-basic-backlit-keyboard-snapdragon-x-16-gb-512-gb-ssd-windows-11-home-x1407qa-ly088ws-thin-light-laptop/p/itm50b9ac5b77ae0?pid=COMHEDHREAGHHPGG&lid=LSTCOMHEDHREAGHHPGGDRJ6MG&marketplace=FLIPKART&q=laptop&store=6bo%2Fb5g&srno=s_2_40&otracker=search&fm=organic&iid=bae6476f-85ba-40a0-889b-71a08a1cb35f.COMHEDHREAGHHPGG.SEARCH&ppt=sp&ppn=sp&ssid=h7u7ths5xc0000001784730922905&qH=312f91285e048e09&ov_redirect=true,"Snapdragon X Processor | 16 GB LPDDR5X RAM | Windows 11 Home Operating System | 512 GB SSD | 35.56 cm (14 Inch) Display | Microsoft Office Home 2024 (Lifetime Validity ) + Microsoft 365 Basic*(1-Year Validity), One-Month Membership of Adobe Creative Cloud All Apps | 1 Year Onsite Warranty"
2,17,HP 14 AI PC Intel Core Ultra 7 155H - (16 GB/512 GB SSD/Windows 11 Home) 14-ep1151TU/14-gr1036TU/14-ep...,"₹79,990",4.1,790 Ratings,https://rukminim2.flixcart.com/image/312/312/xif0q/computer/o/9/k/-original-imahgry8nwkejmae.jpeg?q=70,https://www.flipkart.com/hp-14-ai-pc-intel-core-ultra-7-155h-16-gb-512-gb-ssd-windows-11-home-14-ep1151tu-14-gr1036tu-14-ep1151tu-thin-light-laptop/p/itm4c681812b88bf?pid=COMHF8G932EYZAJF&lid=LSTCOMHF8G932EYZAJFOUI9CA&marketplace=FLIPKART&q=laptop&store=6bo%2Fb5g&srno=s_2_41&otracker=search&fm=organic&iid=en_Q1C_KtzCI8zDLFcmGomTJTPJvXPAf6azCFvpRBN1NHzr69SNdoSCnnKqFEoshU853zzcGhlXkGO1hWP1UU6KY6U4JGq2qGfuCYjFJWjKqlTXEToOxZHcLKlgWDTGSI49&ppt=sp&ppn=sp&ssid=h7u7ths5xc0000001784730922905&qH=312f91285e048e09&ov_redirect=true,Intel Core Ultra 7 Processor | 16 GB DDR5 RAM | Windows 11 Home Operating System | 512 GB SSD | 35.56 cm (14 Inch) Display | 1 Year Onsite Warranty
2,18,Samsung Galaxy Book5 AI Metal Intel Core Ultra 5 225U - (16 GB/512 GB SSD/Windows 11 Home) NP750XHD Th...,"₹84,990",4.6,837 Ratings,https://rukminim2.flixcart.com/image/312/312/xif0q/computer/0/2/e/-original-imahzcf3jkkjkhgc.jpeg?q=70,https://www.flipkart.com/samsung-galaxy-book5-ai-metal-intel-core-ultra-5-225u-16-gb-512-gb-ssd-windows-11-home-np750xhd-thin-light-laptop/p/itmc33d2563d0ffc?pid=COMHE4ATPCZ9FXRP&lid=LSTCOMHE4ATPCZ9FXRP7N1GVG&marketplace=FLIPKART&q=laptop&store=6bo%2Fb5g&srno=s_2_42&otracker=search&fm=organic&iid=en_Q1C_KtzCI8zDLFcmGomTJTPJvXPAf6azCFvpRBN1NHzyILiBn4gaG6MJslm2xAgO3WHJiuMjlX0EHxFVCjPkyeUBYPBIqgZE3mSuDz4HsbkgHM8ej7ZbhmAvSMToc60m&ppt=sp&ppn=sp&ssid=h7u7ths5xc0000001784730922905&qH=312f91285e048e09&ov_redirect=true,Intel Core Ultra 5 Processor | 16 GB LPDDR5X RAM | 64 bit Windows 11 Operating System | 512 GB SSD | 39.62 cm (15.6 Inch) Display | MS Office Home and Student 2024 | 1 Year Manufacturer Warranty for Laptop and 6 Months for In-Box Accessories
2,19,Acer Aspire 3 Intel Celeron Dual Core - (8 GB/512 GB SSD/Windows 11 Home) A311-45 Thin and Light Lapto...,"₹34,990",3.8,"9,828 Ratings",https://rukminim2.flixcart.com/image/312/312/xif0q/computer/g/u/6/aspire-3-notebook-acer-original-imah8nrabh9wzrcn.jpeg?q=70,https://www.flipkart.com/acer-aspire-3-intel-celeron-dual-core-8-gb-512-gb-ssd-windows-11-home-a311-45-thin-light-laptop/p/itmc0ed9561d2e85?pid=COMHCC7BGNVEZA9B&lid=LSTCOMHCC7BGNVEZA9B1YZNGS&marketplace=FLIPKART&q=laptop&store=6bo%2Fb5g&srno=s_2_43&otracker=search&fm=organic&iid=bae6476f-85ba-40a0-889b-71a08a1cb35f.COMHCC7BGNVEZA9B.SEARCH&ppt=sp&ppn=sp&ssid=h7u7ths5xc0000001784730922905&qH=312f91285e048e09&ov_redirect=true,Intel Celeron Dual Core Processor | 8 GB DDR4 RAM | 64 bit Windows 11 Home Operating System | 512 GB SSD | 29.46 cm (11.6 Inch) Display | 1 Year Warranty
2,20,"ASUS Vivobook 16 (2025) with Office 2024 + M365 Basic, AI PC Intel Core Ultra 5 Series 2 225H - (16 GB...","₹73,990",4.3,116 Ratings,https://rukminim2.flixcart.com/image/312/312/xif0q/computer/q/d/h/-original-imah9d7pny8wwysj.jpeg?q=70,https://www.flipkart.com/asus-vivobook-16-2025-office-2024-m365-basic-ai-pc-intel-core-ultra-5-series-2-225h-16-gb-512-gb-ssd-windows-11-home-x1607ca-mb142ws-thin-light-laptop/p/itm6e5fc45e4e812?pid=COMH89EBYFHZZGMH&lid=LSTCOMH89EBYFHZZGMHIYRISQ&marketplace=FLIPKART&q=laptop&store=6bo%2Fb5g&srno=s_2_44&otracker=search&fm=organic&iid=bae6476f-85ba-40a0-889b-71a08a1cb35f.COMH89EBYFHZZGMH.SEARCH&ppt=sp&ppn=sp&ssid=h7u7ths5xc0000001784730922905&qH=312f91285e048e09&ov_redirect=true,Intel Core Ultra 5 Processor (Series 2) | 16 GB DDR5 RAM | Windows 11 Home Operating System | 512 GB SSD | 40.64 cm (16 Inch) Display | Microsoft Office Home 2024 + Microsoft 365 Basic | 1 Year Onsite warranty
2,21,Acer Aspire 3 Intel Celeron Dual Core - (8 GB/128 GB SSD/Windows 11 Home) A311-45 Thin and Light Lapto...,"₹33,250",3.8,"9,828 Ratings",https://rukminim2.flixcart.com/image/312/312/xif0q/computer/d/s/x/-original-imahg5ftu2dzvyu8.jpeg?q=70,https://www.flipkart.com/acer-aspire-3-intel-celeron-dual-core-8-gb-128-gb-ssd-windows-11-home-a311-45-thin-light-laptop/p/itmad38595c5a902?pid=COMH7NCZGGGWQC4W&lid=LSTCOMH7NCZGGGWQC4WA6EIVT&marketplace=FLIPKART&q=laptop&store=6bo%2Fb5g&srno=s_2_45&otracker=search&fm=organic&iid=bae6476f-85ba-40a0-889b-71a08a1cb35f.COMH7NCZGGGWQC4W.SEARCH&ppt=sp&ppn=sp&ssid=h7u7ths5xc0000001784730922905&qH=312f91285e048e09&ov_redirect=true,Intel Celeron Dual Core Processor | 8 GB DDR4 RAM | 64 bit Windows 11 Home Operating System | 128 GB SSD | 29.46 cm (11.6 Inch) Display | 1 Year Warranty
2,22,Acer Aspire 3 AMD Ryzen 3 Quad Core 7330U - (8 GB/256 GB SSD/Windows 11 Home) AS15-42 Thin and Light L...,"₹48,104",4.1,"1,002 Ratings",https://rukminim2.flixcart.com/image/312/312/xif0q/computer/0/t/s/-original-imahnt7jpy3mrfgz.jpeg?q=70,https://www.flipkart.com/acer-aspire-3-amd-ryzen-quad-core-7330u-8-gb-256-gb-ssd-windows-11-home-as15-42-thin-light-laptop/p/itmdaf15e01a1d1a?pid=COMH898FYYFGRAFZ&lid=LSTCOMH898FYYFGRAFZRSRCGK&marketplace=FLIPKART&q=laptop&store=6bo%2Fb5g&srno=s_2_46&otracker=search&fm=organic&iid=bae6476f-85ba-40a0-889b-71a08a1cb35f.COMH898FYYFGRAFZ.SEARCH&ppt=sp&ppn=sp&ssid=h7u7ths5xc0000001784730922905&qH=312f91285e048e09&ov_redirect=true,AMD Ryzen 3 Quad Core Processor | 8 GB DDR4 RAM | Windows 11 Operating System | 256 GB SSD | 39.62 cm (15.6 inch) Display | 1 Year Onsite Warranty
2,23,Samsung Galaxy Book5 AI Metal Intel Core Ultra 7 255U - (16 GB/512 GB SSD/Windows 11 Home) NP750XHD Th...,"₹91,990",4.6,463 Ratings,https://rukminim2.flixcart.com/image/312/312/xif0q/computer/0/2/e/-original-imahzcf3jkkjkhgc.jpeg?q=70,https://www.flipkart.com/samsung-galaxy-book5-ai-metal-intel-core-ultra-7-255u-16-gb-512-gb-ssd-windows-11-home-np750xhd-thin-light-laptop/p/itma9c081cdbe95d?pid=COMHE4ATBCUTGUYT&lid=LSTCOMHE4ATBCUTGUYTJZ7NHN&marketplace=FLIPKART&q=laptop&store=6bo%2Fb5g&srno=s_2_47&otracker=search&fm=organic&iid=en_Q1C_KtzCI8zDLFcmGomTJTPJvXPAf6azCFvpRBN1NHxSHiAj88o2qh8680-_0cQL_54vlUw9QAlUFlRYR6QtY8H5LP6GMXD1iSKF2pPmS-QgHM8ej7ZbhmAvSMToc60m&ppt=sp&ppn=sp&ssid=h7u7ths5xc0000001784730922905&qH=312f91285e048e09&ov_redirect=true,Intel Core Ultra 7 Processor | 16 GB LPDDR5X RAM | 64 bit Windows 11 Operating System | 512 GB SSD | 39.62 cm (15.6 Inch) Display | MS Office Home and Student 2024 | 1 Year Manufacturer Warranty for Laptop and 6 Months for In-Box Accessories
2,24,HP OMEN AI AMD Ryzen AI 7 Octa Core AI 7 350 - (24 GB/1 TB SSD/Windows 11 Home/8 GB Graphics/NVIDIA Ge...,"₹1,34,990",4.5,112 Ratings,https://rukminim2.flixcart.com/image/312/312/xif0q/computer/1/a/f/-original-imahgfdy8czyaypq.jpeg?q=70,https://www.flipkart.com/hp-omen-ai-amd-ryzen-7-octa-core-350-24-gb-1-tb-ssd-windows-11-home-8-gb-graphics-nvidia-geforce-rtx-5050-16-ap0165ax-gaming-laptop/p/itm5661c90728083?pid=COMHEHHXKFQSABXZ&lid=LSTCOMHEHHXKFQSABXZEF3JCN&marketplace=FLIPKART&q=laptop&store=6bo%2Fb5g&srno=s_2_48&otracker=search&fm=organic&iid=en_Q1C_KtzCI8zDLFcmGomTJTPJvXPAf6azCFvpRBN1NHy8Uwpsv2uYahaLAOMTL83iSt8s0FwzStmVNuDw0YIb7vRQYaQqNgqexXd2bqUccoJsFE5ToXBHCPzbhbS1Vx1o&ppt=sp&ppn=sp&ssid=h7u7ths5xc0000001784730922905&qH=312f91285e048e09&ov_redirect=true,AMD Ryzen AI 7 Octa Core Processor | 24 GB DDR5 RAM | Windows 11 Home Operating System | 1 TB SSD | 40.64 cm (16 Inch) Display | 1 Year Onsite Warranty
3,1,ASUS TUF Gaming A15 (2026) AMD Ryzen 7 170 - (16 GB/1 TB SSD/Windows 11 Home/4 GB Graphics/NVIDIA GeFo...,"₹83,990",4.7,39 Ratings,https://rukminim2.flixcart.com/image/312/312/xif0q/computer/l/l/b/-original-imahpfceatzdbb5z.jpeg?q=70,https://www.flipkart.com/asus-tuf-gaming-a15-2026-amd-ryzen-7-170-16-gb-1-tb-ssd-windows-11-home-4-gb-graphics-nvidia-geforce-rtx-3050-fa506ncq-hn008w-laptop/p/itm187b00d3b76d3?pid=COMHHNH8QYHRSTCG&lid=LSTCOMHHNH8QYHRSTCGYUF05H&marketplace=FLIPKART&q=laptop&store=6bo%2Fb5g&srno=s_3_49&otracker=search&fm=organic&iid=27ed236b-3426-42e2-a9ba-7ba53609e119.COMHHNH8QYHRSTCG.SEARCH&ppt=sp&ppn=sp&ssid=pwnzwl4e8w0000001784730928669&qH=312f91285e048e09&ov_redirect=true,AMD Ryzen 7 Processor | 16 GB DDR5 RAM | Windows 11 Home Operating System | 1 TB SSD | 39.62 cm (15.6 inch) Display | McAfee 1 year | 1 Year Onsite Service
3,2,WarnerCann N95 Notebook Intel Core N 12th Gen - (12 GB/256 GB SSD/Windows 11 Pro) N95 Notebook Busines...,"₹22,318",Not Found,Not Found,https://rukminim2.flixcart.com/image/312/312/xif0q/computer/a/l/z/n95-business-laptop-business-laptop-warnercann-original-imah6hh5g5vazgpx.jpeg?q=70,https://www.flipkart.com/warnercann-n95-notebook-intel-core-n-12th-gen-12-gb-256-gb-ssd-windows-11-pro-business-laptop/p/itmac33d2492d585?pid=COMHMQKESTG3FN3R&lid=LSTCOMHMQKESTG3FN3RIKB5CC&marketplace=FLIPKART&q=laptop&store=6bo%2Fb5g&spotlightTagId=default_TrendingId_6bo%2Fb5g&srno=s_3_50&otracker=search&fm=organic&iid=27ed236b-3426-42e2-a9ba-7ba53609e119.COMHMQKESTG3FN3R.SEARCH&ppt=sp&ppn=sp&ssid=pwnzwl4e8w0000001784730928669&qH=312f91285e048e09&ov_redirect=true,Intel Core N Processor (12th Gen) | 12 GB DDR4 RAM | 64 bit Windows 11 Operating System | 256 GB SSD | 38.86 cm (15.3 Inch) Display | Windows Pro | DOMESTIC
3,3,Samsung Galaxy Book4 Metal Intel Core i5 13th Gen 1335U - (8 GB/512 GB SSD/Windows 11 Home) NP750XGJ-K...,"₹56,990",4.4,"19,735 Ratings",https://rukminim2.flixcart.com/image/312/312/xif0q/computer/k/t/y/-enriched-transparent-original-imahg53xspmfrsdd.png?q=70,https://www.flipkart.com/samsung-galaxy-book4-metal-intel-core-i5-13th-gen-1335u-8-gb-512-gb-ssd-windows-11-home-np750xgj-kg1in-np750xgj-lg1in-np750xgj-lg6in-thin-light-laptop/p/itm1df5212efb9fc?pid=COMGZUYDFZXHWYWZ&lid=LSTCOMGZUYDFZXHWYWZJ6V2KW&marketplace=FLIPKART&q=laptop&store=6bo%2Fb5g&srno=s_3_51&otracker=search&fm=organic&iid=en_Ic5ziquTi-xyo-USlwrd3m-2BOSV46O3FrVLU6XavOJlp6BUpYJ3iL-dGykDdWOVsfGME0kkMQMICwGxasfmZSpiZoP3ZcDDMuaOuWFYumO-TLoHQfxDL5YfQlxCfpwn&ppt=sp&ppn=sp&ssid=pwnzwl4e8w0000001784730928669&qH=312f91285e048e09&ov_redirect=true,Intel Core i5 Processor (13th Gen) | 8 GB LPDDR4X RAM | 64 bit Windows 11 Operating System | 512 GB SSD | 39.62 cm (15.6 Inch) Display | 1 Year Manufacturer Warranty for Laptop and 6 Months for In-Box Accessories
3,4,Samsung Galaxy Book4 Metal Intel Core i3 13th Gen 1315U - (8 GB/512 GB SSD/Windows 11 Home) NP750XGJ-L...,"₹57,490",4.4,"10,670 Ratings",https://rukminim2.flixcart.com/image/312/312/xif0q/computer/q/k/o/-enriched-transparent-original-imahg53xmzmtsynn.png?q=70,https://www.flipkart.com/samsung-galaxy-book4-metal-intel-core-i3-13th-gen-1315u-8-gb-512-gb-ssd-windows-11-home-np750xgj-lg9in-thin-light-laptop/p/itmc29d559898e6f?pid=COMH4Y6KKRC9YSWE&lid=LSTCOMH4Y6KKRC9YSWERDUMZD&marketplace=FLIPKART&q=laptop&store=6bo%2Fb5g&srno=s_3_52&otracker=search&fm=organic&iid=en_Ic5ziquTi-xyo-USlwrd3m-2BOSV46O3FrVLU6XavOIxnxCe3B_2ASuI-K6Z8SJ-VqKfzRTPmTYCvEc1OQ2_kCChg9vAnpscSdI7uOc1ZHW-TLoHQfxDL5YfQlxCfpwn&ppt=sp&ppn=sp&ssid=pwnzwl4e8w0000001784730928669&qH=312f91285e048e09&ov_redirect=true,Intel Core i3 Processor (13th Gen) | 8 GB LPDDR4X RAM | 64 bit Windows 11 Operating System | 512 GB SSD | 39.62 cm (15.6 Inch) Display | 1 Year Onsite Warranty
3,5,"ASUS Vivobook 15 (2026) with Office 2024 + M365 Basic*, AMD Ryzen 5 Hexa Core 150 - (16 GB/512 GB SSD/...","₹64,990",4.5,113 Ratings,https://rukminim2.flixcart.com/image/312/312/xif0q/computer/z/d/e/-original-imahknwxyryqdsfq.jpeg?q=70,https://www.flipkart.com/asus-vivobook-15-2026-office-2024-m365-basic-amd-ryzen-5-hexa-core-150-16-gb-512-gb-ssd-windows-11-home-m1502naq-bq118ws-thin-light-laptop/p/itm194545ff7b206?pid=COMHKDXB5DD3ARYM&lid=LSTCOMHKDXB5DD3ARYMIU2AJX&marketplace=FLIPKART&q=laptop&store=6bo%2Fb5g&srno=s_3_53&otracker=search&fm=organic&iid=27ed236b-3426-42e2-a9ba-7ba53609e119.COMHKDXB5DD3ARYM.SEARCH&ppt=sp&ppn=sp&ssid=pwnzwl4e8w0000001784730928669&qH=312f91285e048e09&ov_redirect=true,"AMD Ryzen 5 Hexa Core Processor | 16 GB DDR5 RAM | Windows 11 Home Operating System | 512 GB SSD | 39.62 cm (15.6 inch) Display | MSO 2024 for lifetime + Microsoft 365 Basic with 100GB Cloud Storage for 1 Year, One-Month Membership of Adobe Creative Cloud All Apps, McAfee 1 year | 1 Year Onsite Warranty"
3,6,Currently unavailable,Not Found,4.1,758 Ratings,https://rukminim2.flixcart.com/image/312/312/xif0q/computer/6/j/d/255-g10-thin-and-light-laptop-hp-original-imahfbzaghyxz8xh.jpeg?q=70,https://www.flipkart.com/hp-255-g10-2025-amd-ryzen-7-octa-core-7730u-16-gb-512-gb-ssd-windows-11-home-thin-light-laptop/p/itmf172b414a55c6?pid=COMHFBNTHHWGNG37&q=laptop&store=6bo%2Fb5g&srno=s_3_54&otracker=search&fm=organic&iid=27ed236b-3426-42e2-a9ba-7ba53609e119.COMHFBNTHHWGNG37.SEARCH&ppt=sp&ppn=sp&ssid=pwnzwl4e8w0000001784730928669&qH=312f91285e048e09&ov_redirect=true,AMD Ryzen 7 Octa Core Processor | 16 GB DDR4 RAM | Windows 11 Home Operating System | 512 GB SSD | 39.62 cm (15.6 Inch) Display | Windows 11 | 1 Year Onsite Warranty
3,7,Lenovo IdeaPad Slim 1 AMD Ryzen 5 Hexa Core 5500U - (16 GB/512 GB SSD/Windows 11 Home) 15ALC7 / 15ALC6...,"₹33,990",4.2,"7,228 Ratings",https://rukminim2.flixcart.com/image/312/312/xif0q/computer/m/o/u/-enriched-transparent-original-imahg5fxhyfzpqwy.png?q=70,https://www.flipkart.com/lenovo-ideapad-slim-1-amd-ryzen-5-hexa-core-5500u-16-gb-512-gb-ssd-windows-11-home-15alc7-15alc6-thin-light-laptop/p/itm3680fb576eb7b?pid=COMGN2YDSFGGXYG3&lid=LSTCOMGN2YDSFGGXYG3MJBCRU&marketplace=FLIPKART&q=laptop&store=6bo%2Fb5g&srno=s_3_55&otracker=search&fm=organic&iid=27ed236b-3426-42e2-a9ba-7ba53609e119.COMGN2YDSFGGXYG3.SEARCH&ppt=sp&ppn=sp&ssid=pwnzwl4e8w0000001784730928669&qH=312f91285e048e09&ov_redirect=true,AMD Ryzen 5 Hexa Core Processor | 16 GB DDR4 RAM | 64 bit Windows 11 Operating System | 512 GB SSD | 39.62 cm (15.6 Inch) Display | Microsoft Office Home & Student 2021 | 1 Year Onsite Warranty
3,8,"ASUS Vivobook 14 (2025) with Office 2024 + M365 Basic*, Backlit Keyboard, Intel Core i3 13th Gen 1315U...","₹48,990",4.3,"3,115 Ratings",https://rukminim2.flixcart.com/image/312/312/xif0q/computer/u/u/d/-original-imahfcztzmftpy9u.jpeg?q=70,https://www.flipkart.com/asus-vivobook-14-2025-office-2024-m365-basic-backlit-keyboard-intel-core-i3-13th-gen-1315u-8-gb-512-gb-ssd-windows-11-home-x1404va-eb321ws-thin-light-laptop/p/itm86b2575a66c73?pid=COMHEZZTACFZCGWF&lid=LSTCOMHEZZTACFZCGWFFCUHCO&marketplace=FLIPKART&q=laptop&store=6bo%2Fb5g&srno=s_3_56&otracker=search&fm=organic&iid=27ed236b-3426-42e2-a9ba-7ba53609e119.COMHEZZTACFZCGWF.SEARCH&ppt=sp&ppn=sp&ssid=pwnzwl4e8w0000001784730928669&qH=312f91285e048e09&ov_redirect=true,"Intel Core i3 Processor (13th Gen) | 8 GB DDR4 RAM | Windows 11 Home Operating System | 512 GB SSD | 35.56 cm (14 Inch) Display | Microsoft Office Home 2024 (Lifetime Validity ) + Microsoft 365 Basic*(1-Year Validity), One-Month Membership of Adobe Creative Cloud All Apps, McAfee 1 year | 1 Year Onsite Warranty"
3,9,HP Omnibook 3 2K WUXGA Snapdragon X - (16 GB/512 GB SSD/Windows 11 Home) Omnibook 3 14-hz0024QU Laptop,"₹72,990",4.1,11 Ratings,https://rukminim2.flixcart.com/image/312/312/xif0q/computer/u/e/9/-original-imahzvfcsqpynrcd.jpeg?q=70,https://www.flipkart.com/hp-omnibook-3-2k-wuxga-snapdragon-x-16-gb-512-gb-ssd-windows-11-home-14-hz0024qu-laptop/p/itmbd5346cd09abc?pid=COMHZGK2ACSECZB5&lid=LSTCOMHZGK2ACSECZB52ALLPO&marketplace=FLIPKART&q=laptop&store=6bo%2Fb5g&srno=s_3_57&otracker=search&fm=organic&iid=en_Ic5ziquTi-xyo-USlwrd3m-2BOSV46O3FrVLU6XavOKLzp0S-m-Mb3Fs1eOq-DBOQDaMOpjaAqIhVlr2eDOqkK8WMJxc_eOD3pdFe_35DQW-TLoHQfxDL5YfQlxCfpwn&ppt=sp&ppn=sp&ssid=pwnzwl4e8w0000001784730928669&qH=312f91285e048e09&ov_redirect=true,Snapdragon X Processor | 16 GB LPDDR5X RAM | Windows 11 Home Operating System | 512 GB SSD | 35.56 cm (14 inch) Display | MS Office Home 2024 | 1 Year Onsite Service
3,10,HP 15 (i5 14th Gen) Intel Core 5 120U - (24 GB/512 GB SSD/Windows 11 Home) 15-fd0262TU Thin and Light ...,"₹82,990",4.2,195 Ratings,https://rukminim2.flixcart.com/image/312/312/xif0q/computer/z/i/b/-original-imahzu4rwxnezv9x.jpeg?q=70,https://www.flipkart.com/hp-15-i5-14th-gen-intel-core-5-120u-24-gb-512-gb-ssd-windows-11-home-15-fd0262tu-thin-light-laptop/p/itm027a3317f4ff9?pid=COMHM94A7PHVCQT7&lid=LSTCOMHM94A7PHVCQT7QTPOH7&marketplace=FLIPKART&q=laptop&store=6bo%2Fb5g&srno=s_3_58&otracker=search&fm=organic&iid=en_Ic5ziquTi-xyo-USlwrd3m-2BOSV46O3FrVLU6XavOJFoyoIt7H7THmGYyOdQ9fSajNODExQ3AD2YwLVEpFEnHQxmIaeT1eVU6lHR1JOxyC-TLoHQfxDL5YfQlxCfpwn&ppt=sp&ppn=sp&ssid=pwnzwl4e8w0000001784730928669&qH=312f91285e048e09&ov_redirect=true,Intel Core 5 Processor | 24 GB DDR5 RAM | Windows 11 Home Operating System | 512 GB SSD | 39.62 cm (15.6 inch) Display | Microsoft Office Home 2024 (Lifetime Validity ) + Microsoft 365(1-Year Validity) | 1 Year Onsite Service
3,11,ASUS Expertbook P3 Metal High-performance processor with 1 Yr ADP Intel Core i5 13th Gen 13420H - (16 ...,"₹67,990",4.4,684 Ratings,https://rukminim2.flixcart.com/image/312/312/xif0q/computer/8/v/f/-original-imahg52nyvh4qnzt.jpeg?q=70,https://www.flipkart.com/asus-expertbook-p3-metal-high-performance-processor-1-yr-adp-intel-core-i5-13th-gen-13420h-16-gb-512-gb-ssd-windows-11-home-p3405cva-ly0015ws-thin-light-laptop/p/itm09459c3a8fab7?pid=COMHB7VNHHRQYPFJ&lid=LSTCOMHB7VNHHRQYPFJ6FCSRI&marketplace=FLIPKART&q=laptop&store=6bo%2Fb5g&srno=s_3_59&otracker=search&fm=organic&iid=27ed236b-3426-42e2-a9ba-7ba53609e119.COMHB7VNHHRQYPFJ.SEARCH&ppt=sp&ppn=sp&ssid=pwnzwl4e8w0000001784730928669&qH=312f91285e048e09&ov_redirect=true,"Intel Core i5 Processor (13th Gen) | 16 GB DDR5 RAM | Windows 11 Home Operating System | 512 GB SSD | 35.56 cm (14 Inch) Display | Included Software- Microsoft Office Home 2024(includes Word, Excel, PowerPoint, and OneNote) (Lifetime Validity ) + Microsoft 365 Basic*(1-Year Validity), McAfee+TM Premium (1 year Validity) | 1 Year Onsite Warranty"
3,12,HP 255R G10 (2026) Professional DDR5 5600Mhz AMD Ryzen 5 Hexa Core - (8 GB/512 GB SSD/Windows 11 Pro) ...,"₹55,991",4.5,23 Ratings,https://rukminim2.flixcart.com/image/312/312/xif0q/computer/m/9/q/255r-g10-thin-and-light-laptop-hp-original-imahktbzygaam644.jpeg?q=70,https://www.flipkart.com/hp-255r-g10-2026-professional-ddr5-5600mhz-amd-ryzen-5-hexa-core-8-gb-512-gb-ssd-windows-11-pro-thin-light-laptop/p/itmf384f3e0e52b8?pid=COMHKTC35EHGQYEG&lid=LSTCOMHKTC35EHGQYEGHJDIF9&marketplace=FLIPKART&q=laptop&store=6bo%2Fb5g&srno=s_3_60&otracker=search&fm=organic&iid=27ed236b-3426-42e2-a9ba-7ba53609e119.COMHKTC35EHGQYEG.SEARCH&ppt=sp&ppn=sp&ssid=pwnzwl4e8w0000001784730928669&qH=312f91285e048e09&ov_redirect=true,"AMD Ryzen 5 Hexa Core Processor | 8 GB DDR5 RAM | 64 bit Windows 11 Operating System | 512 GB SSD | 39.62 cm (15.6 Inch) Display | Microsoft Office 2021, Windows 11 Pro | 1 Year"
3,13,DELL 15 (Previouly Inspiron) AMD Ryzen 5 Quad Core 7520U - (8 GB/512 GB SSD/Windows 11 Home) DC15255 T...,"₹57,990",4.5,6 Ratings,https://rukminim2.flixcart.com/image/312/312/xif0q/computer/m/x/0/-original-imahzv9agugnddrg.jpeg?q=70,https://www.flipkart.com/dell-15-previouly-inspiron-amd-ryzen-5-quad-core-7520u-8-gb-512-gb-ssd-windows-11-home-dc15255-thin-light-laptop/p/itmb80bb4e819164?pid=COMHDXXUHGDCHMQX&lid=LSTCOMHDXXUHGDCHMQXUEUE9X&marketplace=FLIPKART&q=laptop&store=6bo%2Fb5g&srno=s_3_61&otracker=search&fm=organic&iid=en_Ic5ziquTi-xyo-USlwrd3m-2BOSV46O3FrVLU6XavOL0xi9W1chYdgCeP7THFmtqKS7KjhXWMehRCKPAR7kLICmyONG8u9GUv-mVZHUzBoy-TLoHQfxDL5YfQlxCfpwn&ppt=sp&ppn=sp&ssid=pwnzwl4e8w0000001784730928669&qH=312f91285e048e09&ov_redirect=true,AMD Ryzen 5 Quad Core Processor | 8 GB LPDDR5 RAM | Windows 11 Operating System | 512 GB SSD | 38.1 cm (15 Inch) Display | 1 Year Onsite Warranty
3,14,HP 14 AI PC Intel Core Ultra 7 155H - (16 GB/1 TB SSD/Windows 11 Home) 14-ep1152TU Thin and Light Lapt...,"₹85,990",4.1,790 Ratings,https://rukminim2.flixcart.com/image/312/312/xif0q/computer/a/h/z/-original-imahgh9exfmtg44y.jpeg?q=70,https://www.flipkart.com/hp-14-ai-pc-intel-core-ultra-7-155h-16-gb-1-tb-ssd-windows-11-home-14-ep1152tu-thin-light-laptop/p/itm448874079369f?pid=COMHG98EXZ3AJYZN&lid=LSTCOMHG98EXZ3AJYZNODD67U&marketplace=FLIPKART&q=laptop&store=6bo%2Fb5g&srno=s_3_62&otracker=search&fm=organic&iid=en_Ic5ziquTi-xyo-USlwrd3m-2BOSV46O3FrVLU6XavOIiRGpK13NQPugZhDZNb8MCn9sG8qIKSbGwDcGdLV_LgSGkgDYpheMzpTOfbcb9jJoVe_jrbeVzH2yfk9h1CsZJ&ppt=sp&ppn=sp&ssid=pwnzwl4e8w0000001784730928669&qH=312f91285e048e09&ov_redirect=true,Intel Core Ultra 7 Processor | 16 GB DDR5 RAM | Windows 11 Home Operating System | 1 TB SSD | 35.56 cm (14 Inch) Display | 1 Year Onsite Warranty
3,15,ASUS Vivobook 16 (2025) with Office 2024 + M365 Basic* Intel Core i5 13th Gen 13420H - (16 GB/512 GB S...,"₹64,990",4.4,302 Ratings,https://rukminim2.flixcart.com/image/312/312/xif0q/computer/c/h/9/-original-imah43farzvmfftc.jpeg?q=70,https://www.flipkart.com/asus-vivobook-16-2025-office-2024-m365-basic-intel-core-i5-13th-gen-13420h-16-gb-512-gb-ssd-windows-11-home-x1605va-mb1627ws-thin-light-laptop/p/itmd74674c1c830b?pid=COMH9SJ9CF9DSGXF&lid=LSTCOMH9SJ9CF9DSGXF8IEPGJ&marketplace=FLIPKART&q=laptop&store=6bo%2Fb5g&srno=s_3_63&otracker=search&fm=organic&iid=27ed236b-3426-42e2-a9ba-7ba53609e119.COMH9SJ9CF9DSGXF.SEARCH&ppt=sp&ppn=sp&ssid=pwnzwl4e8w0000001784730928669&qH=312f91285e048e09&ov_redirect=true,"Intel Core i5 Processor (13th Gen) | 16 GB DDR4 RAM | Windows 11 Home Operating System | 512 GB SSD | 40.64 cm (16 Inch) Display | Microsoft Office Home 2024 (Lifetime Validity ) + Microsoft 365 Basic*(1-Year Validity), McAfee 1 year | 1 Year Onsite Warranty"
3,16,"HP Professional 14, Intel Core i5 13th Gen 1334U - (16 GB/512 GB SSD/Windows 11 Pro) 240 G10 Thin and ...","₹69,990",4.4,59 Ratings,https://rukminim2.flixcart.com/image/312/312/xif0q/computer/m/6/x/professional-14-thin-and-light-laptop-hp-original-imahdms7b5garv5q.jpeg?q=70,https://www.flipkart.com/hp-professional-14-intel-core-i5-13th-gen-1334u-16-gb-512-gb-ssd-windows-11-pro-240-g10-thin-light-laptop/p/itm84e8fe2d61b08?pid=COMHF8AFGVQEABHR&lid=LSTCOMHF8AFGVQEABHR23UT18&marketplace=FLIPKART&q=laptop&store=6bo%2Fb5g&srno=s_3_64&otracker=search&fm=organic&iid=27ed236b-3426-42e2-a9ba-7ba53609e119.COMHF8AFGVQEABHR.SEARCH&ppt=sp&ppn=sp&ssid=pwnzwl4e8w0000001784730928669&qH=312f91285e048e09&ov_redirect=true,Intel Core i5 Processor (13th Gen) | 16 GB DDR4X RAM | 64 bit Windows 11 Operating System | 512 GB SSD | 35.56 cm (14 Inch) Display | MS OFFICE | 1-Year(DOMESTIC)
3,17,DELL 14 Next Gen AI PC Microsoft Office Home 2024 Intel Core Ultra 5 226V - (16 GB/512 GB SSD/Windows ...,"₹91,390",4.5,64 Ratings,https://rukminim2.flixcart.com/image/312/312/xif0q/computer/e/k/c/-original-imahgx8wzw8hphzh.jpeg?q=70,https://www.flipkart.com/dell-14-next-gen-ai-pc-microsoft-office-home-2024-intel-core-ultra-5-226v-16-gb-512-gb-ssd-windows-11-home-db14250-plus-2-1-db04250-thin-light-laptop/p/itmd5a3fea5e96f8?pid=COMHDGD5HGDVUX9R&lid=LSTCOMHDGD5HGDVUX9RPSVW5T&marketplace=FLIPKART&q=laptop&store=6bo%2Fb5g&srno=s_3_65&otracker=search&fm=organic&iid=27ed236b-3426-42e2-a9ba-7ba53609e119.COMHDGD5HGDVUX9R.SEARCH&ppt=sp&ppn=sp&ssid=pwnzwl4e8w0000001784730928669&qH=312f91285e048e09&ov_redirect=true,Intel Core Ultra 5 Processor | 16 GB LPDDR5X RAM | Windows 11 Operating System | 512 GB SSD | 35.56 cm (14 Inch) Touchscreen Display | Microsoft Office Home 2024 | Dell Support Assist | 1 Year Onsite Warranty
3,18,Acer Swift Neo Office 2024 + M365 Basic Intel Core Ultra 5 115U - (16 GB/1 TB SSD/Windows 11 Home) SFN...,"₹60,990",4.1,714 Ratings,https://rukminim2.flixcart.com/image/312/312/xif0q/computer/s/b/k/-original-imahgx8wgfmtt9ky.jpeg?q=70,https://www.flipkart.com/acer-swift-neo-office-2024-m365-basic-intel-core-ultra-5-115u-16-gb-1-tb-ssd-windows-11-home-sfn14-54h-thin-light-laptop/p/itm6985fa8acc1b8?pid=COMHFCR6SKGHBN4V&lid=LSTCOMHFCR6SKGHBN4VDWORVQ&marketplace=FLIPKART&q=laptop&store=6bo%2Fb5g&srno=s_3_66&otracker=search&fm=organic&iid=27ed236b-3426-42e2-a9ba-7ba53609e119.COMHFCR6SKGHBN4V.SEARCH&ppt=sp&ppn=sp&ssid=pwnzwl4e8w0000001784730928669&qH=312f91285e048e09&ov_redirect=true,Intel Core Ultra 5 Processor | 16 GB LPDDR5 RAM | 64 bit Windows 11 Home Operating System | 1 TB SSD | 35.56 cm (14 Inch) Display | 1 Year Warranty
3,19,HP 14 AI PC Intel Core Ultra 7 155H - (16 GB/512 GB SSD/Windows 11 Home) 14-ep1151TU/14-gr1036TU/14-ep...,"₹79,990",4.1,790 Ratings,https://rukminim2.flixcart.com/image/312/312/xif0q/computer/o/9/k/-original-imahgry8nwkejmae.jpeg?q=70,https://www.flipkart.com/hp-14-ai-pc-intel-core-ultra-7-155h-16-gb-512-gb-ssd-windows-11-home-14-ep1151tu-14-gr1036tu-14-ep1151tu-thin-light-laptop/p/itm4c681812b88bf?pid=COMHF8G932EYZAJF&lid=LSTCOMHF8G932EYZAJFOUI9CA&marketplace=FLIPKART&q=laptop&store=6bo%2Fb5g&srno=s_3_67&otracker=search&fm=organic&iid=en_Ic5ziquTi-xyo-USlwrd3m-2BOSV46O3FrVLU6XavOI9796R8Ovb5PBLwN9GuvJN3zzcGhlXkGO1hWP1UU6KY6U4JGq2qGfuCYjFJWjKqlQVe_jrbeVzH2yfk9h1CsZJ&ppt=sp&ppn=sp&ssid=pwnzwl4e8w0000001784730928669&qH=312f91285e048e09&ov_redirect=true,Intel Core Ultra 7 Processor | 16 GB DDR5 RAM | Windows 11 Home Operating System | 512 GB SSD | 35.56 cm (14 Inch) Display | 1 Year Onsite Warranty
3,20,Samsung Galaxy Book5 AI Metal Intel Core Ultra 7 255U - (16 GB/512 GB SSD/Windows 11 Home) NP750XHD Th...,"₹91,990",4.6,463 Ratings,https://rukminim2.flixcart.com/image/312/312/xif0q/computer/0/2/e/-original-imahzcf3jkkjkhgc.jpeg?q=70,https://www.flipkart.com/samsung-galaxy-book5-ai-metal-intel-core-ultra-7-255u-16-gb-512-gb-ssd-windows-11-home-np750xhd-thin-light-laptop/p/itma9c081cdbe95d?pid=COMHE4ATBCUTGUYT&lid=LSTCOMHE4ATBCUTGUYTJZ7NHN&marketplace=FLIPKART&q=laptop&store=6bo%2Fb5g&srno=s_3_68&otracker=search&fm=organic&iid=en_Ic5ziquTi-xyo-USlwrd3m-2BOSV46O3FrVLU6XavOIOLlMv27Fl8ry48mOqyU25_54vlUw9QAlUFlRYR6QtY-UBYPBIqgZE3mSuDz4Hsbm-TLoHQfxDL5YfQlxCfpwn&ppt=sp&ppn=sp&ssid=pwnzwl4e8w0000001784730928669&qH=312f91285e048e09&ov_redirect=true,Intel Core Ultra 7 Processor | 16 GB LPDDR5X RAM | 64 bit Windows 11 Operating System | 512 GB SSD | 39.62 cm (15.6 Inch) Display | MS Office Home and Student 2024 | 1 Year Manufacturer Warranty for Laptop and 6 Months for In-Box Accessories
3,21,HP Omnibook 3 with Backlit Keyboard AMD Ryzen AI 5 Quad Core - (24 GB/1 TB SSD/Windows 11 Home) 15-fn0...,"₹75,990",4.3,24 Ratings,https://rukminim2.flixcart.com/image/312/312/xif0q/computer/l/6/k/-original-imahkr4vhhskzqcm.jpeg?q=70,https://www.flipkart.com/hp-omnibook-3-backlit-keyboard-amd-ryzen-ai-5-quad-core-24-gb-1-tb-ssd-windows-11-home-15-fn0074au-thin-light-laptop/p/itmd94bf8129a01f?pid=COMHKBVVTE6KT5HH&lid=LSTCOMHKBVVTE6KT5HHYTYNCQ&marketplace=FLIPKART&q=laptop&store=6bo%2Fb5g&srno=s_3_69&otracker=search&fm=organic&iid=27ed236b-3426-42e2-a9ba-7ba53609e119.COMHKBVVTE6KT5HH.SEARCH&ppt=sp&ppn=sp&ssid=pwnzwl4e8w0000001784730928669&qH=312f91285e048e09&ov_redirect=true,AMD Ryzen AI 5 Quad Core Processor | 24 GB DDR5 RAM | Windows 11 Operating System | 1 TB SSD | 39.62 cm (15.6 inch) Display | MS Office Home 2024 + MISC PC Game Pass DA 3M | 1 Year Onsite Service
3,22,Samsung Galaxy Book4 Metal Intel Core i5 13th Gen 1335U - (8 GB/512 GB SSD/Windows 11 Home) NP750XGJ-K...,"₹56,990",4.4,"19,735 Ratings",https://rukminim2.flixcart.com/image/312/312/xif0q/computer/k/t/y/-enriched-transparent-original-imahg53xspmfrsdd.png?q=70,https://www.flipkart.com/samsung-galaxy-book4-metal-intel-core-i5-13th-gen-1335u-8-gb-512-gb-ssd-windows-11-home-np750xgj-kg1in-np750xgj-lg1in-np750xgj-lg6in-thin-light-laptop/p/itm1df5212efb9fc?pid=COMGZUYDFZXHWYWZ&lid=LSTCOMGZUYDFZXHWYWZJ6V2KW&marketplace=FLIPKART&q=laptop&store=6bo%2Fb5g&srno=s_3_70&otracker=search&fm=organic&iid=27ed236b-3426-42e2-a9ba-7ba53609e119.COMGZUYDFZXHWYWZ.SEARCH&ppt=sp&ppn=sp&ssid=pwnzwl4e8w0000001784730928669&qH=312f91285e048e09&ov_redirect=true,Intel Core i5 Processor (13th Gen) | 8 GB LPDDR4X RAM | 64 bit Windows 11 Operating System | 512 GB SSD | 39.62 cm (15.6 Inch) Display | 1 Year Manufacturer Warranty for Laptop and 6 Months for In-Box Accessories
3,23,Samsung Galaxy Book5 AI Metal Intel Core Ultra 5 225U - (16 GB/512 GB SSD/Windows 11 Home) NP750XHD Th...,"₹84,990",4.6,837 Ratings,https://rukminim2.flixcart.com/image/312/312/xif0q/computer/0/2/e/-original-imahzcf3jkkjkhgc.jpeg?q=70,https://www.flipkart.com/samsung-galaxy-book5-ai-metal-intel-core-ultra-5-225u-16-gb-512-gb-ssd-windows-11-home-np750xhd-thin-light-laptop/p/itmc33d2563d0ffc?pid=COMHE4ATPCZ9FXRP&lid=LSTCOMHE4ATPCZ9FXRP7N1GVG&marketplace=FLIPKART&q=laptop&store=6bo%2Fb5g&srno=s_3_71&otracker=search&fm=organic&iid=en_Ic5ziquTi-xyo-USlwrd3m-2BOSV46O3FrVLU6XavOK6DgkDTh3J7hVFjqO_apxC3WHJiuMjlX0EHxFVCjPkycH5LP6GMXD1iSKF2pPmS-S-TLoHQfxDL5YfQlxCfpwn&ppt=sp&ppn=sp&ssid=pwnzwl4e8w0000001784730928669&qH=312f91285e048e09&ov_redirect=true,Intel Core Ultra 5 Processor | 16 GB LPDDR5X RAM | 64 bit Windows 11 Operating System | 512 GB SSD | 39.62 cm (15.6 Inch) Display | MS Office Home and Student 2024 | 1 Year Manufacturer Warranty for Laptop and 6 Months for In-Box Accessories
3,24,HP OMEN AI AMD Ryzen AI 7 Octa Core AI 7 350 - (24 GB/1 TB SSD/Windows 11 Home/8 GB Graphics/NVIDIA Ge...,"₹1,34,990",4.5,112 Ratings,https://rukminim2.flixcart.com/image/312/312/xif0q/computer/1/a/f/-original-imahgfdy8czyaypq.jpeg?q=70,https://www.flipkart.com/hp-omen-ai-amd-ryzen-7-octa-core-350-24-gb-1-tb-ssd-windows-11-home-8-gb-graphics-nvidia-geforce-rtx-5050-16-ap0165ax-gaming-laptop/p/itm5661c90728083?pid=COMHEHHXKFQSABXZ&lid=LSTCOMHEHHXKFQSABXZEF3JCN&marketplace=FLIPKART&q=laptop&store=6bo%2Fb5g&srno=s_3_72&otracker=search&fm=organic&iid=en_Ic5ziquTi-xyo-USlwrd3m-2BOSV46O3FrVLU6XavOJzg4pfqEl472F3f4nhNZN7St8s0FwzStmVNuDw0YIb7vRQYaQqNgqexXd2bqUccoKeDmOW2Dpg1Y9Sllr_kzbl&ppt=sp&ppn=sp&ssid=pwnzwl4e8w0000001784730928669&qH=312f91285e048e09&ov_redirect=true,AMD Ryzen AI 7 Octa Core Processor | 24 GB DDR5 RAM | Windows 11 Home Operating System | 1 TB SSD | 40.64 cm (16 Inch) Display | 1 Year Onsite Warranty
4,1,Acer Nitro V 15 Intel Core i5 13th Gen 13420H - (16 GB/512 GB SSD/Windows 11 Home/8 GB Graphics/NVIDIA...,"₹1,06,990",4.2,359 Ratings,https://rukminim2.flixcart.com/image/312/312/xif0q/computer/s/c/i/-original-imahfnt2naqhqghq.jpeg?q=70,https://www.flipkart.com/acer-nitro-v-15-intel-core-i5-13th-gen-13420h-16-gb-512-gb-ssd-windows-11-home-8-graphics-nvidia-geforce-rtx-5050-anv15-52-gaming-laptop/p/itm9e214d20dd479?pid=COMHF8KZGUMD7GHG&lid=LSTCOMHF8KZGUMD7GHGBONZPK&marketplace=FLIPKART&q=laptop&store=6bo%2Fb5g&srno=s_4_73&otracker=search&fm=organic&iid=e0efea9a-4663-49de-a5e8-ea6d3b1482a8.COMHF8KZGUMD7GHG.SEARCH&ppt=sp&ppn=sp&ssid=1d4ec7svgw0000001784730934267&qH=312f91285e048e09&ov_redirect=true,Intel Core i5 Processor (13th Gen) | 16 GB DDR4 RAM | 64 bit Windows 11 Home Operating System | 512 GB SSD | 39.62 cm (15.6 Inch) Display | 1 Year Warranty
4,2,HP Chromebook (TouchScreen) MediaTek Kompanio 540 - (4 GB/128 GB SSD/Chrome OS) Chromebook 14a-nm0006M...,"₹39,990",3.8,11 Ratings,https://rukminim2.flixcart.com/image/312/312/xif0q/computer/v/e/3/-original-imahzvzfebabek92.jpeg?q=70,https://www.flipkart.com/hp-chromebook-touchscreen-mediatek-kompanio-540-4-gb-128-gb-ssd-chrome-os-14a-nm0006mu/p/itm65d2dcd4929ef?pid=COMHMXAHWDXHHDB2&lid=LSTCOMHMXAHWDXHHDB2DLO7VN&marketplace=FLIPKART&q=laptop&store=6bo%2Fb5g&srno=s_4_74&otracker=search&fm=organic&iid=e0efea9a-4663-49de-a5e8-ea6d3b1482a8.COMHMXAHWDXHHDB2.SEARCH&ppt=sp&ppn=sp&ssid=1d4ec7svgw0000001784730934267&qH=312f91285e048e09&ov_redirect=true,MediaTek MediaTek Kompanio 540 Processor | 4 GB LPDDR5 RAM | Chrome Operating System | 128 GB SSD | 35.56 cm (14 inch) Touchscreen Display | 1 Year Onsite Service
4,3,"ASUS Vivobook 15, with Backlit Keyboard, Intel Core i3 13th Gen 1315U - (16 GB/512 GB SSD/Windows 11 H...","₹54,790",4.3,"3,115 Ratings",https://rukminim2.flixcart.com/image/312/312/xif0q/computer/y/k/g/-original-imahg5fyefftefqt.jpeg?q=70,https://www.flipkart.com/asus-vivobook-15-backlit-keyboard-intel-core-i3-13th-gen-1315u-16-gb-512-gb-ssd-windows-11-home-x1504va-nj2325ws-x1504va-bq342ws-thin-light-laptop/p/itmb44a032e58491?pid=COMH9499CDEZTNHX&lid=LSTCOMH9499CDEZTNHX71LGZJ&marketplace=FLIPKART&q=laptop&store=6bo%2Fb5g&srno=s_4_75&otracker=search&fm=organic&iid=e0efea9a-4663-49de-a5e8-ea6d3b1482a8.COMH9499CDEZTNHX.SEARCH&ppt=sp&ppn=sp&ssid=1d4ec7svgw0000001784730934267&qH=312f91285e048e09&ov_redirect=true,Intel Core i3 Processor (13th Gen) | 16 GB DDR4 RAM | Windows 11 Home Operating System | 512 GB SSD | 39.62 cm (15.6 Inch) Display | Microsoft Office Home 2024 + Microsoft 365 Basic | 1 Year Onsite Warranty
4,4,Lenovo Ideapad Intel Core i5 12th Gen 12450H - (16 GB/512 GB SSD/Windows 11 Home/4 GB Graphics) 15IAH8...,"₹69,980",4.1,153 Ratings,https://rukminim2.flixcart.com/image/312/312/xif0q/computer/z/p/f/-original-imahex3uzm8x2gsk.jpeg?q=70,https://www.flipkart.com/lenovo-ideapad-intel-core-i5-12th-gen-12450h-16-gb-512-gb-ssd-windows-11-home-4-graphics-15iah8-thin-light-laptop/p/itm76f0e5d975817?pid=COMGYSFGJKSCNDDC&lid=LSTCOMGYSFGJKSCNDDCDTHDSB&marketplace=FLIPKART&q=laptop&store=6bo%2Fb5g&srno=s_4_76&otracker=search&fm=organic&iid=e0efea9a-4663-49de-a5e8-ea6d3b1482a8.COMGYSFGJKSCNDDC.SEARCH&ppt=sp&ppn=sp&ssid=1d4ec7svgw0000001784730934267&qH=312f91285e048e09&ov_redirect=true,Intel Core i5 Processor (12th Gen) | 16 GB LPDDR5 RAM | Windows 11 Operating System | 512 GB SSD | 39.62 cm (15.6 Inch) Display | Office Home & Student 2021 | 1 Yr. Onsite + 1 Yr. Accidental Damage Protection
4,5,Samsung Galaxy Book4 Metal Intel Core i5 13th Gen 1335U - (8 GB/512 GB SSD/Windows 11 Home) NP750XGJ-K...,"₹56,990",4.4,"19,735 Ratings",https://rukminim2.flixcart.com/image/312/312/xif0q/computer/k/t/y/-enriched-transparent-original-imahg53xspmfrsdd.png?q=70,https://www.flipkart.com/samsung-galaxy-book4-metal-intel-core-i5-13th-gen-1335u-8-gb-512-gb-ssd-windows-11-home-np750xgj-kg1in-np750xgj-lg1in-np750xgj-lg6in-thin-light-laptop/p/itm1df5212efb9fc?pid=COMGZUYDFZXHWYWZ&lid=LSTCOMGZUYDFZXHWYWZJ6V2KW&marketplace=FLIPKART&q=laptop&store=6bo%2Fb5g&srno=s_4_77&otracker=search&fm=organic&iid=en_ESPhaKoXAdh25geYsa_tIlCnMNIjI1NOCfXEf1RsOIRXB-r9QENR9wJdq9M_kRcesfGME0kkMQMICwGxasfmZSpiZoP3ZcDDMuaOuWFYumN5NLWBY6SdUwYuFeibLPTi&ppt=sp&ppn=sp&ssid=1d4ec7svgw0000001784730934267&qH=312f91285e048e09&ov_redirect=true,Intel Core i5 Processor (13th Gen) | 8 GB LPDDR4X RAM | 64 bit Windows 11 Operating System | 512 GB SSD | 39.62 cm (15.6 Inch) Display | 1 Year Manufacturer Warranty for Laptop and 6 Months for In-Box Accessories
4,6,Samsung Galaxy Book4 Metal Intel Core i3 13th Gen 1315U - (8 GB/512 GB SSD/Windows 11 Home) NP750XGJ-L...,"₹57,490",4.4,"10,670 Ratings",https://rukminim2.flixcart.com/image/312/312/xif0q/computer/q/k/o/-enriched-transparent-original-imahg53xmzmtsynn.png?q=70,https://www.flipkart.com/samsung-galaxy-book4-metal-intel-core-i3-13th-gen-1315u-8-gb-512-gb-ssd-windows-11-home-np750xgj-lg9in-thin-light-laptop/p/itmc29d559898e6f?pid=COMH4Y6KKRC9YSWE&lid=LSTCOMH4Y6KKRC9YSWERDUMZD&marketplace=FLIPKART&q=laptop&store=6bo%2Fb5g&srno=s_4_78&otracker=search&fm=organic&iid=en_ESPhaKoXAdh25geYsa_tIlCnMNIjI1NOCfXEf1RsOITky5Bw01wuOZOhW7KzqL_xVqKfzRTPmTYCvEc1OQ2_kCChg9vAnpscSdI7uOc1ZHV5NLWBY6SdUwYuFeibLPTi&ppt=sp&ppn=sp&ssid=1d4ec7svgw0000001784730934267&qH=312f91285e048e09&ov_redirect=true,Intel Core i3 Processor (13th Gen) | 8 GB LPDDR4X RAM | 64 bit Windows 11 Operating System | 512 GB SSD | 39.62 cm (15.6 Inch) Display | 1 Year Onsite Warranty
4,7,Acer Swift Neo Office 2024 + M365 Basic Intel Core Ultra 7 155U - (16 GB/512 GB SSD/Windows 11 Home) S...,"₹65,990",4.1,314 Ratings,https://rukminim2.flixcart.com/image/312/312/xif0q/computer/7/l/a/-original-imahgx8wtvrqhczr.jpeg?q=70,https://www.flipkart.com/acer-swift-neo-office-2024-m365-basic-intel-core-ultra-7-155u-16-gb-512-gb-ssd-windows-11-home-sfn14-54h-thin-light-laptop/p/itm84801184d63e1?pid=COMHDZRBCFZZGBWR&lid=LSTCOMHDZRBCFZZGBWRRHFLX5&marketplace=FLIPKART&q=laptop&store=6bo%2Fb5g&srno=s_4_79&otracker=search&fm=organic&iid=e0efea9a-4663-49de-a5e8-ea6d3b1482a8.COMHDZRBCFZZGBWR.SEARCH&ppt=sp&ppn=sp&ssid=1d4ec7svgw0000001784730934267&qH=312f91285e048e09&ov_redirect=true,Intel Core Ultra 7 Processor | 16 GB LPDDR5 RAM | 64 bit Windows 11 Home Operating System | 512 GB SSD | 35.56 cm (14 Inch) Display | 1 Year Warranty
4,8,Acer Aspire Lite Intel Core i3 12th Gen 1215U - (16 GB/512 GB SSD/Windows 11 Home) AL15-52 Thin and Li...,"₹49,990",4.1,"1,090 Ratings",https://rukminim2.flixcart.com/image/312/312/xif0q/computer/7/n/r/al15-51-thin-and-light-laptop-acer-original-imagrtakqhprf7eu.jpeg?q=70,https://www.flipkart.com/acer-aspire-lite-intel-core-i3-12th-gen-1215u-16-gb-512-gb-ssd-windows-11-home-al15-52-thin-light-laptop/p/itm130746bcc0e38?pid=COMGWKF2QYG6XNCZ&lid=LSTCOMGWKF2QYG6XNCZRHWCKU&marketplace=FLIPKART&q=laptop&store=6bo%2Fb5g&srno=s_4_80&otracker=search&fm=organic&iid=e0efea9a-4663-49de-a5e8-ea6d3b1482a8.COMGWKF2QYG6XNCZ.SEARCH&ppt=sp&ppn=sp&ssid=1d4ec7svgw0000001784730934267&qH=312f91285e048e09&ov_redirect=true,Intel Core i3 Processor (12th Gen) | 16 GB DDR4 RAM | Windows 11 Operating System | 512 GB SSD | 39.62 cm (15.6 Inch) Display | 1 Year Onsite Warranty
4,9,HP Omnibook 3 2K WUXGA Snapdragon X - (16 GB/512 GB SSD/Windows 11 Home) Omnibook 3 14-hz0024QU Laptop,"₹72,990",4.1,11 Ratings,https://rukminim2.flixcart.com/image/312/312/xif0q/computer/u/e/9/-original-imahzvfcsqpynrcd.jpeg?q=70,https://www.flipkart.com/hp-omnibook-3-2k-wuxga-snapdragon-x-16-gb-512-gb-ssd-windows-11-home-14-hz0024qu-laptop/p/itmbd5346cd09abc?pid=COMHZGK2ACSECZB5&lid=LSTCOMHZGK2ACSECZB52ALLPO&marketplace=FLIPKART&q=laptop&store=6bo%2Fb5g&srno=s_4_81&otracker=search&fm=organic&iid=en_ESPhaKoXAdh25geYsa_tIlCnMNIjI1NOCfXEf1RsOIRwjLbNepBJUX9hgireK8pxQDaMOpjaAqIhVlr2eDOqkK8WMJxc_eOD3pdFe_35DQV5NLWBY6SdUwYuFeibLPTi&ppt=sp&ppn=sp&ssid=1d4ec7svgw0000001784730934267&qH=312f91285e048e09&ov_redirect=true,Snapdragon X Processor | 16 GB LPDDR5X RAM | Windows 11 Home Operating System | 512 GB SSD | 35.56 cm (14 inch) Display | MS Office Home 2024 | 1 Year Onsite Service
4,10,DELL 15 (Previouly Inspiron) AMD Ryzen 5 Quad Core 7520U - (8 GB/512 GB SSD/Windows 11 Home) DC15255 T...,"₹57,990",4.5,6 Ratings,https://rukminim2.flixcart.com/image/312/312/xif0q/computer/m/x/0/-original-imahzv9agugnddrg.jpeg?q=70,https://www.flipkart.com/dell-15-previouly-inspiron-amd-ryzen-5-quad-core-7520u-8-gb-512-gb-ssd-windows-11-home-dc15255-thin-light-laptop/p/itmb80bb4e819164?pid=COMHDXXUHGDCHMQX&lid=LSTCOMHDXXUHGDCHMQXUEUE9X&marketplace=FLIPKART&q=laptop&store=6bo%2Fb5g&srno=s_4_82&otracker=search&fm=organic&iid=en_ESPhaKoXAdh25geYsa_tIlCnMNIjI1NOCfXEf1RsOITaiJvRP-JeaP6MbZMzdfV0KS7KjhXWMehRCKPAR7kLILb6bL0Zx_kaK68EeWHdQeB5NLWBY6SdUwYuFeibLPTi&ppt=sp&ppn=sp&ssid=1d4ec7svgw0000001784730934267&qH=312f91285e048e09&ov_redirect=true,AMD Ryzen 5 Quad Core Processor | 8 GB LPDDR5 RAM | Windows 11 Operating System | 512 GB SSD | 38.1 cm (15 Inch) Display | 1 Year Onsite Warranty
4,11,Acer Aspire 7 (i5 14th Gen) Intel Core 5 210H - (16 GB/512 GB SSD/Windows 11 Home/6 GB Graphics/NVIDIA...,"₹84,999",4.3,151 Ratings,https://rukminim2.flixcart.com/image/312/312/xif0q/computer/x/r/h/-original-imahgfdfymbzq8ym.jpeg?q=70,https://www.flipkart.com/acer-aspire-7-i5-14th-gen-intel-core-5-210h-16-gb-512-gb-ssd-windows-11-home-6-graphics-nvidia-geforce-rtx-4050-a715-79g-gaming-laptop/p/itm96c08ed7d9792?pid=COMHEYV9AZZXC8PC&lid=LSTCOMHEYV9AZZXC8PCE20HTI&marketplace=FLIPKART&q=laptop&store=6bo%2Fb5g&srno=s_4_83&otracker=search&fm=organic&iid=e0efea9a-4663-49de-a5e8-ea6d3b1482a8.COMHEYV9AZZXC8PC.SEARCH&ppt=sp&ppn=sp&ssid=1d4ec7svgw0000001784730934267&qH=312f91285e048e09&ov_redirect=true,Intel Core 5 Processor | 16 GB DDR4 RAM | 64 bit Windows 11 Home Operating System | 512 GB SSD | 39.62 cm (15.6 Inch) Display | 1 Year Warranty
4,12,Lenovo Ideapad Slim 3 OLED with 1Yr ADP Snapdragon X - (16 GB/512 GB SSD/Windows 11 Home) 15Q8X10 Lapt...,"₹71,900",4.7,20 Ratings,https://rukminim2.flixcart.com/image/312/312/xif0q/computer/f/8/x/-original-imahjqzfg8mjn9ep.jpeg?q=70,https://www.flipkart.com/lenovo-ideapad-slim-3-oled-1yr-adp-snapdragon-x-16-gb-512-gb-ssd-windows-11-home-15q8x10-laptop/p/itm5306716cd0f2f?pid=COMHGMMWNG4ME6GT&lid=LSTCOMHGMMWNG4ME6GTU7EFB5&marketplace=FLIPKART&q=laptop&store=6bo%2Fb5g&srno=s_4_84&otracker=search&fm=organic&iid=e0efea9a-4663-49de-a5e8-ea6d3b1482a8.COMHGMMWNG4ME6GT.SEARCH&ppt=sp&ppn=sp&ssid=1d4ec7svgw0000001784730934267&qH=312f91285e048e09&ov_redirect=true,Snapdragon X Processor | 16 GB LPDDR5X RAM | 64 bit Windows 11 Home Operating System | 512 GB SSD | 38.35 cm (15.1 Inch) Display | 1 Year Limited Warranty
4,13,"ASUS Vivobook S14 (2025) with Office 2024 + M365 Basic*, AI PC, Backlit Keyboard, Intel Core Ultra 5 2...","₹78,990",4.5,134 Ratings,https://rukminim2.flixcart.com/image/312/312/xif0q/computer/k/1/4/-original-imahehkgrwfhkjtq.jpeg?q=70,https://www.flipkart.com/asus-vivobook-s14-2025-office-2024-m365-basic-ai-pc-backlit-keyboard-intel-core-ultra-5-225h-16-gb-512-gb-ssd-windows-11-home-s3407ca-ly057ws-thin-light-laptop/p/itma23ab93a3f665?pid=COMH9SJ9DFFGUEHU&lid=LSTCOMH9SJ9DFFGUEHUCMUKJD&marketplace=FLIPKART&q=laptop&store=6bo%2Fb5g&srno=s_4_85&otracker=search&fm=organic&iid=e0efea9a-4663-49de-a5e8-ea6d3b1482a8.COMH9SJ9DFFGUEHU.SEARCH&ppt=sp&ppn=sp&ssid=1d4ec7svgw0000001784730934267&qH=312f91285e048e09&ov_redirect=true,"Intel Core Ultra 5 Processor | 16 GB DDR5 RAM | Windows 11 Home Operating System | 512 GB SSD | 35.56 cm (14 Inch) Display | Microsoft Office Home 2024 (Lifetime Validity ) + Microsoft 365 Basic*(1-Year Validity), One-Month Membership of Adobe Creative Cloud All Apps, McAfee 1 year | 1 Year Onsite Warranty"
4,14,Acer Aspire Lite AMD Ryzen 3 Quad Core 5300U - (8 GB/512 GB SSD/Windows 11 Home) AL15-41 Thin and Ligh...,"₹44,990",4.1,"1,615 Ratings",https://rukminim2.flixcart.com/image/312/312/xif0q/computer/b/k/d/-original-imahb2kbf2zdan3z.jpeg?q=70,https://www.flipkart.com/acer-aspire-lite-amd-ryzen-3-quad-core-5300u-8-gb-512-gb-ssd-windows-11-home-al15-41-thin-light-laptop/p/itm1bc0bcb4598e7?pid=COMH2TPSM9V7V38F&lid=LSTCOMH2TPSM9V7V38FUK0ITB&marketplace=FLIPKART&q=laptop&store=6bo%2Fb5g&srno=s_4_86&otracker=search&fm=organic&iid=e0efea9a-4663-49de-a5e8-ea6d3b1482a8.COMH2TPSM9V7V38F.SEARCH&ppt=sp&ppn=sp&ssid=1d4ec7svgw0000001784730934267&qH=312f91285e048e09&ov_redirect=true,AMD Ryzen 3 Quad Core Processor | 8 GB DDR4 RAM | Windows 11 Operating System | 512 GB SSD | 39.62 cm (15.6 Inch) Display | 1 Year Carry-in Warranty
4,15,HP 15 (i5 14th Gen) Intel Core 5 120U - (24 GB/512 GB SSD/Windows 11 Home) 15-fd0262TU Thin and Light ...,"₹82,990",4.2,195 Ratings,https://rukminim2.flixcart.com/image/312/312/xif0q/computer/z/i/b/-original-imahzu4rwxnezv9x.jpeg?q=70,https://www.flipkart.com/hp-15-i5-14th-gen-intel-core-5-120u-24-gb-512-gb-ssd-windows-11-home-15-fd0262tu-thin-light-laptop/p/itm027a3317f4ff9?pid=COMHM94A7PHVCQT7&lid=LSTCOMHM94A7PHVCQT7QTPOH7&marketplace=FLIPKART&q=laptop&store=6bo%2Fb5g&srno=s_4_87&otracker=search&fm=organic&iid=en_ESPhaKoXAdh25geYsa_tIlCnMNIjI1NOCfXEf1RsOITwW7Mbpuj1i4D5m8rp2_XXajNODExQ3AD2YwLVEpFEnL-0TByd-y2aowfbZcqv2qB5NLWBY6SdUwYuFeibLPTi&ppt=sp&ppn=sp&ssid=1d4ec7svgw0000001784730934267&qH=312f91285e048e09&ov_redirect=true,Intel Core 5 Processor | 24 GB DDR5 RAM | Windows 11 Home Operating System | 512 GB SSD | 39.62 cm (15.6 inch) Display | Microsoft Office Home 2024 (Lifetime Validity ) + Microsoft 365(1-Year Validity) | 1 Year Onsite Service
4,16,HP 14 AI PC Intel Core Ultra 7 155H - (16 GB/512 GB SSD/Windows 11 Home) 14-ep1151TU/14-gr1036TU/14-ep...,"₹79,990",4.1,790 Ratings,https://rukminim2.flixcart.com/image/312/312/xif0q/computer/o/9/k/-original-imahgry8nwkejmae.jpeg?q=70,https://www.flipkart.com/hp-14-ai-pc-intel-core-ultra-7-155h-16-gb-512-gb-ssd-windows-11-home-14-ep1151tu-14-gr1036tu-14-ep1151tu-thin-light-laptop/p/itm4c681812b88bf?pid=COMHF8G932EYZAJF&lid=LSTCOMHF8G932EYZAJFOUI9CA&marketplace=FLIPKART&q=laptop&store=6bo%2Fb5g&srno=s_4_88&otracker=search&fm=organic&iid=en_ESPhaKoXAdh25geYsa_tIlCnMNIjI1NOCfXEf1RsOIT2z3qb3f9bmR_NvCU7iwpGq1hjzYDbDbYctS2-qOIVIqU4JGq2qGfuCYjFJWjKqlSHmEqnNhjtOXTVNEUNUykW&ppt=sp&ppn=sp&ssid=1d4ec7svgw0000001784730934267&qH=312f91285e048e09&ov_redirect=true,Intel Core Ultra 7 Processor | 16 GB DDR5 RAM | Windows 11 Home Operating System | 512 GB SSD | 35.56 cm (14 Inch) Display | 1 Year Onsite Warranty
4,17,MSI Modern 14 Intel Core i3 13th Gen 1315U - (8 GB/512 GB SSD/Windows 11 Home) 14 C13M-115IN / 14 C13M...,"₹42,990",4.3,224 Ratings,https://rukminim2.flixcart.com/image/312/312/xif0q/computer/h/a/e/-original-imahg4uv5q6zgxwq.jpeg?q=70,https://www.flipkart.com/msi-modern-14-intel-core-i3-13th-gen-1315u-8-gb-512-gb-ssd-windows-11-home-c13m-115in-c13m-438in-thin-light-laptop/p/itmc778cc72a0aa4?pid=COMGMV6V6ZAUMWEH&lid=LSTCOMGMV6V6ZAUMWEHX12DJK&marketplace=FLIPKART&q=laptop&store=6bo%2Fb5g&srno=s_4_89&otracker=search&fm=organic&iid=e0efea9a-4663-49de-a5e8-ea6d3b1482a8.COMGMV6V6ZAUMWEH.SEARCH&ppt=sp&ppn=sp&ssid=1d4ec7svgw0000001784730934267&qH=312f91285e048e09&ov_redirect=true,Intel Core i3 Processor (13th Gen) | 8 GB DDR4 RAM | Windows 11 Operating System | 512 GB SSD | 35.56 cm (14 Inch) Display | 1 Year Carry-in Warranty
4,18,Lenovo Legion 5 2025 AMD Ryzen 7 Octa Core 260 - (16 GB/1 TB SSD/Windows 11 Home/8 GB Graphics/NVIDIA ...,"₹1,86,490",4.6,82 Ratings,https://rukminim2.flixcart.com/image/312/312/xif0q/computer/c/i/9/-original-imahhmfyvdadkyjq.jpeg?q=70,https://www.flipkart.com/lenovo-legion-5-2025-amd-ryzen-7-octa-core-260-16-gb-1-tb-ssd-windows-11-home-8-gb-graphics-nvidia-geforce-rtx-5060-165-hz-15ahp10-gaming-laptop/p/itm07fa55fee8239?pid=COMHHE2YNEVQVFFS&lid=LSTCOMHHE2YNEVQVFFS2P9OR9&marketplace=FLIPKART&q=laptop&store=6bo%2Fb5g&srno=s_4_90&otracker=search&fm=organic&iid=e0efea9a-4663-49de-a5e8-ea6d3b1482a8.COMHHE2YNEVQVFFS.SEARCH&ppt=sp&ppn=sp&ssid=1d4ec7svgw0000001784730934267&qH=312f91285e048e09&ov_redirect=true,AMD Ryzen 7 Octa Core Processor | 16 GB DDR5 RAM | 64 bit Windows 11 Home Operating System | 1 TB SSD | 38.86 cm (15.3 Inch) Display | Office Home 2024 + Lenovo AI Now | 1 Year Limited Warranty
4,19,HP 14 AI PC Intel Core Ultra 7 155H - (16 GB/1 TB SSD/Windows 11 Home) 14-ep1152TU Thin and Light Lapt...,"₹85,990",4.1,790 Ratings,https://rukminim2.flixcart.com/image/312/312/xif0q/computer/a/h/z/-original-imahgh9exfmtg44y.jpeg?q=70,https://www.flipkart.com/hp-14-ai-pc-intel-core-ultra-7-155h-16-gb-1-tb-ssd-windows-11-home-14-ep1152tu-thin-light-laptop/p/itm448874079369f?pid=COMHG98EXZ3AJYZN&lid=LSTCOMHG98EXZ3AJYZNODD67U&marketplace=FLIPKART&q=laptop&store=6bo%2Fb5g&srno=s_4_91&otracker=search&fm=organic&iid=en_ESPhaKoXAdh25geYsa_tIlCnMNIjI1NOCfXEf1RsOIQP8rrnA9TPrCSFx8uMajBNC6YBzjaUMmK47SGkba_3oSGkgDYpheMzpTOfbcb9jJqHmEqnNhjtOXTVNEUNUykW&ppt=sp&ppn=sp&ssid=1d4ec7svgw0000001784730934267&qH=312f91285e048e09&ov_redirect=true,Intel Core Ultra 7 Processor | 16 GB DDR5 RAM | Windows 11 Home Operating System | 1 TB SSD | 35.56 cm (14 Inch) Display | 1 Year Onsite Warranty
4,20,Samsung Galaxy Book5 AI Metal Intel Core Ultra 5 225U - (16 GB/512 GB SSD/Windows 11 Home) NP750XHD Th...,"₹84,990",4.6,837 Ratings,https://rukminim2.flixcart.com/image/312/312/xif0q/computer/0/2/e/-original-imahzcf3jkkjkhgc.jpeg?q=70,https://www.flipkart.com/samsung-galaxy-book5-ai-metal-intel-core-ultra-5-225u-16-gb-512-gb-ssd-windows-11-home-np750xhd-thin-light-laptop/p/itmc33d2563d0ffc?pid=COMHE4ATPCZ9FXRP&lid=LSTCOMHE4ATPCZ9FXRP7N1GVG&marketplace=FLIPKART&q=laptop&store=6bo%2Fb5g&srno=s_4_92&otracker=search&fm=organic&iid=en_ESPhaKoXAdh25geYsa_tIlCnMNIjI1NOCfXEf1RsOIR8UDNqiSdx1eX5PAdMPY2a3WHJiuMjlX0EHxFVCjPkyeUBYPBIqgZE3mSuDz4Hsbl5NLWBY6SdUwYuFeibLPTi&ppt=sp&ppn=sp&ssid=1d4ec7svgw0000001784730934267&qH=312f91285e048e09&ov_redirect=true,Intel Core Ultra 5 Processor | 16 GB LPDDR5X RAM | 64 bit Windows 11 Operating System | 512 GB SSD | 39.62 cm (15.6 Inch) Display | MS Office Home and Student 2024 | 1 Year Manufacturer Warranty for Laptop and 6 Months for In-Box Accessories
4,21,ASUS ExpertBook P3 Intel Core Ultra 7 255H - (16 GB/512 GB SSD/Windows 11 Home) P3406CCAP-LY0161WS Thi...,"₹90,990",4.5,40 Ratings,https://rukminim2.flixcart.com/image/312/312/xif0q/computer/k/l/h/-original-imahmpp8df8gk4pb.jpeg?q=70,https://www.flipkart.com/asus-expertbook-p3-intel-core-ultra-7-255h-16-gb-512-gb-ssd-windows-11-home-p3406ccap-ly0161ws-thin-light-laptop/p/itm4e82eadf48819?pid=COMHHT9G9QC9CABY&lid=LSTCOMHHT9G9QC9CABYSKCT81&marketplace=FLIPKART&q=laptop&store=6bo%2Fb5g&srno=s_4_93&otracker=search&fm=organic&iid=e0efea9a-4663-49de-a5e8-ea6d3b1482a8.COMHHT9G9QC9CABY.SEARCH&ppt=sp&ppn=sp&ssid=1d4ec7svgw0000001784730934267&qH=312f91285e048e09&ov_redirect=true,Intel Core Ultra 7 Processor | 16 GB DDR5 RAM | Windows 11 Home Operating System | 512 GB SSD | 35.56 cm (14 inch) Display | Microsoft Office Home 2024 + Microsoft 365 Basic | 1 Year Onsite Service
4,22,"ASUS Vivobook 16 (2025), Copilot + PC with Backlit Keyboard, AI PC, Snapdragon X - (16 GB/512 GB SSD/W...","₹61,990",4.1,169 Ratings,https://rukminim2.flixcart.com/image/312/312/xif0q/computer/g/i/0/-original-imahg5fx22kacqjp.jpeg?q=70,https://www.flipkart.com/asus-vivobook-16-2025-copilot-pc-backlit-keyboard-ai-pc-snapdragon-x-16-gb-512-gb-ssd-windows-11-home-x1607qa-mb049ws-thin-light-laptop/p/itmaff92a0acb4ff?pid=COMH9EVGZHTHHPFH&lid=LSTCOMH9EVGZHTHHPFHWI6NKH&marketplace=FLIPKART&q=laptop&store=6bo%2Fb5g&srno=s_4_94&otracker=search&fm=organic&iid=e0efea9a-4663-49de-a5e8-ea6d3b1482a8.COMH9EVGZHTHHPFH.SEARCH&ppt=sp&ppn=sp&ssid=1d4ec7svgw0000001784730934267&qH=312f91285e048e09&ov_redirect=true,"Snapdragon X Processor | 16 GB LPDDR5X RAM | Windows 11 Home Operating System | 512 GB SSD | 40.64 cm (16 Inch) Display | Microsoft Office Home 2024 (Lifetime Validity ) + Microsoft 365 Basic*(1-Year Validity), One-Month Membership of Adobe Creative Cloud All Apps | 1 Year Onsite Warranty"
4,23,Lenovo IdeaPad Slim 1 AMD Ryzen 5 Hexa Core 5500U - (8 GB/512 GB SSD/Windows 11 Home) 15ACL6 | 15ALC7 ...,"₹47,290",4.2,"7,228 Ratings",https://rukminim2.flixcart.com/image/312/312/xif0q/computer/m/o/u/-enriched-transparent-original-imahg5fxhyfzpqwy.png?q=70,https://www.flipkart.com/lenovo-ideapad-slim-1-amd-ryzen-5-hexa-core-5500u-8-gb-512-gb-ssd-windows-11-home-15acl6-15alc7-2-thin-light-laptop/p/itm3680fb576eb7b?pid=COMG9VHHF6HVJPP9&lid=LSTCOMG9VHHF6HVJPP9U213LU&marketplace=FLIPKART&q=laptop&store=6bo%2Fb5g&srno=s_4_95&otracker=search&fm=organic&iid=e0efea9a-4663-49de-a5e8-ea6d3b1482a8.COMG9VHHF6HVJPP9.SEARCH&ppt=sp&ppn=sp&ssid=1d4ec7svgw0000001784730934267&qH=312f91285e048e09&ov_redirect=true,AMD Ryzen 5 Hexa Core Processor | 8 GB DDR4 RAM | 64 bit Windows 11 Operating System | 512 GB SSD | 39.62 cm (15.6 Inch) Display | Office Home and Student 2021 | 1 Year Onsite + 1 Year Accidental Damage Protection
4,24,Samsung Galaxy Book4 Metal Intel Core i5 13th Gen 1335U - (16 GB/512 GB SSD/Windows 11 Home) NP750XGJ ...,"₹72,990",4.4,"19,735 Ratings",https://rukminim2.flixcart.com/image/312/312/xif0q/computer/k/t/y/-enriched-transparent-original-imahg53xspmfrsdd.png?q=70,https://www.flipkart.com/samsung-galaxy-book4-metal-intel-core-i5-13th-gen-1335u-16-gb-512-gb-ssd-windows-11-home-np750xgj-thin-light-laptop/p/itm1df5212efb9fc?pid=COMGZUYDGFJGHZR4&lid=LSTCOMGZUYDGFJGHZR4JPVIN2&marketplace=FLIPKART&q=laptop&store=6bo%2Fb5g&srno=s_4_96&otracker=search&fm=organic&iid=e0efea9a-4663-49de-a5e8-ea6d3b1482a8.COMGZUYDGFJGHZR4.SEARCH&ppt=sp&ppn=sp&ssid=1d4ec7svgw0000001784730934267&qH=312f91285e048e09&ov_redirect=true,Intel Core i5 Processor (13th Gen) | 16 GB LPDDR4X RAM | 64 bit Windows 11 Operating System | 512 GB SSD | 39.62 cm (15.6 Inch) Display | 1 Year Manufacturer Warranty for Laptop and 6 Months for In-Box Accessories
5,1,Samsung Galaxy Book4 Metal Intel Core i5 13th Gen 1335U - (8 GB/512 GB SSD/Windows 11 Home) NP750XGJ-K...,"₹56,990",4.4,"19,735 Ratings",https://rukminim2.flixcart.com/image/312/312/xif0q/computer/k/t/y/-enriched-transparent-original-imahg53xspmfrsdd.png?q=70,https://www.flipkart.com/samsung-galaxy-book4-metal-intel-core-i5-13th-gen-1335u-8-gb-512-gb-ssd-windows-11-home-np750xgj-kg1in-np750xgj-lg1in-np750xgj-lg6in-thin-light-laptop/p/itm1df5212efb9fc?pid=COMGZUYDFZXHWYWZ&lid=LSTCOMGZUYDFZXHWYWZJ6V2KW&marketplace=FLIPKART&q=laptop&store=6bo%2Fb5g&srno=s_5_97&otracker=search&fm=organic&iid=en_yFECMEQfkAiTHRzprd7psARPHjIgTGFgJXJYmyiK3lIEYOGbRwSqq-yMSZZp6f03sfGME0kkMQMICwGxasfmZSpiZoP3ZcDDMuaOuWFYumOXuINVXdeUA48cZXf8Je7d&ppt=sp&ppn=sp&ssid=53t5ctxjr40000001784730939724&qH=312f91285e048e09&ov_redirect=true,Intel Core i5 Processor (13th Gen) | 8 GB LPDDR4X RAM | 64 bit Windows 11 Operating System | 512 GB SSD | 39.62 cm (15.6 Inch) Display | 1 Year Manufacturer Warranty for Laptop and 6 Months for In-Box Accessories
5,2,Samsung Galaxy Book4 Metal Intel Core i3 13th Gen 1315U - (8 GB/512 GB SSD/Windows 11 Home) NP750XGJ-L...,"₹57,490",4.4,"10,670 Ratings",https://rukminim2.flixcart.com/image/312/312/xif0q/computer/q/k/o/-enriched-transparent-original-imahg53xmzmtsynn.png?q=70,https://www.flipkart.com/samsung-galaxy-book4-metal-intel-core-i3-13th-gen-1315u-8-gb-512-gb-ssd-windows-11-home-np750xgj-lg9in-thin-light-laptop/p/itmc29d559898e6f?pid=COMH4Y6KKRC9YSWE&lid=LSTCOMH4Y6KKRC9YSWERDUMZD&marketplace=FLIPKART&q=laptop&store=6bo%2Fb5g&srno=s_5_98&otracker=search&fm=organic&iid=en_yFECMEQfkAiTHRzprd7psARPHjIgTGFgJXJYmyiK3lKzZSfVRrO1M_qSjFZ-qhNKVqKfzRTPmTYCvEc1OQ2_kCChg9vAnpscSdI7uOc1ZHWXuINVXdeUA48cZXf8Je7d&ppt=sp&ppn=sp&ssid=53t5ctxjr40000001784730939724&qH=312f91285e048e09&ov_redirect=true,Intel Core i3 Processor (13th Gen) | 8 GB LPDDR4X RAM | 64 bit Windows 11 Operating System | 512 GB SSD | 39.62 cm (15.6 Inch) Display | 1 Year Onsite Warranty
5,3,HP 15 Intel Core i5 13th Gen 1335U - (16 GB/512 GB SSD/Windows 11 Home) 15-fd0576TU / 15-fd0467TU Thin...,"₹68,990",4.2,"1,727 Ratings",https://rukminim2.flixcart.com/image/312/312/xif0q/computer/t/v/8/-original-imahg5fxfpvjasap.jpeg?q=70,https://www.flipkart.com/hp-15-intel-core-i5-13th-gen-1335u-16-gb-512-gb-ssd-windows-11-home-15-fd0576tu-15-fd0467tu-thin-light-laptop/p/itm3d552029526ba?pid=COMH8QXWHJRQKR6P&lid=LSTCOMH8QXWHJRQKR6PX8FMWS&marketplace=FLIPKART&q=laptop&store=6bo%2Fb5g&srno=s_5_99&otracker=search&fm=organic&iid=9a2c5c64-62a7-4d15-b2d2-00db59da1213.COMH8QXWHJRQKR6P.SEARCH&ppt=sp&ppn=sp&ssid=53t5ctxjr40000001784730939724&qH=312f91285e048e09&ov_redirect=true,Intel Core i5 Processor (13th Gen) | 16 GB DDR4 RAM | Windows 11 Home Operating System | 512 GB SSD | 39.62 cm (15.6 Inch) Display | Microsoft Office H&S Edition 2024 | 1 Year Carry-in Warranty
5,4,Lenovo Chromebook Duet 11M889 MediaTek MediaTek Kompanio 838 - (8 GB/128 GB EMMC Storage/Chrome OS) 11...,"₹36,990",4.3,"1,581 Ratings",https://rukminim2.flixcart.com/image/312/312/xif0q/computer/g/j/9/-original-imahgfdfgchekzvf.jpeg?q=70,https://www.flipkart.com/lenovo-chromebook-duet-11m889-mediatek-kompanio-838-8-gb-128-gb-emmc-storage-chrome-os/p/itm587e47e82499e?pid=COMHBCAFZGVNEDTK&lid=LSTCOMHBCAFZGVNEDTKUGILYO&marketplace=FLIPKART&q=laptop&store=6bo%2Fb5g&srno=s_5_100&otracker=search&fm=organic&iid=9a2c5c64-62a7-4d15-b2d2-00db59da1213.COMHBCAFZGVNEDTK.SEARCH&ppt=sp&ppn=sp&ssid=53t5ctxjr40000001784730939724&qH=312f91285e048e09&ov_redirect=true,MediaTek MediaTek Kompanio 838 Processor | 8 GB LPDDR4X RAM | Chrome Operating System | 27.81 cm (10.95 inch) Touchscreen Display | 1 Year Onsite Warranty
5,5,HP Omnibook 3 2K WUXGA Snapdragon X - (16 GB/512 GB SSD/Windows 11 Home) Omnibook 3 14-hz0024QU Laptop,"₹72,990",4.1,11 Ratings,https://rukminim2.flixcart.com/image/312/312/xif0q/computer/u/e/9/-original-imahzvfcsqpynrcd.jpeg?q=70,https://www.flipkart.com/hp-omnibook-3-2k-wuxga-snapdragon-x-16-gb-512-gb-ssd-windows-11-home-14-hz0024qu-laptop/p/itmbd5346cd09abc?pid=COMHZGK2ACSECZB5&lid=LSTCOMHZGK2ACSECZB52ALLPO&marketplace=FLIPKART&q=laptop&store=6bo%2Fb5g&srno=s_5_101&otracker=search&fm=organic&iid=en_yFECMEQfkAiTHRzprd7psARPHjIgTGFgJXJYmyiK3lJwusqXpgOPBhafa5Su8Wa9QDaMOpjaAqIhVlr2eDOqkK8WMJxc_eOD3pdFe_35DQWXuINVXdeUA48cZXf8Je7d&ppt=sp&ppn=sp&ssid=53t5ctxjr40000001784730939724&qH=312f91285e048e09&ov_redirect=true,Snapdragon X Processor | 16 GB LPDDR5X RAM | Windows 11 Home Operating System | 512 GB SSD | 35.56 cm (14 inch) Display | MS Office Home 2024 | 1 Year Onsite Service
5,6,HP 15 (i5 14th Gen) Intel Core 5 120U - (24 GB/512 GB SSD/Windows 11 Home) 15-fd0262TU Thin and Light ...,"₹82,990",4.2,195 Ratings,https://rukminim2.flixcart.com/image/312/312/xif0q/computer/z/i/b/-original-imahzu4rwxnezv9x.jpeg?q=70,https://www.flipkart.com/hp-15-i5-14th-gen-intel-core-5-120u-24-gb-512-gb-ssd-windows-11-home-15-fd0262tu-thin-light-laptop/p/itm027a3317f4ff9?pid=COMHM94A7PHVCQT7&lid=LSTCOMHM94A7PHVCQT7QTPOH7&marketplace=FLIPKART&q=laptop&store=6bo%2Fb5g&srno=s_5_102&otracker=search&fm=organic&iid=en_yFECMEQfkAiTHRzprd7psARPHjIgTGFgJXJYmyiK3lKlW13Gu284ZWH-NOE3QaY_ajNODExQ3AD2YwLVEpFEnHQxmIaeT1eVU6lHR1JOxyCXuINVXdeUA48cZXf8Je7d&ppt=sp&ppn=sp&ssid=53t5ctxjr40000001784730939724&qH=312f91285e048e09&ov_redirect=true,Intel Core 5 Processor | 24 GB DDR5 RAM | Windows 11 Home Operating System | 512 GB SSD | 39.62 cm (15.6 inch) Display | Microsoft Office Home 2024 (Lifetime Validity ) + Microsoft 365(1-Year Validity) | 1 Year Onsite Service
5,7,HP Victus (i5 14th Gen) Intel Core 5 210 H - (16 GB/512 GB SSD/Windows 11 Home/6 GB Graphics/NVIDIA Ge...,"₹95,746",3.3,3 Ratings,https://rukminim2.flixcart.com/image/312/312/xif0q/computer/y/m/n/-original-imahzphnvwqqht2u.jpeg?q=70,https://www.flipkart.com/hp-victus-i5-14th-gen-intel-core-5-210-h-16-gb-512-gb-ssd-windows-11-home-6-graphics-nvidia-geforce-rtx-4050-15-fa2203tx-gaming-laptop/p/itm65704ff158138?pid=COMHK77SZSZHTEV7&lid=LSTCOMHK77SZSZHTEV7VVWD14&marketplace=FLIPKART&q=laptop&store=6bo%2Fb5g&srno=s_5_103&otracker=search&fm=organic&iid=9a2c5c64-62a7-4d15-b2d2-00db59da1213.COMHK77SZSZHTEV7.SEARCH&ppt=sp&ppn=sp&ssid=53t5ctxjr40000001784730939724&qH=312f91285e048e09&ov_redirect=true,Intel Core 5 Processor | 16 GB DDR4 RAM | Windows 11 Operating System | 512 GB SSD | 39.62 cm (15.6 inch) Display | MS Office Home 2024 + MISC PC Game Pass DA 3M | 1 Year Onsite Service
5,8,ASUS Vivobook Go 15 AMD Ryzen 5 Quad Core 7520U - (16 GB/512 GB SSD/Windows 11 Home) E1504FA-NJ5542WS ...,"₹58,773",4.3,"1,845 Ratings",https://rukminim2.flixcart.com/image/312/312/xif0q/computer/f/6/r/-original-imahg53uvtcffmvf.jpeg?q=70,https://www.flipkart.com/asus-vivobook-go-15-amd-ryzen-5-quad-core-7520u-16-gb-512-gb-ssd-windows-11-home-e1504fa-nj5542ws-e1504fa-nj1505ws-e1504fa-bq2414ws-thin-light-laptop/p/itm1af16aa906cf4?pid=COMH8VXVXPVQTHHR&lid=LSTCOMH8VXVXPVQTHHR13JD7X&marketplace=FLIPKART&q=laptop&store=6bo%2Fb5g&srno=s_5_104&otracker=search&fm=organic&iid=9a2c5c64-62a7-4d15-b2d2-00db59da1213.COMH8VXVXPVQTHHR.SEARCH&ppt=sp&ppn=sp&ssid=53t5ctxjr40000001784730939724&qH=312f91285e048e09&ov_redirect=true,AMD Ryzen 5 Quad Core Processor | 16 GB LPDDR5 RAM | Windows 11 Home Operating System | 512 GB SSD | 39.62 cm (15.6 Inch) Display | Microsoft Office Home 2024 + Microsoft 365 Basic | 1 Year Carry-in Warranty
5,9,HP OmniBook 5(Previously Pavilion) Intel Core i5 13th Gen 1334U - (16 GB/512 GB SSD/Windows 11 Home) 1...,"₹68,990",4.4,228 Ratings,https://rukminim2.flixcart.com/image/312/312/xif0q/computer/j/q/y/-enriched-transparent-original-imahk44qgcfybyjf.png?q=70,https://www.flipkart.com/hp-omnibook-5-previously-pavilion-intel-core-i5-13th-gen-1334u-16-gb-512-gb-ssd-windows-11-home-16-ba1123tu-thin-light-laptop/p/itm17c7ddcf83e55?pid=COMHA9GUP3FPVRJ2&lid=LSTCOMHA9GUP3FPVRJ2SKNIPP&marketplace=FLIPKART&q=laptop&store=6bo%2Fb5g&srno=s_5_105&otracker=search&fm=organic&iid=9a2c5c64-62a7-4d15-b2d2-00db59da1213.COMHA9GUP3FPVRJ2.SEARCH&ppt=sp&ppn=sp&ssid=53t5ctxjr40000001784730939724&qH=312f91285e048e09&ov_redirect=true,Intel Core i5 Processor (13th Gen) | 16 GB LPDDR5X RAM | Windows 11 Operating System | 512 GB SSD | 40.64 cm (16 Inch) Display | 1 Year Onsite Service
5,10,Acer Aspire 15 AMD Ryzen 5 Hexa Core 7430U - (8 GB/512 GB SSD/Windows 11 Home) A325-42 Thin and Light ...,"₹55,182",4.2,"4,148 Ratings",https://rukminim2.flixcart.com/image/312/312/xif0q/computer/p/c/z/-enriched-transparent-original-imahg5fusry5atvm.png?q=70,https://www.flipkart.com/acer-aspire-15-amd-ryzen-5-hexa-core-7430u-8-gb-512-gb-ssd-windows-11-home-a325-42-thin-light-laptop/p/itmdaf15e01a1d1a?pid=COMH397XVTZNMYGX&lid=LSTCOMH397XVTZNMYGXQEL4JT&marketplace=FLIPKART&q=laptop&store=6bo%2Fb5g&srno=s_5_106&otracker=search&fm=organic&iid=9a2c5c64-62a7-4d15-b2d2-00db59da1213.COMH397XVTZNMYGX.SEARCH&ppt=sp&ppn=sp&ssid=53t5ctxjr40000001784730939724&qH=312f91285e048e09&ov_redirect=true,AMD Ryzen 5 Hexa Core Processor | 8 GB DDR4 RAM | Windows 11 Operating System | 512 GB SSD | 39.62 cm (15.6 Inch) Display | 1 Year Carry-in Warranty
5,11,DELL 15 (Previouly Inspiron) AMD Ryzen 5 Quad Core 7520U - (8 GB/512 GB SSD/Windows 11 Home) DC15255 T...,"₹57,990",4.5,6 Ratings,https://rukminim2.flixcart.com/image/312/312/xif0q/computer/m/x/0/-original-imahzv9agugnddrg.jpeg?q=70,https://www.flipkart.com/dell-15-previouly-inspiron-amd-ryzen-5-quad-core-7520u-8-gb-512-gb-ssd-windows-11-home-dc15255-thin-light-laptop/p/itmb80bb4e819164?pid=COMHDXXUHGDCHMQX&lid=LSTCOMHDXXUHGDCHMQXUEUE9X&marketplace=FLIPKART&q=laptop&store=6bo%2Fb5g&srno=s_5_107&otracker=search&fm=organic&iid=en_yFECMEQfkAiTHRzprd7psARPHjIgTGFgJXJYmyiK3lK9XYc5poF2crKYn828YtyhKS7KjhXWMehRCKPAR7kLICmyONG8u9GUv-mVZHUzBoyXuINVXdeUA48cZXf8Je7d&ppt=sp&ppn=sp&ssid=53t5ctxjr40000001784730939724&qH=312f91285e048e09&ov_redirect=true,AMD Ryzen 5 Quad Core Processor | 8 GB LPDDR5 RAM | Windows 11 Operating System | 512 GB SSD | 38.1 cm (15 Inch) Display | 1 Year Onsite Warranty
5,12,HP 14 AI PC Intel Core Ultra 7 155H - (16 GB/1 TB SSD/Windows 11 Home) 14-ep1152TU Thin and Light Lapt...,"₹85,990",4.1,790 Ratings,https://rukminim2.flixcart.com/image/312/312/xif0q/computer/a/h/z/-original-imahgh9exfmtg44y.jpeg?q=70,https://www.flipkart.com/hp-14-ai-pc-intel-core-ultra-7-155h-16-gb-1-tb-ssd-windows-11-home-14-ep1152tu-thin-light-laptop/p/itm448874079369f?pid=COMHG98EXZ3AJYZN&lid=LSTCOMHG98EXZ3AJYZNODD67U&marketplace=FLIPKART&q=laptop&store=6bo%2Fb5g&srno=s_5_108&otracker=search&fm=organic&iid=en_yFECMEQfkAiTHRzprd7psARPHjIgTGFgJXJYmyiK3lIRF7poh9RwnjqoNu1xjOxCn9sG8qIKSbGwDcGdLV_LgSGkgDYpheMzpTOfbcb9jJpE1ATSwqojon6vb7keyQBf&ppt=sp&ppn=sp&ssid=53t5ctxjr40000001784730939724&qH=312f91285e048e09&ov_redirect=true,Intel Core Ultra 7 Processor | 16 GB DDR5 RAM | Windows 11 Home Operating System | 1 TB SSD | 35.56 cm (14 Inch) Display | 1 Year Onsite Warranty
5,13,Acer Predator Helios Neo 16S AI Intel Core Ultra 7 255 HX - (16 GB/1 TB SSD/Windows 11 Home/8 GB Graph...,"₹1,59,990",4.7,136 Ratings,https://rukminim2.flixcart.com/image/312/312/xif0q/computer/v/u/i/-original-imahe9x9gyhggy6f.jpeg?q=70,https://www.flipkart.com/acer-predator-helios-neo-16s-ai-intel-core-ultra-7-255-hx-16-gb-1-tb-ssd-windows-11-home-8-gb-graphics-nvidia-geforce-rtx-5060-phn16s-71-gaming-laptop/p/itm928fc558f47b8?pid=COMHDT6GZZHHE93D&lid=LSTCOMHDT6GZZHHE93DX1SBK7&marketplace=FLIPKART&q=laptop&store=6bo%2Fb5g&srno=s_5_109&otracker=search&fm=organic&iid=9a2c5c64-62a7-4d15-b2d2-00db59da1213.COMHDT6GZZHHE93D.SEARCH&ppt=sp&ppn=sp&ssid=53t5ctxjr40000001784730939724&qH=312f91285e048e09&ov_redirect=true,Intel Core Ultra 7 Processor | 16 GB DDR5 RAM | 64 bit Windows 11 Home Operating System | 1 TB SSD | 40.64 cm (16 Inch) Display | 1 Year Warranty
5,14,HP 15 G10 (2025) AMD Athlon Dual Core 7120U - (8 GB/256 GB SSD/Windows 11 Home) 15 G10 Thin and Light ...,"₹42,500",4,398 Ratings,https://rukminim2.flixcart.com/image/312/312/xif0q/computer/c/3/3/15-g10-thin-and-light-laptop-hp-original-imah9z2bfz8x4ysf.jpeg?q=70,https://www.flipkart.com/hp-15-g10-2025-amd-athlon-dual-core-7120u-8-gb-256-gb-ssd-windows-11-home-thin-light-laptop/p/itm0801fb35a64f2?pid=COMH9Z2CMDZNBKGS&lid=LSTCOMH9Z2CMDZNBKGSF0FJ0P&marketplace=FLIPKART&q=laptop&store=6bo%2Fb5g&srno=s_5_110&otracker=search&fm=organic&iid=9a2c5c64-62a7-4d15-b2d2-00db59da1213.COMH9Z2CMDZNBKGS.SEARCH&ppt=sp&ppn=sp&ssid=53t5ctxjr40000001784730939724&qH=312f91285e048e09&ov_redirect=true,"AMD Athlon Dual Core Processor | 8 GB DDR4 RAM | 64 bit Windows 11 Home Operating System | 256 GB SSD | 39.62 cm (15.6 Inch) Display | Microsoft Office 2021, Windows 11 Home | 1 Year Onsite Warranty"
5,15,HP 14 AI PC Intel Core Ultra 7 155H - (16 GB/512 GB SSD/Windows 11 Home) 14-ep1151TU/14-gr1036TU/14-ep...,"₹79,990",4.1,790 Ratings,https://rukminim2.flixcart.com/image/312/312/xif0q/computer/o/9/k/-original-imahgry8nwkejmae.jpeg?q=70,https://www.flipkart.com/hp-14-ai-pc-intel-core-ultra-7-155h-16-gb-512-gb-ssd-windows-11-home-14-ep1151tu-14-gr1036tu-14-ep1151tu-thin-light-laptop/p/itm4c681812b88bf?pid=COMHF8G932EYZAJF&lid=LSTCOMHF8G932EYZAJFOUI9CA&marketplace=FLIPKART&q=laptop&store=6bo%2Fb5g&srno=s_5_111&otracker=search&fm=organic&iid=en_yFECMEQfkAiTHRzprd7psARPHjIgTGFgJXJYmyiK3lKh2_5H8hqkMTNsfFFaRr_y3zzcGhlXkGO1hWP1UU6KY6U4JGq2qGfuCYjFJWjKqlRE1ATSwqojon6vb7keyQBf&ppt=sp&ppn=sp&ssid=53t5ctxjr40000001784730939724&qH=312f91285e048e09&ov_redirect=true,Intel Core Ultra 7 Processor | 16 GB DDR5 RAM | Windows 11 Home Operating System | 512 GB SSD | 35.56 cm (14 Inch) Display | 1 Year Onsite Warranty
5,16,Samsung Galaxy Book5 AI Metal Intel Core Ultra 5 225U - (16 GB/512 GB SSD/Windows 11 Home) NP750XHD Th...,"₹84,990",4.6,837 Ratings,https://rukminim2.flixcart.com/image/312/312/xif0q/computer/0/2/e/-original-imahzcf3jkkjkhgc.jpeg?q=70,https://www.flipkart.com/samsung-galaxy-book5-ai-metal-intel-core-ultra-5-225u-16-gb-512-gb-ssd-windows-11-home-np750xhd-thin-light-laptop/p/itmc33d2563d0ffc?pid=COMHE4ATPCZ9FXRP&lid=LSTCOMHE4ATPCZ9FXRP7N1GVG&marketplace=FLIPKART&q=laptop&store=6bo%2Fb5g&srno=s_5_112&otracker=search&fm=organic&iid=en_yFECMEQfkAiTHRzprd7psARPHjIgTGFgJXJYmyiK3lJCQbjTaM0ZY8gn41sF7ehW3WHJiuMjlX0EHxFVCjPkyeUBYPBIqgZE3mSuDz4HsbmXuINVXdeUA48cZXf8Je7d&ppt=sp&ppn=sp&ssid=53t5ctxjr40000001784730939724&qH=312f91285e048e09&ov_redirect=true,Intel Core Ultra 5 Processor | 16 GB LPDDR5X RAM | 64 bit Windows 11 Operating System | 512 GB SSD | 39.62 cm (15.6 Inch) Display | MS Office Home and Student 2024 | 1 Year Manufacturer Warranty for Laptop and 6 Months for In-Box Accessories
5,17,"ASUS Vivobook 15, with Backlit Keyboard, Intel Core i3 13th Gen 1315U - (8 GB/512 GB SSD/Windows 11 Ho...","₹59,699",4.3,"3,115 Ratings",https://rukminim2.flixcart.com/image/312/312/xif0q/computer/w/h/g/-original-imahg5fuxuw5afvh.jpeg?q=70,https://www.flipkart.com/asus-vivobook-15-backlit-keyboard-intel-core-i3-13th-gen-1315u-8-gb-512-gb-ssd-windows-11-home-x1504va-nj320ws-x1504va-bq321ws-thin-light-laptop/p/itm200184e4e0443?pid=COMGYSFGRDEFFPY6&lid=LSTCOMGYSFGRDEFFPY6VQO6HP&marketplace=FLIPKART&q=laptop&store=6bo%2Fb5g&srno=s_5_113&otracker=search&fm=organic&iid=9a2c5c64-62a7-4d15-b2d2-00db59da1213.COMGYSFGRDEFFPY6.SEARCH&ppt=sp&ppn=sp&ssid=53t5ctxjr40000001784730939724&qH=312f91285e048e09&ov_redirect=true,Intel Core i3 Processor (13th Gen) | 8 GB DDR4 RAM | Windows 11 Operating System | 512 GB SSD | 39.62 cm (15.6 Inch) Display | 1 Year Onsite warranty
5,18,HP Laptop Intel Core i3 13th Gen 1315U - (8 GB/512 GB SSD/Windows 11 Home) 15-fd0129TU / 15-fd0568TU T...,"₹49,999",4.2,"3,329 Ratings",https://rukminim2.flixcart.com/image/312/312/xif0q/computer/a/q/u/15-fd0668tu-thin-and-light-laptop-hp-original-imahest3rdkyruss.jpeg?q=70,https://www.flipkart.com/hp-laptop-intel-core-i3-13th-gen-1315u-8-gb-512-gb-ssd-windows-11-home-15-fd0129tu-15-fd0568tu-thin-light/p/itmcf7c16556a324?pid=COMHF6WAGPZCBQVZ&lid=LSTCOMHF6WAGPZCBQVZYOEG12&marketplace=FLIPKART&q=laptop&store=6bo%2Fb5g&srno=s_5_114&otracker=search&fm=organic&iid=9a2c5c64-62a7-4d15-b2d2-00db59da1213.COMHF6WAGPZCBQVZ.SEARCH&ppt=sp&ppn=sp&ssid=53t5ctxjr40000001784730939724&qH=312f91285e048e09&ov_redirect=true,Intel Core i3 Processor (13th Gen) | 8 GB DDR4 RAM | Windows 11 Home Operating System | 512 GB SSD | 39.62 cm (15.6 Inch) Display | 1 Year Carry-in Warranty
5,19,ASUS Chromebook CX14 Intel Celeron Dual Core N4500 - (4 GB/64 GB EMMC Storage/Chrome OS) CX1405CKA-NK0...,"₹27,290",3.9,611 Ratings,https://rukminim2.flixcart.com/image/312/312/xif0q/computer/9/u/w/-original-imahf69hwz6gnedj.jpeg?q=70,https://www.flipkart.com/asus-chromebook-cx14-intel-celeron-dual-core-n4500-4-gb-64-gb-emmc-storage-chrome-os-cx1405cka-nk0154-cx1405cka-s60342/p/itm076cdd51ac69a?pid=COMHDDZ7PYJZSGUZ&lid=LSTCOMHDDZ7PYJZSGUZDQ7ISM&marketplace=FLIPKART&q=laptop&store=6bo%2Fb5g&srno=s_5_115&otracker=search&fm=organic&iid=9a2c5c64-62a7-4d15-b2d2-00db59da1213.COMHDDZ7PYJZSGUZ.SEARCH&ppt=sp&ppn=sp&ssid=53t5ctxjr40000001784730939724&qH=312f91285e048e09&ov_redirect=true,Intel Celeron Dual Core Processor | 4 GB LPDDR4X RAM | Chrome Operating System | 35.56 cm (14 Inch) Display | MyASUS | 1 Year Onsite Warranty
5,20,MOTOROLA Motobook 60 Full Metal OLED (i7 14th Gen) Intel Core 7 Series 2 240H - (16 GB/512 GB SSD/Wind...,"₹72,990",4.4,"1,197 Ratings",https://rukminim2.flixcart.com/image/312/312/xif0q/computer/b/a/v/-original-imahg5fxgntg3thz.jpeg?q=70,https://www.flipkart.com/motorola-motobook-60-full-metal-oled-i7-14th-gen-intel-core-7-series-2-240h-16-gb-512-gb-ssd-windows-11-home-14irh10r-thin-light-laptop/p/itm96df72a170b7f?pid=COMHAUZWRPCKAGKZ&lid=LSTCOMHAUZWRPCKAGKZOGJOIN&marketplace=FLIPKART&q=laptop&store=6bo%2Fb5g&srno=s_5_116&otracker=search&fm=organic&iid=9a2c5c64-62a7-4d15-b2d2-00db59da1213.COMHAUZWRPCKAGKZ.SEARCH&ppt=sp&ppn=sp&ssid=53t5ctxjr40000001784730939724&qH=312f91285e048e09&ov_redirect=true,Intel Core 7 Processor (Series 2) | 16 GB DDR5 RAM | 64 bit Windows 11 Operating System | 512 GB SSD | 35.56 cm (14 Inch) Display | Office Home 2024 | 1 Year Onsite Warranty
5,21,Samsung Galaxy Book5 AI Metal Intel Core Ultra 7 255U - (16 GB/512 GB SSD/Windows 11 Home) NP750XHD Th...,"₹91,990",4.6,463 Ratings,https://rukminim2.flixcart.com/image/312/312/xif0q/computer/0/2/e/-original-imahzcf3jkkjkhgc.jpeg?q=70,https://www.flipkart.com/samsung-galaxy-book5-ai-metal-intel-core-ultra-7-255u-16-gb-512-gb-ssd-windows-11-home-np750xhd-thin-light-laptop/p/itma9c081cdbe95d?pid=COMHE4ATBCUTGUYT&lid=LSTCOMHE4ATBCUTGUYTJZ7NHN&marketplace=FLIPKART&q=laptop&store=6bo%2Fb5g&srno=s_5_117&otracker=search&fm=organic&iid=en_yFECMEQfkAiTHRzprd7psARPHjIgTGFgJXJYmyiK3lJUTSvXfz6OxiJrvyNKkqM1_54vlUw9QAlUFlRYR6QtY8H5LP6GMXD1iSKF2pPmS-SXuINVXdeUA48cZXf8Je7d&ppt=sp&ppn=sp&ssid=53t5ctxjr40000001784730939724&qH=312f91285e048e09&ov_redirect=true,Intel Core Ultra 7 Processor | 16 GB LPDDR5X RAM | 64 bit Windows 11 Operating System | 512 GB SSD | 39.62 cm (15.6 Inch) Display | MS Office Home and Student 2024 | 1 Year Manufacturer Warranty for Laptop and 6 Months for In-Box Accessories
5,22,HP OMEN AI AMD Ryzen AI 7 Octa Core AI 7 350 - (24 GB/1 TB SSD/Windows 11 Home/8 GB Graphics/NVIDIA Ge...,"₹1,34,990",4.5,112 Ratings,https://rukminim2.flixcart.com/image/312/312/xif0q/computer/1/a/f/-original-imahgfdy8czyaypq.jpeg?q=70,https://www.flipkart.com/hp-omen-ai-amd-ryzen-7-octa-core-350-24-gb-1-tb-ssd-windows-11-home-8-gb-graphics-nvidia-geforce-rtx-5050-16-ap0165ax-gaming-laptop/p/itm5661c90728083?pid=COMHEHHXKFQSABXZ&lid=LSTCOMHEHHXKFQSABXZEF3JCN&marketplace=FLIPKART&q=laptop&store=6bo%2Fb5g&srno=s_5_118&otracker=search&fm=organic&iid=en_yFECMEQfkAiTHRzprd7psARPHjIgTGFgJXJYmyiK3lJzJs4_m-CNpdIFp4I8eVjoSt8s0FwzStmVNuDw0YIb7vRQYaQqNgqexXd2bqUccoLqCFXhzdVKKDy5H43A1ndG&ppt=sp&ppn=sp&ssid=53t5ctxjr40000001784730939724&qH=312f91285e048e09&ov_redirect=true,AMD Ryzen AI 7 Octa Core Processor | 24 GB DDR5 RAM | Windows 11 Home Operating System | 1 TB SSD | 40.64 cm (16 Inch) Display | 1 Year Onsite Warranty
5,23,HP OMEN AI AMD Ryzen AI 7 Octa Core AI 7 350 - (24 GB/1 TB SSD/Windows 11 Home/8 GB Graphics/NVIDIA Ge...,"₹1,34,990",4.5,112 Ratings,https://rukminim2.flixcart.com/image/312/312/xif0q/computer/1/a/f/-original-imahgfdy8czyaypq.jpeg?q=70,https://www.flipkart.com/hp-omen-ai-amd-ryzen-7-octa-core-350-24-gb-1-tb-ssd-windows-11-home-8-gb-graphics-nvidia-geforce-rtx-5050-16-ap0165ax-gaming-laptop/p/itm5661c90728083?pid=COMHEHHXKFQSABXZ&lid=LSTCOMHEHHXKFQSABXZEF3JCN&marketplace=FLIPKART&q=laptop&store=6bo%2Fb5g&srno=s_5_119&otracker=search&fm=organic&iid=9a2c5c64-62a7-4d15-b2d2-00db59da1213.COMHEHHXKFQSABXZ.SEARCH&ppt=sp&ppn=sp&ssid=53t5ctxjr40000001784730939724&qH=312f91285e048e09&ov_redirect=true,AMD Ryzen AI 7 Octa Core Processor | 24 GB DDR5 RAM | Windows 11 Home Operating System | 1 TB SSD | 40.64 cm (16 Inch) Display | 1 Year Onsite Warranty
5,24,Acer Aspire 7 (i5 14th Gen) Intel Core 5 210H - (16 GB/512 GB SSD/Windows 11 Home/6 GB Graphics/NVIDIA...,"₹74,990",4.3,106 Ratings,https://rukminim2.flixcart.com/image/312/312/xif0q/computer/d/v/b/-original-imahjjyhfquyb7dv.jpeg?q=70,https://www.flipkart.com/acer-aspire-7-i5-14th-gen-intel-core-5-210h-16-gb-512-gb-ssd-windows-11-home-6-graphics-nvidia-geforce-rtx-3050-a715-79g-gaming-laptop/p/itm356d6c17565ef?pid=COMHGEUYN3UZFJRM&lid=LSTCOMHGEUYN3UZFJRM4GHADL&marketplace=FLIPKART&q=laptop&store=6bo%2Fb5g&srno=s_5_120&otracker=search&fm=organic&iid=9a2c5c64-62a7-4d15-b2d2-00db59da1213.COMHGEUYN3UZFJRM.SEARCH&ppt=sp&ppn=sp&ssid=53t5ctxjr40000001784730939724&qH=312f91285e048e09&ov_redirect=true,Intel Core 5 Processor | 16 GB DDR4 RAM | 64 bit Windows 11 Home Operating System | 512 GB SSD | 39.62 cm (15.6 Inch) Display | 1 Year Warranty
6,1,Samsung Galaxy Book4 Metal Intel Core i5 13th Gen 1335U - (8 GB/512 GB SSD/Windows 11 Home) NP750XGJ-K...,"₹56,990",4.4,"19,735 Ratings",https://rukminim2.flixcart.com/image/312/312/xif0q/computer/k/t/y/-enriched-transparent-original-imahg53xspmfrsdd.png?q=70,https://www.flipkart.com/samsung-galaxy-book4-metal-intel-core-i5-13th-gen-1335u-8-gb-512-gb-ssd-windows-11-home-np750xgj-kg1in-np750xgj-lg1in-np750xgj-lg6in-thin-light-laptop/p/itm1df5212efb9fc?pid=COMGZUYDFZXHWYWZ&lid=LSTCOMGZUYDFZXHWYWZJ6V2KW&marketplace=FLIPKART&q=laptop&store=6bo%2Fb5g&srno=s_6_121&otracker=search&fm=organic&iid=en_1qIIdxl_62nbzkykufBv_4rOMbEfrCxKIHfFLHZ5bk50F2RnvUSC7lAU83EsxjBSsfGME0kkMQMICwGxasfmZSpiZoP3ZcDDMuaOuWFYumPgae-kpFEgIWrWoEcewlkZ&ppt=sp&ppn=sp&ssid=riyctednpc0000001784730945053&qH=312f91285e048e09&ov_redirect=true,Intel Core i5 Processor (13th Gen) | 8 GB LPDDR4X RAM | 64 bit Windows 11 Operating System | 512 GB SSD | 39.62 cm (15.6 Inch) Display | 1 Year Manufacturer Warranty for Laptop and 6 Months for In-Box Accessories
6,2,Samsung Galaxy Book4 Metal Intel Core i3 13th Gen 1315U - (8 GB/512 GB SSD/Windows 11 Home) NP750XGJ-L...,"₹57,490",4.4,"10,670 Ratings",https://rukminim2.flixcart.com/image/312/312/xif0q/computer/q/k/o/-enriched-transparent-original-imahg53xmzmtsynn.png?q=70,https://www.flipkart.com/samsung-galaxy-book4-metal-intel-core-i3-13th-gen-1315u-8-gb-512-gb-ssd-windows-11-home-np750xgj-lg9in-thin-light-laptop/p/itmc29d559898e6f?pid=COMH4Y6KKRC9YSWE&lid=LSTCOMH4Y6KKRC9YSWERDUMZD&marketplace=FLIPKART&q=laptop&store=6bo%2Fb5g&srno=s_6_122&otracker=search&fm=organic&iid=en_1qIIdxl_62nbzkykufBv_4rOMbEfrCxKIHfFLHZ5bk67zW8Ca1u1dlLer2CzbP9cVqKfzRTPmTYCvEc1OQ2_kCChg9vAnpscSdI7uOc1ZHXgae-kpFEgIWrWoEcewlkZ&ppt=sp&ppn=sp&ssid=riyctednpc0000001784730945053&qH=312f91285e048e09&ov_redirect=true,Intel Core i3 Processor (13th Gen) | 8 GB LPDDR4X RAM | 64 bit Windows 11 Operating System | 512 GB SSD | 39.62 cm (15.6 Inch) Display | 1 Year Onsite Warranty
6,3,DELL 15 (2025) Microsoft Office Home 2024 Intel Core i5 13th Gen - (16 GB/512 GB SSD/Windows 11 Home) ...,"₹58,990",4.3,"1,450 Ratings",https://rukminim2.flixcart.com/image/312/312/xif0q/computer/q/t/k/-original-imahgx8wzexjwf68.jpeg?q=70,https://www.flipkart.com/dell-15-2025-microsoft-office-home-2024-intel-core-i5-13th-gen-16-gb-512-gb-ssd-windows-11-home-vostro-3530-rpl-thin-light-laptop/p/itm131ebb1b7cdce?pid=COMHBG6HU7GJGR8G&lid=LSTCOMHBG6HU7GJGR8GMYENLT&marketplace=FLIPKART&q=laptop&store=6bo%2Fb5g&srno=s_6_123&otracker=search&fm=organic&iid=447b5a77-2df6-45e3-ba61-b890be726387.COMHBG6HU7GJGR8G.SEARCH&ppt=sp&ppn=sp&ssid=riyctednpc0000001784730945053&qH=312f91285e048e09&ov_redirect=true,Intel Core i5 Processor (13th Gen) | 16 GB DDR4 RAM | Windows 11 Operating System | 512 GB SSD | 39.62 cm (15.6 Inch) Display | Microsoft Office Home 2024 | Dell Support Assist | 1 Year Onsite Hardware Service
6,4,Lenovo 100e Chromebook Gen 4 MediaTek MediaTek Kompanio 528 - (4 GB/64 GB EMMC Storage/Chrome OS) 100e...,"₹23,990",3.9,"1,499 Ratings",https://rukminim2.flixcart.com/image/312/312/xif0q/computer/c/g/4/-original-imahgfdyf6grkw9r.jpeg?q=70,https://www.flipkart.com/lenovo-100e-chromebook-gen-4-mediatek-kompanio-528-4-gb-64-gb-emmc-storage-chrome-os/p/itm2ea2371d3bde4?pid=COMHA9FKZ7KSC3SZ&lid=LSTCOMHA9FKZ7KSC3SZTEADVB&marketplace=FLIPKART&q=laptop&store=6bo%2Fb5g&srno=s_6_124&otracker=search&fm=organic&iid=447b5a77-2df6-45e3-ba61-b890be726387.COMHA9FKZ7KSC3SZ.SEARCH&ppt=sp&ppn=sp&ssid=riyctednpc0000001784730945053&qH=312f91285e048e09&ov_redirect=true,MediaTek MediaTek Kompanio 528 Processor | 4 GB LPDDR4X RAM | Chrome Operating System | 29.46 cm (11.6 Inch) Display | 1 Year Carry-in Warranty
6,5,Acer Predator Helios Neo 16S AI Intel Core Ultra 7 255HX - (16 GB/1 TB SSD/Windows 11 Home/8 GB Graphi...,"₹1,71,990",4.4,24 Ratings,https://rukminim2.flixcart.com/image/312/312/xif0q/computer/v/u/i/-original-imahe9x9gyhggy6f.jpeg?q=70,https://www.flipkart.com/acer-predator-helios-neo-16s-ai-intel-core-ultra-7-255hx-16-gb-1-tb-ssd-windows-11-home-8-gb-graphics-nvidia-geforce-rtx-5070-phn16s-71-gaming-laptop/p/itmc6d30f6de45a2?pid=COMHDT6GJMZG5PVP&lid=LSTCOMHDT6GJMZG5PVPTZ8JY9&marketplace=FLIPKART&q=laptop&store=6bo%2Fb5g&srno=s_6_125&otracker=search&fm=organic&iid=447b5a77-2df6-45e3-ba61-b890be726387.COMHDT6GJMZG5PVP.SEARCH&ppt=sp&ppn=sp&ssid=riyctednpc0000001784730945053&qH=312f91285e048e09&ov_redirect=true,Intel Core Ultra 7 Processor | 16 GB DDR5 RAM | 64 bit Windows 11 Home Operating System | 1 TB SSD | 40.64 cm (16 Inch) Display | 1 Year Warranty
6,6,DELL Alienware 16 Aurora (i7 14th Gen) Microsoft Office Home 2024 Intel Core 7 240H - (16 GB/1 TB SSD/...,"₹1,45,990",3.9,19 Ratings,https://rukminim2.flixcart.com/image/312/312/xif0q/computer/j/d/v/-original-imahzye35hmhz2bs.jpeg?q=70,https://www.flipkart.com/dell-alienware-16-aurora-i7-14th-gen-microsoft-office-home-2024-intel-core-7-240h-16-gb-1-tb-ssd-windows-11-home-8-gb-graphics-nvidia-geforce-rtx-5060-oan1625000901mino-gaming-laptop/p/itm5d0745cd0e132?pid=COMHDWZ6GNEBPEBF&lid=LSTCOMHDWZ6GNEBPEBFZQYJ1Y&marketplace=FLIPKART&q=laptop&store=6bo%2Fb5g&srno=s_6_126&otracker=search&fm=organic&iid=447b5a77-2df6-45e3-ba61-b890be726387.COMHDWZ6GNEBPEBF.SEARCH&ppt=sp&ppn=sp&ssid=riyctednpc0000001784730945053&qH=312f91285e048e09&ov_redirect=true,Intel Core 7 Processor | 16 GB DDR5 RAM | Windows 11 Operating System | 1 TB SSD | 40.64 cm (16 Inch) Display | Microsoft Office Home 2024 | Alienware Command Center | 1 Year Onsite Warranty
6,7,HP Omnibook 3 2K WUXGA Snapdragon X - (16 GB/512 GB SSD/Windows 11 Home) Omnibook 3 14-hz0024QU Laptop,"₹72,990",4.1,11 Ratings,https://rukminim2.flixcart.com/image/312/312/xif0q/computer/u/e/9/-original-imahzvfcsqpynrcd.jpeg?q=70,https://www.flipkart.com/hp-omnibook-3-2k-wuxga-snapdragon-x-16-gb-512-gb-ssd-windows-11-home-14-hz0024qu-laptop/p/itmbd5346cd09abc?pid=COMHZGK2ACSECZB5&lid=LSTCOMHZGK2ACSECZB52ALLPO&marketplace=FLIPKART&q=laptop&store=6bo%2Fb5g&srno=s_6_127&otracker=search&fm=organic&iid=en_1qIIdxl_62nbzkykufBv_4rOMbEfrCxKIHfFLHZ5bk7jGnWbsJXpf3MhtHlKdow_QDaMOpjaAqIhVlr2eDOqkK8WMJxc_eOD3pdFe_35DQXgae-kpFEgIWrWoEcewlkZ&ppt=sp&ppn=sp&ssid=riyctednpc0000001784730945053&qH=312f91285e048e09&ov_redirect=true,Snapdragon X Processor | 16 GB LPDDR5X RAM | Windows 11 Home Operating System | 512 GB SSD | 35.56 cm (14 inch) Display | MS Office Home 2024 | 1 Year Onsite Service
6,8,DELL 15 (Previouly Inspiron) AMD Ryzen 5 Quad Core 7520U - (8 GB/512 GB SSD/Windows 11 Home) DC15255 T...,"₹57,990",4.5,6 Ratings,https://rukminim2.flixcart.com/image/312/312/xif0q/computer/m/x/0/-original-imahzv9agugnddrg.jpeg?q=70,https://www.flipkart.com/dell-15-previouly-inspiron-amd-ryzen-5-quad-core-7520u-8-gb-512-gb-ssd-windows-11-home-dc15255-thin-light-laptop/p/itmb80bb4e819164?pid=COMHDXXUHGDCHMQX&lid=LSTCOMHDXXUHGDCHMQXUEUE9X&marketplace=FLIPKART&q=laptop&store=6bo%2Fb5g&srno=s_6_128&otracker=search&fm=organic&iid=en_1qIIdxl_62nbzkykufBv_4rOMbEfrCxKIHfFLHZ5bk7TboUhGymTlr-3E1zRxwSuKS7KjhXWMehRCKPAR7kLILb6bL0Zx_kaK68EeWHdQeDgae-kpFEgIWrWoEcewlkZ&ppt=sp&ppn=sp&ssid=riyctednpc0000001784730945053&qH=312f91285e048e09&ov_redirect=true,AMD Ryzen 5 Quad Core Processor | 8 GB LPDDR5 RAM | Windows 11 Operating System | 512 GB SSD | 38.1 cm (15 Inch) Display | 1 Year Onsite Warranty
6,9,ASUS ROG Zephyrus G16 OLED (2026) Intel Core Ultra 9 386H - (32 GB/2 TB SSD/Windows 11 Home/12 GB Grap...,"₹4,99,990",Not Found,Not Found,https://rukminim2.flixcart.com/image/312/312/xif0q/computer/b/d/3/-original-imahzwfkpke4ryht.jpeg?q=70,https://www.flipkart.com/asus-rog-zephyrus-g16-oled-2026-intel-core-ultra-9-386h-32-gb-2-tb-ssd-windows-11-home-12-gb-graphics-nvidia-geforce-rtx-5070-ti-240-hz-gu606ar-tb039ws-gaming-laptop/p/itmdee0c1001d6a1?pid=COMHNHH8FBHVAY2N&lid=LSTCOMHNHH8FBHVAY2NVLQNF7&marketplace=FLIPKART&q=laptop&store=6bo%2Fb5g&srno=s_6_129&otracker=search&fm=organic&iid=447b5a77-2df6-45e3-ba61-b890be726387.COMHNHH8FBHVAY2N.SEARCH&ppt=sp&ppn=sp&ssid=riyctednpc0000001784730945053&qH=312f91285e048e09&ov_redirect=true,"Intel Core Ultra 9 Processor | 32 GB LPDDR5X RAM | Windows 11 Home Operating System | 2 TB SSD | 40.64 cm (16 inch) Display | Microsoft Office Home 2024 (Lifetime Validity ) + Microsoft 365 Basic with 100GB Cloud Storage for 1 Year, McAfee 1 year, Xbox Game Pass for 2 months | 1 Year Onsite Service"
6,10,walker Intel Celeron Dual Core Intel N4020 - (4 GB/128 GB SSD/Windows 11 Home) NU14A2 Thin and Light L...,"₹30,000",Not Found,Not Found,https://rukminim2.flixcart.com/image/312/312/xif0q/computer/4/v/e/-original-imahpcujtf6bxz8z.jpeg?q=70,https://www.flipkart.com/walker-intel-celeron-dual-core-n4020-4-gb-128-gb-ssd-windows-11-home-nu14a2-thin-light-laptop/p/itmac8bb18fe144e?pid=COMHHXHGEGN7NHTN&lid=LSTCOMHHXHGEGN7NHTNLIU90G&marketplace=FLIPKART&q=laptop&store=6bo%2Fb5g&srno=s_6_130&otracker=search&fm=organic&iid=447b5a77-2df6-45e3-ba61-b890be726387.COMHHXHGEGN7NHTN.SEARCH&ppt=sp&ppn=sp&ssid=riyctednpc0000001784730945053&qH=312f91285e048e09&ov_redirect=true,Intel Celeron Dual Core Processor | 4 GB DDR4 RAM | 32 bit Windows 11 Operating System | 128 GB SSD | 35.56 cm (14 inch) Display | 1 Year Onsite Service
6,11,HP 15 (i5 14th Gen) Intel Core 5 120U - (24 GB/512 GB SSD/Windows 11 Home) 15-fd0262TU Thin and Light ...,"₹82,990",4.2,195 Ratings,https://rukminim2.flixcart.com/image/312/312/xif0q/computer/z/i/b/-original-imahzu4rwxnezv9x.jpeg?q=70,https://www.flipkart.com/hp-15-i5-14th-gen-intel-core-5-120u-24-gb-512-gb-ssd-windows-11-home-15-fd0262tu-thin-light-laptop/p/itm027a3317f4ff9?pid=COMHM94A7PHVCQT7&lid=LSTCOMHM94A7PHVCQT7QTPOH7&marketplace=FLIPKART&q=laptop&store=6bo%2Fb5g&srno=s_6_131&otracker=search&fm=organic&iid=en_1qIIdxl_62nbzkykufBv_4rOMbEfrCxKIHfFLHZ5bk5UTTmLW7hIH64rE66nhABeajNODExQ3AD2YwLVEpFEnL-0TByd-y2aowfbZcqv2qDgae-kpFEgIWrWoEcewlkZ&ppt=sp&ppn=sp&ssid=riyctednpc0000001784730945053&qH=312f91285e048e09&ov_redirect=true,Intel Core 5 Processor | 24 GB DDR5 RAM | Windows 11 Home Operating System | 512 GB SSD | 39.62 cm (15.6 inch) Display | Microsoft Office Home 2024 (Lifetime Validity ) + Microsoft 365(1-Year Validity) | 1 Year Onsite Service
6,12,Samsung Galaxy Book5 AI Metal Intel Core Ultra 5 225U - (16 GB/512 GB SSD/Windows 11 Home) NP750XHD Th...,"₹84,990",4.6,837 Ratings,https://rukminim2.flixcart.com/image/312/312/xif0q/computer/0/2/e/-original-imahzcf3jkkjkhgc.jpeg?q=70,https://www.flipkart.com/samsung-galaxy-book5-ai-metal-intel-core-ultra-5-225u-16-gb-512-gb-ssd-windows-11-home-np750xhd-thin-light-laptop/p/itmc33d2563d0ffc?pid=COMHE4ATPCZ9FXRP&lid=LSTCOMHE4ATPCZ9FXRP7N1GVG&marketplace=FLIPKART&q=laptop&store=6bo%2Fb5g&srno=s_6_132&otracker=search&fm=organic&iid=en_1qIIdxl_62nbzkykufBv_4rOMbEfrCxKIHfFLHZ5bk6PMvmXaplK32r3S7vHLCFb3WHJiuMjlX0EHxFVCjPkyeBu1d32v--9VSkIFt_qqVTgae-kpFEgIWrWoEcewlkZ&ppt=sp&ppn=sp&ssid=riyctednpc0000001784730945053&qH=312f91285e048e09&ov_redirect=true,Intel Core Ultra 5 Processor | 16 GB LPDDR5X RAM | 64 bit Windows 11 Operating System | 512 GB SSD | 39.62 cm (15.6 Inch) Display | MS Office Home and Student 2024 | 1 Year Manufacturer Warranty for Laptop and 6 Months for In-Box Accessories
6,13,Samsung Galaxy Book3 Pro EVO AMOLED Intel Core i7 13th Gen 1360P - (16 GB/1 TB SSD/Windows 11 Home) NP...,"₹86,490",4.6,29 Ratings,https://rukminim2.flixcart.com/image/312/312/xif0q/computer/n/w/0/-original-imahg5ftchwagrwx.jpeg?q=70,https://www.flipkart.com/samsung-galaxy-book3-pro-evo-amoled-intel-core-i7-13th-gen-1360p-16-gb-1-tb-ssd-windows-11-home-np940xfg-kc5in-thin-light-laptop/p/itm56e22bce344e5?pid=COMGPXFFZ7R7ZQJ9&lid=LSTCOMGPXFFZ7R7ZQJ99AJJRH&marketplace=FLIPKART&q=laptop&store=6bo%2Fb5g&srno=s_6_133&otracker=search&fm=organic&iid=447b5a77-2df6-45e3-ba61-b890be726387.COMGPXFFZ7R7ZQJ9.SEARCH&ppt=sp&ppn=sp&ssid=riyctednpc0000001784730945053&qH=312f91285e048e09&ov_redirect=true,Intel Core i7 Processor (13th Gen) | 16 GB DDR5 RAM | Windows 11 Operating System | 1 TB SSD | 35.56 cm (14 Inch) Display | 1 Year Onsite Warranty
6,14,"ASUS Vivobook S16 (2026) with Metallic Design, Gaming Grade CPU AMD Ryzen 5 220 - (16 GB/512 GB SSD/Wi...","₹74,990",4.4,38 Ratings,https://rukminim2.flixcart.com/image/312/312/xif0q/computer/l/k/s/-original-imahzwfkkmcxyw5j.jpeg?q=70,https://www.flipkart.com/asus-vivobook-s16-2026-metallic-design-gaming-grade-cpu-amd-ryzen-5-220-16-gb-512-gb-ssd-windows-11-home-m3607ha-rp219ws-thin-light-laptop/p/itm68882d208580b?pid=COMHHHBZCZ24FT89&lid=LSTCOMHHHBZCZ24FT89FOBJTC&marketplace=FLIPKART&q=laptop&store=6bo%2Fb5g&srno=s_6_134&otracker=search&fm=organic&iid=447b5a77-2df6-45e3-ba61-b890be726387.COMHHHBZCZ24FT89.SEARCH&ppt=sp&ppn=sp&ssid=riyctednpc0000001784730945053&qH=312f91285e048e09&ov_redirect=true,"AMD Ryzen 5 Processor | 16 GB DDR5 RAM | Windows 11 Home Operating System | 512 GB SSD | 40.64 cm (16 inch) Display | MSO 2024 for lifetime + Microsoft 365 Basic with 100GB Cloud Storage for 1 Year, McAfee 1 year | 1 Year Onsite Warranty"
6,15,Samsung Galaxy Book4 Edge Series Copilot AI-PC Full Metal Chasis Snapdragon X - (16 GB/512 GB SSD/Wind...,"₹69,990",4.4,"3,287 Ratings",https://rukminim2.flixcart.com/image/312/312/xif0q/computer/a/g/p/-enriched-transparent-original-imahgwkqughzkwt3.png?q=70,https://www.flipkart.com/samsung-galaxy-book4-edge-series-copilot-ai-pc-full-metal-chasis-snapdragon-x-16-gb-512-gb-ssd-windows-11-home-np750xqb-ka1in-thin-light-laptop/p/itm1d61ec8d90cc7?pid=COMHE4ATFWNVHXHS&lid=LSTCOMHE4ATFWNVHXHSIHS0FO&marketplace=FLIPKART&q=laptop&store=6bo%2Fb5g&srno=s_6_135&otracker=search&fm=organic&iid=447b5a77-2df6-45e3-ba61-b890be726387.COMHE4ATFWNVHXHS.SEARCH&ppt=sp&ppn=sp&ssid=riyctednpc0000001784730945053&qH=312f91285e048e09&ov_redirect=true,Snapdragon X Processor | 16 GB LPDDR5X RAM | 64 bit Windows 11 Operating System | 512 GB SSD | 39.62 cm (15.6 Inch) Display | MS Office Home and Student 2024 | 1 Year Manufacturer Warranty for Laptop and 6 Months for In-Box Accessories
6,16,"ASUS Vivobook 16 (2025), Copilot + PC with Backlit Keyboard, AI PC, Snapdragon X - (16 GB/512 GB SSD/W...","₹61,990",4.1,169 Ratings,https://rukminim2.flixcart.com/image/312/312/xif0q/computer/g/i/0/-original-imahg5fx22kacqjp.jpeg?q=70,https://www.flipkart.com/asus-vivobook-16-2025-copilot-pc-backlit-keyboard-ai-pc-snapdragon-x-16-gb-512-gb-ssd-windows-11-home-x1607qa-mb049ws-thin-light-laptop/p/itmaff92a0acb4ff?pid=COMH9EVGZHTHHPFH&lid=LSTCOMH9EVGZHTHHPFHWI6NKH&marketplace=FLIPKART&q=laptop&store=6bo%2Fb5g&srno=s_6_136&otracker=search&fm=organic&iid=447b5a77-2df6-45e3-ba61-b890be726387.COMH9EVGZHTHHPFH.SEARCH&ppt=sp&ppn=sp&ssid=riyctednpc0000001784730945053&qH=312f91285e048e09&ov_redirect=true,"Snapdragon X Processor | 16 GB LPDDR5X RAM | Windows 11 Home Operating System | 512 GB SSD | 40.64 cm (16 Inch) Display | Microsoft Office Home 2024 (Lifetime Validity ) + Microsoft 365 Basic*(1-Year Validity), One-Month Membership of Adobe Creative Cloud All Apps | 1 Year Onsite Warranty"
6,17,HP 14 AI PC Intel Core Ultra 7 155H - (16 GB/512 GB SSD/Windows 11 Home) 14-ep1151TU/14-gr1036TU/14-ep...,"₹79,990",4.1,790 Ratings,https://rukminim2.flixcart.com/image/312/312/xif0q/computer/o/9/k/-original-imahgry8nwkejmae.jpeg?q=70,https://www.flipkart.com/hp-14-ai-pc-intel-core-ultra-7-155h-16-gb-512-gb-ssd-windows-11-home-14-ep1151tu-14-gr1036tu-14-ep1151tu-thin-light-laptop/p/itm4c681812b88bf?pid=COMHF8G932EYZAJF&lid=LSTCOMHF8G932EYZAJFOUI9CA&marketplace=FLIPKART&q=laptop&store=6bo%2Fb5g&srno=s_6_137&otracker=search&fm=organic&iid=en_1qIIdxl_62nbzkykufBv_4rOMbEfrCxKIHfFLHZ5bk6TK91yPRnBz5fOMGs41wyP3zzcGhlXkGO1hWP1UU6KY6U4JGq2qGfuCYjFJWjKqlRJSZLoWTeXR7Lb_w-IVbg6&ppt=sp&ppn=sp&ssid=riyctednpc0000001784730945053&qH=312f91285e048e09&ov_redirect=true,Intel Core Ultra 7 Processor | 16 GB DDR5 RAM | Windows 11 Home Operating System | 512 GB SSD | 35.56 cm (14 Inch) Display | 1 Year Onsite Warranty
6,18,HP 14 AI PC Intel Core Ultra 7 155H - (16 GB/1 TB SSD/Windows 11 Home) 14-ep1152TU Thin and Light Lapt...,"₹85,990",4.1,790 Ratings,https://rukminim2.flixcart.com/image/312/312/xif0q/computer/a/h/z/-original-imahgh9exfmtg44y.jpeg?q=70,https://www.flipkart.com/hp-14-ai-pc-intel-core-ultra-7-155h-16-gb-1-tb-ssd-windows-11-home-14-ep1152tu-thin-light-laptop/p/itm448874079369f?pid=COMHG98EXZ3AJYZN&lid=LSTCOMHG98EXZ3AJYZNODD67U&marketplace=FLIPKART&q=laptop&store=6bo%2Fb5g&srno=s_6_138&otracker=search&fm=organic&iid=en_1qIIdxl_62nbzkykufBv_4rOMbEfrCxKIHfFLHZ5bk4_I3Z0x6f95Xj1QIAqQmhma95Ym7PGNlW2mSQwI-DoQCGkgDYpheMzpTOfbcb9jJpJSZLoWTeXR7Lb_w-IVbg6&ppt=sp&ppn=sp&ssid=riyctednpc0000001784730945053&qH=312f91285e048e09&ov_redirect=true,Intel Core Ultra 7 Processor | 16 GB DDR5 RAM | Windows 11 Home Operating System | 1 TB SSD | 35.56 cm (14 Inch) Display | 1 Year Onsite Warranty
6,19,Lenovo IdeaPad Slim 3 with 1Yr ADP AMD Ryzen 5 Quad Core 7520U - (16 GB/512 GB SSD/Windows 11 Home) 15...,"₹72,190",4.1,367 Ratings,https://rukminim2.flixcart.com/image/312/312/xif0q/computer/i/x/d/-original-imahgk9zhrpnbfja.jpeg?q=70,https://www.flipkart.com/lenovo-ideapad-slim-3-1yr-adp-amd-ryzen-5-quad-core-7520u-16-gb-512-gb-ssd-windows-11-home-15amn8-thin-light-laptop/p/itm76f0e5d975817?pid=COMGRU9ZYEHC4H5K&lid=LSTCOMGRU9ZYEHC4H5K42JTOL&marketplace=FLIPKART&q=laptop&store=6bo%2Fb5g&srno=s_6_139&otracker=search&fm=organic&iid=447b5a77-2df6-45e3-ba61-b890be726387.COMGRU9ZYEHC4H5K.SEARCH&ppt=sp&ppn=sp&ssid=riyctednpc0000001784730945053&qH=312f91285e048e09&ov_redirect=true,AMD Ryzen 5 Quad Core Processor | 16 GB LPDDR5 RAM | Windows 11 Operating System | 512 GB SSD | 39.62 cm (15.6 Inch) Display | Microsoft Office Home & Student 2021 | 1 Yr. Onsite + 1 Yr. Accidental Damage Protection
6,20,HP Essentials(i5 14th Gen) Intel Core 5 13th Gen 120U - (8 GB/1 TB SSD/Windows 11 Home) 15-FD0549TU Th...,"₹59,990",4.5,10 Ratings,https://rukminim2.flixcart.com/image/312/312/xif0q/computer/h/f/n/-original-imahfsjyqgcphjeh.jpeg?q=70,https://www.flipkart.com/hp-essentials-i5-14th-gen-intel-core-5-13th-gen-120u-8-gb-1-tb-ssd-windows-11-home-15-fd0549tu-thin-light-laptop/p/itm426d2307326b2?pid=COMHFKPVKEQZJYVX&lid=LSTCOMHFKPVKEQZJYVXGB0ABE&marketplace=FLIPKART&q=laptop&store=6bo%2Fb5g&srno=s_6_140&otracker=search&fm=organic&iid=447b5a77-2df6-45e3-ba61-b890be726387.COMHFKPVKEQZJYVX.SEARCH&ppt=sp&ppn=sp&ssid=riyctednpc0000001784730945053&qH=312f91285e048e09&ov_redirect=true,Intel Core 5 Processor (13th Gen) | 8 GB DDR4 RAM | Windows 11 Home Operating System | 1 TB SSD | 39.62 cm (15.6 Inch) Display | 1 Year Warranty and Only 6 Months Warranty on Battery and Adaptor
6,21,Samsung Galaxy Book5 AI Metal Intel Core Ultra 7 255U - (16 GB/512 GB SSD/Windows 11 Home) NP750XHD Th...,"₹91,990",4.6,463 Ratings,https://rukminim2.flixcart.com/image/312/312/xif0q/computer/0/2/e/-original-imahzcf3jkkjkhgc.jpeg?q=70,https://www.flipkart.com/samsung-galaxy-book5-ai-metal-intel-core-ultra-7-255u-16-gb-512-gb-ssd-windows-11-home-np750xhd-thin-light-laptop/p/itma9c081cdbe95d?pid=COMHE4ATBCUTGUYT&lid=LSTCOMHE4ATBCUTGUYTJZ7NHN&marketplace=FLIPKART&q=laptop&store=6bo%2Fb5g&srno=s_6_141&otracker=search&fm=organic&iid=en_1qIIdxl_62nbzkykufBv_4rOMbEfrCxKIHfFLHZ5bk5O8hMJ0FDe-urLlwItQcRJ_54vlUw9QAlUFlRYR6QtY8H5LP6GMXD1iSKF2pPmS-Tgae-kpFEgIWrWoEcewlkZ&ppt=sp&ppn=sp&ssid=riyctednpc0000001784730945053&qH=312f91285e048e09&ov_redirect=true,Intel Core Ultra 7 Processor | 16 GB LPDDR5X RAM | 64 bit Windows 11 Operating System | 512 GB SSD | 39.62 cm (15.6 Inch) Display | MS Office Home and Student 2024 | 1 Year Manufacturer Warranty for Laptop and 6 Months for In-Box Accessories
6,22,HP OMEN AI AMD Ryzen AI 7 Octa Core AI 7 350 - (24 GB/1 TB SSD/Windows 11 Home/8 GB Graphics/NVIDIA Ge...,"₹1,34,990",4.5,112 Ratings,https://rukminim2.flixcart.com/image/312/312/xif0q/computer/1/a/f/-original-imahgfdy8czyaypq.jpeg?q=70,https://www.flipkart.com/hp-omen-ai-amd-ryzen-7-octa-core-350-24-gb-1-tb-ssd-windows-11-home-8-gb-graphics-nvidia-geforce-rtx-5050-16-ap0165ax-gaming-laptop/p/itm5661c90728083?pid=COMHEHHXKFQSABXZ&lid=LSTCOMHEHHXKFQSABXZEF3JCN&marketplace=FLIPKART&q=laptop&store=6bo%2Fb5g&srno=s_6_142&otracker=search&fm=organic&iid=en_1qIIdxl_62nbzkykufBv_4rOMbEfrCxKIHfFLHZ5bk5jPasYSfmRV27tLuEi-DsHSt8s0FwzStmVNuDw0YIb7vRQYaQqNgqexXd2bqUccoJutiYFZitabsVRk1n1kESm&ppt=sp&ppn=sp&ssid=riyctednpc0000001784730945053&qH=312f91285e048e09&ov_redirect=true,AMD Ryzen AI 7 Octa Core Processor | 24 GB DDR5 RAM | Windows 11 Home Operating System | 1 TB SSD | 40.64 cm (16 Inch) Display | 1 Year Onsite Warranty
6,23,Lenovo IdeaPad Slim 5 WUXGA IPS Office 2024 Full Metal Body AMD Ryzen 7 Octa Core 7735HS - (16 GB/512 ...,"₹77,990",4.1,117 Ratings,https://rukminim2.flixcart.com/image/312/312/xif0q/computer/k/d/o/-original-imahfkh3hurxyvtf.jpeg?q=70,https://www.flipkart.com/lenovo-ideapad-slim-5-wuxga-ips-office-2024-full-metal-body-amd-ryzen-7-octa-core-7735hs-16-gb-512-gb-ssd-windows-11-home-13arp10-thin-light-laptop/p/itmce73e91ed2bfc?pid=COMH8ZYXDKUYTDW9&lid=LSTCOMH8ZYXDKUYTDW9OQ5RDT&marketplace=FLIPKART&q=laptop&store=6bo%2Fb5g&srno=s_6_143&otracker=search&fm=organic&iid=447b5a77-2df6-45e3-ba61-b890be726387.COMH8ZYXDKUYTDW9.SEARCH&ppt=sp&ppn=sp&ssid=riyctednpc0000001784730945053&qH=312f91285e048e09&ov_redirect=true,AMD Ryzen 7 Octa Core Processor | 16 GB LPDDR5X RAM | Windows 11 Home Operating System | 512 GB SSD | 33.78 cm (13.3 Inch) Display | 1 Year Onsite Warranty
6,24,Acer Aspire Lite Intel Core i3 12th Gen 1215U - (16 GB/512 GB SSD/Windows 11 Home) AL15-52 Thin and Li...,"₹49,990",4.1,"1,090 Ratings",https://rukminim2.flixcart.com/image/312/312/xif0q/computer/7/n/r/al15-51-thin-and-light-laptop-acer-original-imagrtakqhprf7eu.jpeg?q=70,https://www.flipkart.com/acer-aspire-lite-intel-core-i3-12th-gen-1215u-16-gb-512-gb-ssd-windows-11-home-al15-52-thin-light-laptop/p/itm130746bcc0e38?pid=COMGWKF2QYG6XNCZ&lid=LSTCOMGWKF2QYG6XNCZRHWCKU&marketplace=FLIPKART&q=laptop&store=6bo%2Fb5g&srno=s_6_144&otracker=search&fm=organic&iid=447b5a77-2df6-45e3-ba61-b890be726387.COMGWKF2QYG6XNCZ.SEARCH&ppt=sp&ppn=sp&ssid=riyctednpc0000001784730945053&qH=312f91285e048e09&ov_redirect=true,Intel Core i3 Processor (12th Gen) | 16 GB DDR4 RAM | Windows 11 Operating System | 512 GB SSD | 39.62 cm (15.6 Inch) Display | 1 Year Onsite Warranty
7,1,Acer Aspire 7 (i5 14th Gen) Intel Core 5 210H - (16 GB/512 GB SSD/Windows 11 Home/6 GB Graphics/NVIDIA...,"₹84,999",4.3,151 Ratings,https://rukminim2.flixcart.com/image/312/312/xif0q/computer/x/r/h/-original-imahgfdfymbzq8ym.jpeg?q=70,https://www.flipkart.com/acer-aspire-7-i5-14th-gen-intel-core-5-210h-16-gb-512-gb-ssd-windows-11-home-6-graphics-nvidia-geforce-rtx-4050-a715-79g-gaming-laptop/p/itm96c08ed7d9792?pid=COMHEYV9AZZXC8PC&lid=LSTCOMHEYV9AZZXC8PCE20HTI&marketplace=FLIPKART&q=laptop&store=6bo%2Fb5g&srno=s_7_145&otracker=search&fm=organic&iid=8c27e432-9fce-468c-acd7-95f358332be4.COMHEYV9AZZXC8PC.SEARCH&ppt=sp&ppn=sp&ssid=894ckifppc0000001784730950420&qH=312f91285e048e09&ov_redirect=true,Intel Core 5 Processor | 16 GB DDR4 RAM | 64 bit Windows 11 Home Operating System | 512 GB SSD | 39.62 cm (15.6 Inch) Display | 1 Year Warranty
7,2,"ASUS Vivobook 14 (2025) with Office 2024 + M365 Basic*, Backlit Keyboard, Intel Core Ultra 5 225H - (1...","₹74,990",4.4,526 Ratings,https://rukminim2.flixcart.com/image/312/312/xif0q/computer/f/p/d/-original-imahgfdft2e4zkc5.jpeg?q=70,https://www.flipkart.com/asus-vivobook-14-2025-office-2024-m365-basic-backlit-keyboard-intel-core-ultra-5-225h-16-gb-1-tb-ssd-windows-11-home-x1407ca-ly1581ws-thin-light-laptop/p/itm3747a23544888?pid=COMHCQ5EAUHHZW4D&lid=LSTCOMHCQ5EAUHHZW4DT133UG&marketplace=FLIPKART&q=laptop&store=6bo%2Fb5g&srno=s_7_146&otracker=search&fm=organic&iid=8c27e432-9fce-468c-acd7-95f358332be4.COMHCQ5EAUHHZW4D.SEARCH&ppt=sp&ppn=sp&ssid=894ckifppc0000001784730950420&qH=312f91285e048e09&ov_redirect=true,"Intel Core Ultra 5 Processor | 16 GB DDR5 RAM | Windows 11 Home Operating System | 1 TB SSD | 35.56 cm (14 Inch) Display | Microsoft Office Home 2024 (Lifetime Validity ) + Microsoft 365 Basic*(1-Year Validity), One-Month Membership of Adobe Creative Cloud All Apps, McAfee 1 year | 1 Year Onsite Warranty"
7,3,Samsung Galaxy Book4 Metal Intel Core i5 13th Gen 1335U - (8 GB/512 GB SSD/Windows 11 Home) NP750XGJ-K...,"₹56,990",4.4,"19,735 Ratings",https://rukminim2.flixcart.com/image/312/312/xif0q/computer/k/t/y/-enriched-transparent-original-imahg53xspmfrsdd.png?q=70,https://www.flipkart.com/samsung-galaxy-book4-metal-intel-core-i5-13th-gen-1335u-8-gb-512-gb-ssd-windows-11-home-np750xgj-kg1in-np750xgj-lg1in-np750xgj-lg6in-thin-light-laptop/p/itm1df5212efb9fc?pid=COMGZUYDFZXHWYWZ&lid=LSTCOMGZUYDFZXHWYWZJ6V2KW&marketplace=FLIPKART&q=laptop&store=6bo%2Fb5g&srno=s_7_147&otracker=search&fm=organic&iid=en_Hsz4kOt4QvhJWs7C1qshEf2y32PMWwh2m35LidOH_fADcCZn5_rxzgi5xDe6Up8NsfGME0kkMQMICwGxasfmZSpiZoP3ZcDDMuaOuWFYumNI6M0hMpKqXScYrHcLo0nX&ppt=sp&ppn=sp&ssid=894ckifppc0000001784730950420&qH=312f91285e048e09&ov_redirect=true,Intel Core i5 Processor (13th Gen) | 8 GB LPDDR4X RAM | 64 bit Windows 11 Operating System | 512 GB SSD | 39.62 cm (15.6 Inch) Display | 1 Year Manufacturer Warranty for Laptop and 6 Months for In-Box Accessories
7,4,Samsung Galaxy Book4 Metal Intel Core i3 13th Gen 1315U - (8 GB/512 GB SSD/Windows 11 Home) NP750XGJ-L...,"₹57,490",4.4,"10,670 Ratings",https://rukminim2.flixcart.com/image/312/312/xif0q/computer/q/k/o/-enriched-transparent-original-imahg53xmzmtsynn.png?q=70,https://www.flipkart.com/samsung-galaxy-book4-metal-intel-core-i3-13th-gen-1315u-8-gb-512-gb-ssd-windows-11-home-np750xgj-lg9in-thin-light-laptop/p/itmc29d559898e6f?pid=COMH4Y6KKRC9YSWE&lid=LSTCOMH4Y6KKRC9YSWERDUMZD&marketplace=FLIPKART&q=laptop&store=6bo%2Fb5g&srno=s_7_148&otracker=search&fm=organic&iid=en_Hsz4kOt4QvhJWs7C1qshEf2y32PMWwh2m35LidOH_fBDvb7xKOblGyuHmp-WmJkfVqKfzRTPmTYCvEc1OQ2_kCChg9vAnpscSdI7uOc1ZHVI6M0hMpKqXScYrHcLo0nX&ppt=sp&ppn=sp&ssid=894ckifppc0000001784730950420&qH=312f91285e048e09&ov_redirect=true,Intel Core i3 Processor (13th Gen) | 8 GB LPDDR4X RAM | 64 bit Windows 11 Operating System | 512 GB SSD | 39.62 cm (15.6 Inch) Display | 1 Year Onsite Warranty
7,5,Lenovo IdeaPad Pro 5 with 1Yr ADP Intel Core Ultra 9 285H - (32 GB/1 TB SSD/Windows 11 Home) 14IAH10 T...,"₹1,35,990",4.4,68 Ratings,https://rukminim2.flixcart.com/image/312/312/xif0q/computer/l/k/f/-original-imahfkh3qpgzrzcw.jpeg?q=70,https://www.flipkart.com/lenovo-ideapad-pro-5-1yr-adp-intel-core-ultra-9-285h-32-gb-1-tb-ssd-windows-11-home-14iah10-thin-light-laptop/p/itmd7d69c58f3bc7?pid=COMHEAQTBUKSCUZE&lid=LSTCOMHEAQTBUKSCUZELO7MJY&marketplace=FLIPKART&q=laptop&store=6bo%2Fb5g&srno=s_7_149&otracker=search&fm=organic&iid=8c27e432-9fce-468c-acd7-95f358332be4.COMHEAQTBUKSCUZE.SEARCH&ppt=sp&ppn=sp&ssid=894ckifppc0000001784730950420&qH=312f91285e048e09&ov_redirect=true,Intel Core Ultra 9 Processor | 32 GB LPDDR5X RAM | Windows 11 Home Operating System | 1 TB SSD | 35.56 cm (14 Inch) Display | 1 Year Onsite Warranty
7,6,Acer Aspire 3 Intel Celeron Dual Core - (8 GB/256 GB SSD/Windows 11 Home) A311-45 Thin and Light Lapto...,"₹32,799",3.8,"9,828 Ratings",https://rukminim2.flixcart.com/image/312/312/xif0q/computer/d/s/x/-original-imahg5ftu2dzvyu8.jpeg?q=70,https://www.flipkart.com/acer-aspire-3-intel-celeron-dual-core-8-gb-256-gb-ssd-windows-11-home-a311-45-thin-light-laptop/p/itmad38595c5a902?pid=COMH7NCZ8BARKXFF&lid=LSTCOMH7NCZ8BARKXFFT7KZLT&marketplace=FLIPKART&q=laptop&store=6bo%2Fb5g&srno=s_7_150&otracker=search&fm=organic&iid=8c27e432-9fce-468c-acd7-95f358332be4.COMH7NCZ8BARKXFF.SEARCH&ppt=sp&ppn=sp&ssid=894ckifppc0000001784730950420&qH=312f91285e048e09&ov_redirect=true,Intel Celeron Dual Core Processor | 8 GB DDR4 RAM | 64 bit Windows 11 Home Operating System | 256 GB SSD | 29.46 cm (11.6 Inch) Display | 1 Year Warranty
7,7,HP Omnibook 3 2K WUXGA Snapdragon X - (16 GB/512 GB SSD/Windows 11 Home) Omnibook 3 14-hz0024QU Laptop,"₹72,990",4.1,11 Ratings,https://rukminim2.flixcart.com/image/312/312/xif0q/computer/u/e/9/-original-imahzvfcsqpynrcd.jpeg?q=70,https://www.flipkart.com/hp-omnibook-3-2k-wuxga-snapdragon-x-16-gb-512-gb-ssd-windows-11-home-14-hz0024qu-laptop/p/itmbd5346cd09abc?pid=COMHZGK2ACSECZB5&lid=LSTCOMHZGK2ACSECZB52ALLPO&marketplace=FLIPKART&q=laptop&store=6bo%2Fb5g&srno=s_7_151&otracker=search&fm=organic&iid=en_Hsz4kOt4QvhJWs7C1qshEf2y32PMWwh2m35LidOH_fAPN1sAgBXmo_hmC15PynHeQDaMOpjaAqIhVlr2eDOqkK8WMJxc_eOD3pdFe_35DQVI6M0hMpKqXScYrHcLo0nX&ppt=sp&ppn=sp&ssid=894ckifppc0000001784730950420&qH=312f91285e048e09&ov_redirect=true,Snapdragon X Processor | 16 GB LPDDR5X RAM | Windows 11 Home Operating System | 512 GB SSD | 35.56 cm (14 inch) Display | MS Office Home 2024 | 1 Year Onsite Service
7,8,HP 15 (i5 14th Gen) Intel Core 5 120U - (24 GB/512 GB SSD/Windows 11 Home) 15-fd0262TU Thin and Light ...,"₹82,990",4.2,195 Ratings,https://rukminim2.flixcart.com/image/312/312/xif0q/computer/z/i/b/-original-imahzu4rwxnezv9x.jpeg?q=70,https://www.flipkart.com/hp-15-i5-14th-gen-intel-core-5-120u-24-gb-512-gb-ssd-windows-11-home-15-fd0262tu-thin-light-laptop/p/itm027a3317f4ff9?pid=COMHM94A7PHVCQT7&lid=LSTCOMHM94A7PHVCQT7QTPOH7&marketplace=FLIPKART&q=laptop&store=6bo%2Fb5g&srno=s_7_152&otracker=search&fm=organic&iid=en_Hsz4kOt4QvhJWs7C1qshEf2y32PMWwh2m35LidOH_fBvaIPPotQHr1yhjGfcFIAgajNODExQ3AD2YwLVEpFEnHQxmIaeT1eVU6lHR1JOxyBI6M0hMpKqXScYrHcLo0nX&ppt=sp&ppn=sp&ssid=894ckifppc0000001784730950420&qH=312f91285e048e09&ov_redirect=true,Intel Core 5 Processor | 24 GB DDR5 RAM | Windows 11 Home Operating System | 512 GB SSD | 39.62 cm (15.6 inch) Display | Microsoft Office Home 2024 (Lifetime Validity ) + Microsoft 365(1-Year Validity) | 1 Year Onsite Service
7,9,ASUS TUF Gaming F16 (2025) with Office 2024 + M365 Basic* Intel Core i7 14th Gen 14650HX - (32 GB/1 TB...,"₹1,99,990",4.8,31 Ratings,https://rukminim2.flixcart.com/image/312/312/xif0q/computer/t/6/n/-original-imahpdyhj6dkzufg.jpeg?q=70,https://www.flipkart.com/asus-tuf-gaming-f16-2025-office-2024-m365-basic-intel-core-i7-14th-gen-14650hx-32-gb-1-tb-ssd-windows-11-home-8-gb-graphics-nvidia-geforce-rtx-5070-165-hz-fx688jpr-qt043ws-laptop/p/itm8c23f3b4e57ad?pid=COMHCQ4K6VFCWQ2B&lid=LSTCOMHCQ4K6VFCWQ2BPWVELZ&marketplace=FLIPKART&q=laptop&store=6bo%2Fb5g&srno=s_7_153&otracker=search&fm=organic&iid=8c27e432-9fce-468c-acd7-95f358332be4.COMHCQ4K6VFCWQ2B.SEARCH&ppt=sp&ppn=sp&ssid=894ckifppc0000001784730950420&qH=312f91285e048e09&ov_redirect=true,"Intel Core i7 Processor (14th Gen) | 32 GB DDR5 RAM | Windows 11 Home Operating System | 1 TB SSD | 40.64 cm (16 Inch) Display | Microsoft Office Home 2024 (Lifetime Validity ) + Microsoft 365 Basic*(1-Year Validity), , McAfee 1 year, Xbox Game Pass for 3 months | 1 Year Onsite Warranty"
7,10,Acer Aspire 3 AMD Ryzen 3 Quad Core 7330U - (8 GB/256 GB SSD/Windows 11 Home) AS15-42 Thin and Light L...,"₹48,104",4.1,"1,002 Ratings",https://rukminim2.flixcart.com/image/312/312/xif0q/computer/0/t/s/-original-imahnt7jpy3mrfgz.jpeg?q=70,https://www.flipkart.com/acer-aspire-3-amd-ryzen-quad-core-7330u-8-gb-256-gb-ssd-windows-11-home-as15-42-thin-light-laptop/p/itmdaf15e01a1d1a?pid=COMH898FYYFGRAFZ&lid=LSTCOMH898FYYFGRAFZRSRCGK&marketplace=FLIPKART&q=laptop&store=6bo%2Fb5g&srno=s_7_154&otracker=search&fm=organic&iid=8c27e432-9fce-468c-acd7-95f358332be4.COMH898FYYFGRAFZ.SEARCH&ppt=sp&ppn=sp&ssid=894ckifppc0000001784730950420&qH=312f91285e048e09&ov_redirect=true,AMD Ryzen 3 Quad Core Processor | 8 GB DDR4 RAM | Windows 11 Operating System | 256 GB SSD | 39.62 cm (15.6 inch) Display | 1 Year Onsite Warranty
7,11,HP 15 AMD Ryzen 7 Octa Core 7730U - (16 GB/512 GB SSD/Windows 11 Home) 15-fc0761AU Thin and Light Lapt...,"₹78,990",4.4,67 Ratings,https://rukminim2.flixcart.com/image/312/312/xif0q/computer/e/t/p/-original-imahhjyugkghz6yp.jpeg?q=70,https://www.flipkart.com/hp-15-amd-ryzen-7-octa-core-7730u-16-gb-512-gb-ssd-windows-11-home-15-fc0761au-thin-light-laptop/p/itm61f1a7157aecd?pid=COMHKXYAB4KG9YRY&lid=LSTCOMHKXYAB4KG9YRYDUWFIG&marketplace=FLIPKART&q=laptop&store=6bo%2Fb5g&srno=s_7_155&otracker=search&fm=organic&iid=8c27e432-9fce-468c-acd7-95f358332be4.COMHKXYAB4KG9YRY.SEARCH&ppt=sp&ppn=sp&ssid=894ckifppc0000001784730950420&qH=312f91285e048e09&ov_redirect=true,AMD Ryzen 7 Octa Core Processor | 16 GB DDR4 RAM | Windows 11 Home Operating System | 512 GB SSD | 39.62 cm (15.6 inch) Display | MS Office Home 2024 + MISC PC Game Pass DA 3M | 1 Year Onsite Service
7,12,Acer Aspire 3 Intel Celeron Dual Core - (8 GB/128 GB SSD/Windows 11 Home) A311-45 Thin and Light Lapto...,"₹33,250",3.8,"9,828 Ratings",https://rukminim2.flixcart.com/image/312/312/xif0q/computer/d/s/x/-original-imahg5ftu2dzvyu8.jpeg?q=70,https://www.flipkart.com/acer-aspire-3-intel-celeron-dual-core-8-gb-128-gb-ssd-windows-11-home-a311-45-thin-light-laptop/p/itmad38595c5a902?pid=COMH7NCZGGGWQC4W&lid=LSTCOMH7NCZGGGWQC4WA6EIVT&marketplace=FLIPKART&q=laptop&store=6bo%2Fb5g&srno=s_7_156&otracker=search&fm=organic&iid=8c27e432-9fce-468c-acd7-95f358332be4.COMH7NCZGGGWQC4W.SEARCH&ppt=sp&ppn=sp&ssid=894ckifppc0000001784730950420&qH=312f91285e048e09&ov_redirect=true,Intel Celeron Dual Core Processor | 8 GB DDR4 RAM | 64 bit Windows 11 Home Operating System | 128 GB SSD | 29.46 cm (11.6 Inch) Display | 1 Year Warranty
7,13,DELL 15 (Previouly Inspiron) AMD Ryzen 5 Quad Core 7520U - (8 GB/512 GB SSD/Windows 11 Home) DC15255 T...,"₹57,990",4.5,6 Ratings,https://rukminim2.flixcart.com/image/312/312/xif0q/computer/m/x/0/-original-imahzv9agugnddrg.jpeg?q=70,https://www.flipkart.com/dell-15-previouly-inspiron-amd-ryzen-5-quad-core-7520u-8-gb-512-gb-ssd-windows-11-home-dc15255-thin-light-laptop/p/itmb80bb4e819164?pid=COMHDXXUHGDCHMQX&lid=LSTCOMHDXXUHGDCHMQXUEUE9X&marketplace=FLIPKART&q=laptop&store=6bo%2Fb5g&srno=s_7_157&otracker=search&fm=organic&iid=en_Hsz4kOt4QvhJWs7C1qshEf2y32PMWwh2m35LidOH_fA0K_UavsjdDyNoUMUVfNoyKS7KjhXWMehRCKPAR7kLICmyONG8u9GUv-mVZHUzBoxI6M0hMpKqXScYrHcLo0nX&ppt=sp&ppn=sp&ssid=894ckifppc0000001784730950420&qH=312f91285e048e09&ov_redirect=true,AMD Ryzen 5 Quad Core Processor | 8 GB LPDDR5 RAM | Windows 11 Operating System | 512 GB SSD | 38.1 cm (15 Inch) Display | 1 Year Onsite Warranty
7,14,HP 14 AI PC Intel Core Ultra 7 155H - (16 GB/1 TB SSD/Windows 11 Home) 14-ep1152TU Thin and Light Lapt...,"₹85,990",4.1,790 Ratings,https://rukminim2.flixcart.com/image/312/312/xif0q/computer/a/h/z/-original-imahgh9exfmtg44y.jpeg?q=70,https://www.flipkart.com/hp-14-ai-pc-intel-core-ultra-7-155h-16-gb-1-tb-ssd-windows-11-home-14-ep1152tu-thin-light-laptop/p/itm448874079369f?pid=COMHG98EXZ3AJYZN&lid=LSTCOMHG98EXZ3AJYZNODD67U&marketplace=FLIPKART&q=laptop&store=6bo%2Fb5g&srno=s_7_158&otracker=search&fm=organic&iid=en_Hsz4kOt4QvhJWs7C1qshEf2y32PMWwh2m35LidOH_fAn1umggl-X_yitBntsylENn9sG8qIKSbGwDcGdLV_LgSGkgDYpheMzpTOfbcb9jJp1sQwqMItuDWKS8EApF5EI&ppt=sp&ppn=sp&ssid=894ckifppc0000001784730950420&qH=312f91285e048e09&ov_redirect=true,Intel Core Ultra 7 Processor | 16 GB DDR5 RAM | Windows 11 Home Operating System | 1 TB SSD | 35.56 cm (14 Inch) Display | 1 Year Onsite Warranty
7,15,HP Omnibook Intel Core i5 13th Gen 1334U - (16 GB/512 GB SSD/Windows 11 Home) 16-ba1789TU Laptop,"₹69,990",Not Found,Not Found,https://rukminim2.flixcart.com/image/312/312/xif0q/computer/w/u/x/-original-imahkbysrezbyjnh.jpeg?q=70,https://www.flipkart.com/hp-omnibook-intel-core-i5-13th-gen-1334u-16-gb-512-gb-ssd-windows-11-home-16-ba1789tu-laptop/p/itm366c2a46fc380?pid=COMHA9GUTWZFYMFK&lid=LSTCOMHA9GUTWZFYMFKDZCT6J&marketplace=FLIPKART&q=laptop&store=6bo%2Fb5g&srno=s_7_159&otracker=search&fm=organic&iid=8c27e432-9fce-468c-acd7-95f358332be4.COMHA9GUTWZFYMFK.SEARCH&ppt=sp&ppn=sp&ssid=894ckifppc0000001784730950420&qH=312f91285e048e09&ov_redirect=true,Intel Core i5 Processor (13th Gen) | 16 GB LPDDR5X RAM | Windows 11 Operating System | 512 GB SSD | 40.64 cm (16 inch) Display | 1 Year Onsite Service
7,16,Acer Aspire 7(i5 14th Gen) Intel Core 5 210H - (16 GB/512 GB SSD/Windows 11 Home/6 GB Graphics/NVIDIA ...,"₹1,00,990",Not Found,Not Found,https://rukminim2.flixcart.com/image/312/312/xif0q/computer/2/o/f/-original-imahfjepscrwrnvv.jpeg?q=70,https://www.flipkart.com/acer-aspire-7-i5-14th-gen-intel-core-5-210h-16-gb-512-gb-ssd-windows-11-home-6-graphics-nvidia-geforce-rtx-4050-a715-79g-gaming-laptop/p/itm96c08ed7d9792?pid=COMHMQGHHKWNM6AW&lid=LSTCOMHMQGHHKWNM6AWMOZPA6&marketplace=FLIPKART&q=laptop&store=6bo%2Fb5g&srno=s_7_160&otracker=search&fm=organic&iid=8c27e432-9fce-468c-acd7-95f358332be4.COMHMQGHHKWNM6AW.SEARCH&ppt=sp&ppn=sp&ssid=894ckifppc0000001784730950420&qH=312f91285e048e09&ov_redirect=true,Intel Core 5 Processor | 16 GB DDR4 RAM | 64 bit Windows 11 Home Operating System | 512 GB SSD | 39.62 cm (15.6 inch) Display | 1 Year Onsite Service
7,17,HP 14 AI PC Intel Core Ultra 7 155H - (16 GB/512 GB SSD/Windows 11 Home) 14-ep1151TU/14-gr1036TU/14-ep...,"₹79,990",4.1,790 Ratings,https://rukminim2.flixcart.com/image/312/312/xif0q/computer/o/9/k/-original-imahgry8nwkejmae.jpeg?q=70,https://www.flipkart.com/hp-14-ai-pc-intel-core-ultra-7-155h-16-gb-512-gb-ssd-windows-11-home-14-ep1151tu-14-gr1036tu-14-ep1151tu-thin-light-laptop/p/itm4c681812b88bf?pid=COMHF8G932EYZAJF&lid=LSTCOMHF8G932EYZAJFOUI9CA&marketplace=FLIPKART&q=laptop&store=6bo%2Fb5g&srno=s_7_161&otracker=search&fm=organic&iid=en_Hsz4kOt4QvhJWs7C1qshEf2y32PMWwh2m35LidOH_fBJ6eHFXH92aukWLvNE660B3zzcGhlXkGO1hWP1UU6KY6U4JGq2qGfuCYjFJWjKqlR1sQwqMItuDWKS8EApF5EI&ppt=sp&ppn=sp&ssid=894ckifppc0000001784730950420&qH=312f91285e048e09&ov_redirect=true,Intel Core Ultra 7 Processor | 16 GB DDR5 RAM | Windows 11 Home Operating System | 512 GB SSD | 35.56 cm (14 Inch) Display | 1 Year Onsite Warranty
7,18,Samsung Galaxy Book5 AI Metal Intel Core Ultra 7 255U - (16 GB/512 GB SSD/Windows 11 Home) NP750XHD Th...,"₹91,990",4.6,463 Ratings,https://rukminim2.flixcart.com/image/312/312/xif0q/computer/0/2/e/-original-imahzcf3jkkjkhgc.jpeg?q=70,https://www.flipkart.com/samsung-galaxy-book5-ai-metal-intel-core-ultra-7-255u-16-gb-512-gb-ssd-windows-11-home-np750xhd-thin-light-laptop/p/itma9c081cdbe95d?pid=COMHE4ATBCUTGUYT&lid=LSTCOMHE4ATBCUTGUYTJZ7NHN&marketplace=FLIPKART&q=laptop&store=6bo%2Fb5g&srno=s_7_162&otracker=search&fm=organic&iid=en_Hsz4kOt4QvhJWs7C1qshEf2y32PMWwh2m35LidOH_fB5qMezW44IVeqnjaRN31y9_54vlUw9QAlUFlRYR6QtY-UBYPBIqgZE3mSuDz4HsblI6M0hMpKqXScYrHcLo0nX&ppt=sp&ppn=sp&ssid=894ckifppc0000001784730950420&qH=312f91285e048e09&ov_redirect=true,Intel Core Ultra 7 Processor | 16 GB LPDDR5X RAM | 64 bit Windows 11 Operating System | 512 GB SSD | 39.62 cm (15.6 Inch) Display | MS Office Home and Student 2024 | 1 Year Manufacturer Warranty for Laptop and 6 Months for In-Box Accessories
7,19,DELL G15 Intel Core i5 13th Gen 13450HX - (16 GB/512 GB SSD/Windows 11 Home/6 GB Graphics/NVIDIA GeFor...,"₹79,990",4.2,986 Ratings,https://rukminim2.flixcart.com/image/312/312/xif0q/computer/h/u/j/-original-imahzye3tfjxmh2c.jpeg?q=70,https://www.flipkart.com/dell-g15-intel-core-i5-13th-gen-13450hx-16-gb-512-gb-ssd-windows-11-home-6-graphics-nvidia-geforce-rtx-3050-120-hz-5530-gaming-laptop/p/itmd1b02da743465?pid=COMH8EPFG25GDHDC&lid=LSTCOMH8EPFG25GDHDCJE052J&marketplace=FLIPKART&q=laptop&store=6bo%2Fb5g&srno=s_7_163&otracker=search&fm=organic&iid=8c27e432-9fce-468c-acd7-95f358332be4.COMH8EPFG25GDHDC.SEARCH&ppt=sp&ppn=sp&ssid=894ckifppc0000001784730950420&qH=312f91285e048e09&ov_redirect=true,"Intel Core i5 Processor (13th Gen) | 16 GB DDR5 RAM | Windows 11 Operating System | 512 GB SSD | 39.62 cm (15.6 Inch) Display | Alienware Command Center,Dell Support Assist) | 1 Year Basic Onsite Service after remote diagnosis with Hardware-Only Support"
7,20,Lenovo Yoga 7 OLED AI PC Intel Core Ultra 5 125H - (16 GB/1 TB SSD/Windows 11 Home) 14IML9 2 in 1 Lapt...,"₹1,01,990",4.4,52 Ratings,https://rukminim2.flixcart.com/image/312/312/xif0q/computer/b/n/e/-original-imahg52hdkhy4bgx.jpeg?q=70,https://www.flipkart.com/lenovo-yoga-7-oled-ai-pc-intel-core-ultra-5-125h-16-gb-1-tb-ssd-windows-11-home-14iml9-2-1-laptop/p/itm1ef35128279ee?pid=COMHY24RNAZZBJCZ&lid=LSTCOMHY24RNAZZBJCZYUOFMI&marketplace=FLIPKART&q=laptop&store=6bo%2Fb5g&srno=s_7_164&otracker=search&fm=organic&iid=8c27e432-9fce-468c-acd7-95f358332be4.COMHY24RNAZZBJCZ.SEARCH&ppt=sp&ppn=sp&ssid=894ckifppc0000001784730950420&qH=312f91285e048e09&ov_redirect=true,Intel Core Ultra 5 Processor | 16 GB LPDDR5X RAM | Windows 11 Operating System | 1 TB SSD | 35.56 cm (14 Inch) Touchscreen Display | 1Yr Warranty + 1 Yr Premium Care and 1 Yr Accidental Damage Protection
7,21,ASUS Chromebook Intel Celeron Dual Core N4500 - (4 GB/64 GB EMMC Storage/Chrome OS) CX1500CKA-NJ0393 C...,"₹17,990",3.8,"3,061 Ratings",https://rukminim2.flixcart.com/image/312/312/xif0q/computer/t/n/3/cx1500cka-ej0275-chromebook-asus-enriched-transparent-original-imah2mw8nykenzdx.png?q=70,https://www.flipkart.com/asus-chromebook-intel-celeron-dual-core-n4500-4-gb-64-gb-emmc-storage-chrome-os-cx1500cka-nj0393/p/itmc1d20ec9ce589?pid=COMGSHM3XESWZ6AT&lid=LSTCOMGSHM3XESWZ6ATVEMMNA&marketplace=FLIPKART&q=laptop&store=6bo%2Fb5g&srno=s_7_165&otracker=search&fm=organic&iid=8c27e432-9fce-468c-acd7-95f358332be4.COMGSHM3XESWZ6AT.SEARCH&ppt=sp&ppn=sp&ssid=894ckifppc0000001784730950420&qH=312f91285e048e09&ov_redirect=true,Intel Celeron Dual Core Processor | 4 GB LPDDR4X RAM | 64 bit Chrome Operating System | 39.62 cm (15.6 Inch) Display | 1 Year Onsite Warranty
7,22,ASUS Vivobook Go 15 AMD Ryzen 5 Quad Core 7520U - (8 GB/512 GB SSD/Windows 11 Home) E1504FA-NJ133WS | ...,"₹46,990",4.2,"2,632 Ratings",https://rukminim2.flixcart.com/image/312/312/xif0q/computer/h/n/k/-enriched-transparent-original-imahg4v5hsk5pm8h.png?q=70,https://www.flipkart.com/asus-vivobook-go-15-amd-ryzen-5-quad-core-7520u-8-gb-512-gb-ssd-windows-11-home-e1504fa-nj133ws-e1504fa-nj522ws-thin-light-laptop/p/itm968db504ada5b?pid=COMGMGXFHUHQE3XZ&lid=LSTCOMGMGXFHUHQE3XZVMF0VE&marketplace=FLIPKART&q=laptop&store=6bo%2Fb5g&srno=s_7_166&otracker=search&fm=organic&iid=8c27e432-9fce-468c-acd7-95f358332be4.COMGMGXFHUHQE3XZ.SEARCH&ppt=sp&ppn=sp&ssid=894ckifppc0000001784730950420&qH=312f91285e048e09&ov_redirect=true,AMD Ryzen 5 Quad Core Processor | 8 GB LPDDR5 RAM | 64 bit Windows 11 Operating System | 512 GB SSD | 39.62 cm (15.6 Inch) Display | 1 Year Onsite Warranty
7,23,Samsung Galaxy Book5 AI Metal Intel Core Ultra 5 225U - (16 GB/512 GB SSD/Windows 11 Home) NP750XHD Th...,"₹84,990",4.6,837 Ratings,https://rukminim2.flixcart.com/image/312/312/xif0q/computer/0/2/e/-original-imahzcf3jkkjkhgc.jpeg?q=70,https://www.flipkart.com/samsung-galaxy-book5-ai-metal-intel-core-ultra-5-225u-16-gb-512-gb-ssd-windows-11-home-np750xhd-thin-light-laptop/p/itmc33d2563d0ffc?pid=COMHE4ATPCZ9FXRP&lid=LSTCOMHE4ATPCZ9FXRP7N1GVG&marketplace=FLIPKART&q=laptop&store=6bo%2Fb5g&srno=s_7_167&otracker=search&fm=organic&iid=en_Hsz4kOt4QvhJWs7C1qshEf2y32PMWwh2m35LidOH_fDYvjnyzYDL8NetWbNpgJIp3WHJiuMjlX0EHxFVCjPkycH5LP6GMXD1iSKF2pPmS-RI6M0hMpKqXScYrHcLo0nX&ppt=sp&ppn=sp&ssid=894ckifppc0000001784730950420&qH=312f91285e048e09&ov_redirect=true,Intel Core Ultra 5 Processor | 16 GB LPDDR5X RAM | 64 bit Windows 11 Operating System | 512 GB SSD | 39.62 cm (15.6 Inch) Display | MS Office Home and Student 2024 | 1 Year Manufacturer Warranty for Laptop and 6 Months for In-Box Accessories
7,24,HP OMEN AI AMD Ryzen AI 7 Octa Core AI 7 350 - (24 GB/1 TB SSD/Windows 11 Home/8 GB Graphics/NVIDIA Ge...,"₹1,34,990",4.5,112 Ratings,https://rukminim2.flixcart.com/image/312/312/xif0q/computer/1/a/f/-original-imahgfdy8czyaypq.jpeg?q=70,https://www.flipkart.com/hp-omen-ai-amd-ryzen-7-octa-core-350-24-gb-1-tb-ssd-windows-11-home-8-gb-graphics-nvidia-geforce-rtx-5050-16-ap0165ax-gaming-laptop/p/itm5661c90728083?pid=COMHEHHXKFQSABXZ&lid=LSTCOMHEHHXKFQSABXZEF3JCN&marketplace=FLIPKART&q=laptop&store=6bo%2Fb5g&srno=s_7_168&otracker=search&fm=organic&iid=en_Hsz4kOt4QvhJWs7C1qshEf2y32PMWwh2m35LidOH_fArzo1iYi_Ypat84Ci_z_AaSt8s0FwzStmVNuDw0YIb7vRQYaQqNgqexXd2bqUccoJBd3QhjqHgJi0JPj6wC2Lg&ppt=sp&ppn=sp&ssid=894ckifppc0000001784730950420&qH=312f91285e048e09&ov_redirect=true,AMD Ryzen AI 7 Octa Core Processor | 24 GB DDR5 RAM | Windows 11 Home Operating System | 1 TB SSD | 40.64 cm (16 Inch) Display | 1 Year Onsite Warranty
8,1,HP (i5 14th Gen) Intel Core 5 - (16 GB/512 GB SSD/Windows 11 Home) 14-ep0385TU Laptop,"₹68,990",Not Found,Not Found,https://rukminim2.flixcart.com/image/312/312/xif0q/computer/r/d/t/ep0385tu-2-in-1-laptop-hp-original-imahjpgajebf9gcf.jpeg?q=70,https://www.flipkart.com/hp-i5-14th-gen-intel-core-5-16-gb-512-gb-ssd-windows-11-home-14-ep0385tu-laptop/p/itm161ffa4bbbc49?pid=COMHHNGWXKAH2HVH&lid=LSTCOMHHNGWXKAH2HVHZMHDKL&marketplace=FLIPKART&q=laptop&store=6bo%2Fb5g&srno=s_8_169&otracker=search&fm=organic&iid=0731cde8-d62d-4ec2-b47f-a61956f2df93.COMHHNGWXKAH2HVH.SEARCH&ppt=sp&ppn=sp&ssid=nf474kq6i80000001784730955705&qH=312f91285e048e09&ov_redirect=true,Intel Core 5 Processor | 16 GB DDR4 RAM | Windows 11 Home Operating System | 512 GB SSD | 35.56 cm (14 inch) Display | MS Office Home 2024 + MISC PC Game Pass DA 3M | 1 Year Onsite Service
8,2,HP Pavilion Intel Core i5 13th Gen 1340P - (16 GB/512 GB SSD/Windows 11 Home) 15-eg3079TU Thin and Lig...,"₹77,507",4.3,"1,689 Ratings",https://rukminim2.flixcart.com/image/312/312/xif0q/computer/z/q/m/-original-imahg5fx9sg5j5nd.jpeg?q=70,https://www.flipkart.com/hp-pavilion-intel-core-i5-13th-gen-1340p-16-gb-512-gb-ssd-windows-11-home-15-eg3079tu-thin-light-laptop/p/itm4ae6958287d36?pid=COMGPYHAMPKQYPQB&lid=LSTCOMGPYHAMPKQYPQBGXMI6J&marketplace=FLIPKART&q=laptop&store=6bo%2Fb5g&srno=s_8_170&otracker=search&fm=organic&iid=0731cde8-d62d-4ec2-b47f-a61956f2df93.COMGPYHAMPKQYPQB.SEARCH&ppt=sp&ppn=sp&ssid=nf474kq6i80000001784730955705&qH=312f91285e048e09&ov_redirect=true,Intel Core i5 Processor (13th Gen) | 16 GB DDR4 RAM | 64 bit Windows 11 Operating System | 512 GB SSD | 39.62 cm (15.6 Inch) Display | 1 Year Onsite Warranty
8,3,Samsung Galaxy Book4 Metal Intel Core i5 13th Gen 1335U - (8 GB/512 GB SSD/Windows 11 Home) NP750XGJ-K...,"₹56,990",4.4,"19,735 Ratings",https://rukminim2.flixcart.com/image/312/312/xif0q/computer/k/t/y/-enriched-transparent-original-imahg53xspmfrsdd.png?q=70,https://www.flipkart.com/samsung-galaxy-book4-metal-intel-core-i5-13th-gen-1335u-8-gb-512-gb-ssd-windows-11-home-np750xgj-kg1in-np750xgj-lg1in-np750xgj-lg6in-thin-light-laptop/p/itm1df5212efb9fc?pid=COMGZUYDFZXHWYWZ&lid=LSTCOMGZUYDFZXHWYWZJ6V2KW&marketplace=FLIPKART&q=laptop&store=6bo%2Fb5g&srno=s_8_171&otracker=search&fm=organic&iid=en_cA1BSr0lLjWQLkwtA5oJsIWVTY6wn8H3JgtDrab5ivW_QC3OSVnY9qcH6F-8OJuBsfGME0kkMQMICwGxasfmZSpiZoP3ZcDDMuaOuWFYumNyN_MH3j4kcAm8aeeF2Wos&ppt=sp&ppn=sp&ssid=nf474kq6i80000001784730955705&qH=312f91285e048e09&ov_redirect=true,Intel Core i5 Processor (13th Gen) | 8 GB LPDDR4X RAM | 64 bit Windows 11 Operating System | 512 GB SSD | 39.62 cm (15.6 Inch) Display | 1 Year Manufacturer Warranty for Laptop and 6 Months for In-Box Accessories
8,4,Samsung Galaxy Book4 Metal Intel Core i3 13th Gen 1315U - (8 GB/512 GB SSD/Windows 11 Home) NP750XGJ-L...,"₹57,490",4.4,"10,670 Ratings",https://rukminim2.flixcart.com/image/312/312/xif0q/computer/q/k/o/-enriched-transparent-original-imahg53xmzmtsynn.png?q=70,https://www.flipkart.com/samsung-galaxy-book4-metal-intel-core-i3-13th-gen-1315u-8-gb-512-gb-ssd-windows-11-home-np750xgj-lg9in-thin-light-laptop/p/itmc29d559898e6f?pid=COMH4Y6KKRC9YSWE&lid=LSTCOMH4Y6KKRC9YSWERDUMZD&marketplace=FLIPKART&q=laptop&store=6bo%2Fb5g&srno=s_8_172&otracker=search&fm=organic&iid=en_cA1BSr0lLjWQLkwtA5oJsIWVTY6wn8H3JgtDrab5ivXByilOwZft4SX9piJNjQTmVqKfzRTPmTYCvEc1OQ2_kCChg9vAnpscSdI7uOc1ZHVyN_MH3j4kcAm8aeeF2Wos&ppt=sp&ppn=sp&ssid=nf474kq6i80000001784730955705&qH=312f91285e048e09&ov_redirect=true,Intel Core i3 Processor (13th Gen) | 8 GB LPDDR4X RAM | 64 bit Windows 11 Operating System | 512 GB SSD | 39.62 cm (15.6 Inch) Display | 1 Year Onsite Warranty
8,5,HP Chromebook (TouchScreen) MediaTek Kompanio 540 - (4 GB/128 GB SSD/Chrome OS) Chromebook 14a-nm0006M...,"₹39,990",3.8,11 Ratings,https://rukminim2.flixcart.com/image/312/312/xif0q/computer/v/e/3/-original-imahzvzfebabek92.jpeg?q=70,https://www.flipkart.com/hp-chromebook-touchscreen-mediatek-kompanio-540-4-gb-128-gb-ssd-chrome-os-14a-nm0006mu/p/itm65d2dcd4929ef?pid=COMHMXAHWDXHHDB2&lid=LSTCOMHMXAHWDXHHDB2DLO7VN&marketplace=FLIPKART&q=laptop&store=6bo%2Fb5g&srno=s_8_173&otracker=search&fm=organic&iid=0731cde8-d62d-4ec2-b47f-a61956f2df93.COMHMXAHWDXHHDB2.SEARCH&ppt=sp&ppn=sp&ssid=nf474kq6i80000001784730955705&qH=312f91285e048e09&ov_redirect=true,MediaTek MediaTek Kompanio 540 Processor | 4 GB LPDDR5 RAM | Chrome Operating System | 128 GB SSD | 35.56 cm (14 inch) Touchscreen Display | 1 Year Onsite Service
8,6,HP Victus (i5 14th Gen) Intel Core 5 210 H - (16 GB/512 GB SSD/Windows 11 Home/6 GB Graphics/NVIDIA Ge...,"₹95,746",3.3,3 Ratings,https://rukminim2.flixcart.com/image/312/312/xif0q/computer/y/m/n/-original-imahzphnvwqqht2u.jpeg?q=70,https://www.flipkart.com/hp-victus-i5-14th-gen-intel-core-5-210-h-16-gb-512-gb-ssd-windows-11-home-6-graphics-nvidia-geforce-rtx-4050-15-fa2203tx-gaming-laptop/p/itm65704ff158138?pid=COMHK77SZSZHTEV7&lid=LSTCOMHK77SZSZHTEV7VVWD14&marketplace=FLIPKART&q=laptop&store=6bo%2Fb5g&srno=s_8_174&otracker=search&fm=organic&iid=0731cde8-d62d-4ec2-b47f-a61956f2df93.COMHK77SZSZHTEV7.SEARCH&ppt=sp&ppn=sp&ssid=nf474kq6i80000001784730955705&qH=312f91285e048e09&ov_redirect=true,Intel Core 5 Processor | 16 GB DDR4 RAM | Windows 11 Operating System | 512 GB SSD | 39.62 cm (15.6 inch) Display | MS Office Home 2024 + MISC PC Game Pass DA 3M | 1 Year Onsite Service
8,7,Acer Chromebook Plus Google AI Intel Core i3 N305 - (8 GB/256 GB SSD/Chrome OS) CB514-4H-39T7 Chromebo...,"₹49,999",3.9,986 Ratings,https://rukminim2.flixcart.com/image/312/312/xif0q/computer/4/3/o/-enriched-transparent-original-imah27qsamfccyxz.png?q=70,https://www.flipkart.com/acer-chromebook-plus-google-ai-intel-core-i3-n305-8-gb-256-gb-ssd-chrome-os-cb514-4h-39t7/p/itm5542cc6900ec1?pid=COMHFC9KE39WGHMA&lid=LSTCOMHFC9KE39WGHMAQAKNGX&marketplace=FLIPKART&q=laptop&store=6bo%2Fb5g&srno=s_8_175&otracker=search&fm=organic&iid=0731cde8-d62d-4ec2-b47f-a61956f2df93.COMHFC9KE39WGHMA.SEARCH&ppt=sp&ppn=sp&ssid=nf474kq6i80000001784730955705&qH=312f91285e048e09&ov_redirect=true,Intel Core i3 Processor | 8 GB LPDDR5 RAM | 64 bit Chrome Operating System | 256 GB SSD | 35.56 cm (14 Inch) Display | 1 Year Carry-in Warranty
8,8,"ASUS Vivobook 16 (2026) AI PC with Office 2024 + M365 Basic*, Copilot+ PC AMD Ryzen AI 7 Hexa Core 445...","₹88,990",4.8,5 Ratings,https://rukminim2.flixcart.com/image/312/312/xif0q/computer/z/w/7/-original-imahknwxwnevvgzx.jpeg?q=70,https://www.flipkart.com/asus-vivobook-16-2026-ai-pc-office-2024-m365-basic-copilot-amd-ryzen-7-hexa-core-445-16-gb-512-gb-ssd-windows-11-home-m1607ga-mb029ws-thin-light-laptop/p/itm2d63dd66b4319?pid=COMHJJ2HJZYGBDHF&lid=LSTCOMHJJ2HJZYGBDHFLGYWOU&marketplace=FLIPKART&q=laptop&store=6bo%2Fb5g&srno=s_8_176&otracker=search&fm=organic&iid=0731cde8-d62d-4ec2-b47f-a61956f2df93.COMHJJ2HJZYGBDHF.SEARCH&ppt=sp&ppn=sp&ssid=nf474kq6i80000001784730955705&qH=312f91285e048e09&ov_redirect=true,"AMD Ryzen AI 7 Hexa Core Processor | 16 GB DDR5 RAM | Windows 11 Home Operating System | 512 GB SSD | 40.64 cm (16 inch) Display | Microsoft Office Home 2024 (Lifetime Validity ) + Microsoft 365 Basic*(1-Year Validity), One-Month Membership of Adobe Creative Cloud All Apps, McAfee 1 year | 1 Year Onsite Warranty"
8,9,HP Omnibook 3 2K WUXGA Snapdragon X - (16 GB/512 GB SSD/Windows 11 Home) Omnibook 3 14-hz0024QU Laptop,"₹72,990",4.1,11 Ratings,https://rukminim2.flixcart.com/image/312/312/xif0q/computer/u/e/9/-original-imahzvfcsqpynrcd.jpeg?q=70,https://www.flipkart.com/hp-omnibook-3-2k-wuxga-snapdragon-x-16-gb-512-gb-ssd-windows-11-home-14-hz0024qu-laptop/p/itmbd5346cd09abc?pid=COMHZGK2ACSECZB5&lid=LSTCOMHZGK2ACSECZB52ALLPO&marketplace=FLIPKART&q=laptop&store=6bo%2Fb5g&srno=s_8_177&otracker=search&fm=organic&iid=en_cA1BSr0lLjWQLkwtA5oJsIWVTY6wn8H3JgtDrab5ivW7MeLhSUg-t3qIDMA4IMBJQDaMOpjaAqIhVlr2eDOqkK8WMJxc_eOD3pdFe_35DQVyN_MH3j4kcAm8aeeF2Wos&ppt=sp&ppn=sp&ssid=nf474kq6i80000001784730955705&qH=312f91285e048e09&ov_redirect=true,Snapdragon X Processor | 16 GB LPDDR5X RAM | Windows 11 Home Operating System | 512 GB SSD | 35.56 cm (14 inch) Display | MS Office Home 2024 | 1 Year Onsite Service
8,10,HP 15 (i5 14th Gen) Intel Core 5 120U - (24 GB/512 GB SSD/Windows 11 Home) 15-fd0262TU Thin and Light ...,"₹82,990",4.2,195 Ratings,https://rukminim2.flixcart.com/image/312/312/xif0q/computer/z/i/b/-original-imahzu4rwxnezv9x.jpeg?q=70,https://www.flipkart.com/hp-15-i5-14th-gen-intel-core-5-120u-24-gb-512-gb-ssd-windows-11-home-15-fd0262tu-thin-light-laptop/p/itm027a3317f4ff9?pid=COMHM94A7PHVCQT7&lid=LSTCOMHM94A7PHVCQT7QTPOH7&marketplace=FLIPKART&q=laptop&store=6bo%2Fb5g&srno=s_8_178&otracker=search&fm=organic&iid=en_cA1BSr0lLjWQLkwtA5oJsIWVTY6wn8H3JgtDrab5ivW2DEDuBo1JzGC8Qcb3G0EqajNODExQ3AD2YwLVEpFEnHQxmIaeT1eVU6lHR1JOxyByN_MH3j4kcAm8aeeF2Wos&ppt=sp&ppn=sp&ssid=nf474kq6i80000001784730955705&qH=312f91285e048e09&ov_redirect=true,Intel Core 5 Processor | 24 GB DDR5 RAM | Windows 11 Home Operating System | 512 GB SSD | 39.62 cm (15.6 inch) Display | Microsoft Office Home 2024 (Lifetime Validity ) + Microsoft 365(1-Year Validity) | 1 Year Onsite Service
8,11,Samsung Galaxy Book6 Intel Core Ultra 7 Series 3 355 - (16 GB/512 GB SSD/Windows 11 Home) NP760XJG Thi...,"₹1,31,990",4.4,8 Ratings,https://rukminim2.flixcart.com/image/312/312/xif0q/computer/4/e/o/-original-imahhvjrydupk3w7.jpeg?q=70,https://www.flipkart.com/samsung-galaxy-book6-intel-core-ultra-7-series-3-355-16-gb-512-gb-ssd-windows-11-home-np760xjg-thin-light-laptop/p/itm0de562a58a803?pid=COMHHPK3KZ5Q9ZDN&lid=LSTCOMHHPK3KZ5Q9ZDNMQSBTP&marketplace=FLIPKART&q=laptop&store=6bo%2Fb5g&srno=s_8_179&otracker=search&fm=organic&iid=0731cde8-d62d-4ec2-b47f-a61956f2df93.COMHHPK3KZ5Q9ZDN.SEARCH&ppt=sp&ppn=sp&ssid=nf474kq6i80000001784730955705&qH=312f91285e048e09&ov_redirect=true,Intel Core Ultra 7 Processor (Series 3) | 16 GB LPDDR5X RAM | 64 bit Windows 11 Home Operating System | 512 GB SSD | 40.64 cm (16 inch) Touchscreen Display | 1 Year Manufacturer Warranty for Laptop and 6 Months for In-Box Accessories
8,12,Lenovo IdeaPad Slim 3 Backlit Keyboard with MSO'2024 Intel Core i5 13th Gen 13420H - (24 GB/1 TB SSD/W...,"₹79,990",4.4,151 Ratings,https://rukminim2.flixcart.com/image/312/312/xif0q/computer/o/a/w/-original-imahb85kfwupn2ay.jpeg?q=70,https://www.flipkart.com/lenovo-ideapad-slim-3-backlit-keyboard-mso-2024-intel-core-i5-13th-gen-13420h-24-gb-1-tb-ssd-windows-11-home-15irh10-thin-light-laptop/p/itm30f98a31cb8fb?pid=COMHDYG7TFGZRMFZ&lid=LSTCOMHDYG7TFGZRMFZTINJTD&marketplace=FLIPKART&q=laptop&store=6bo%2Fb5g&srno=s_8_180&otracker=search&fm=organic&iid=0731cde8-d62d-4ec2-b47f-a61956f2df93.COMHDYG7TFGZRMFZ.SEARCH&ppt=sp&ppn=sp&ssid=nf474kq6i80000001784730955705&qH=312f91285e048e09&ov_redirect=true,Intel Core i5 Processor (13th Gen) | 24 GB DDR5 RAM | Windows 11 Home Operating System | 1 TB SSD | 38.86 cm (15.3 Inch) Display | Office Home 2024 | 1 Year Onsite Warranty
8,13,DELL 15 (Previouly Inspiron) AMD Ryzen 5 Quad Core 7520U - (8 GB/512 GB SSD/Windows 11 Home) DC15255 T...,"₹57,990",4.5,6 Ratings,https://rukminim2.flixcart.com/image/312/312/xif0q/computer/m/x/0/-original-imahzv9agugnddrg.jpeg?q=70,https://www.flipkart.com/dell-15-previouly-inspiron-amd-ryzen-5-quad-core-7520u-8-gb-512-gb-ssd-windows-11-home-dc15255-thin-light-laptop/p/itmb80bb4e819164?pid=COMHDXXUHGDCHMQX&lid=LSTCOMHDXXUHGDCHMQXUEUE9X&marketplace=FLIPKART&q=laptop&store=6bo%2Fb5g&srno=s_8_181&otracker=search&fm=organic&iid=en_cA1BSr0lLjWQLkwtA5oJsIWVTY6wn8H3JgtDrab5ivWOgCA9NQeUy8fVZJsEggRxKS7KjhXWMehRCKPAR7kLICmyONG8u9GUv-mVZHUzBoxyN_MH3j4kcAm8aeeF2Wos&ppt=sp&ppn=sp&ssid=nf474kq6i80000001784730955705&qH=312f91285e048e09&ov_redirect=true,AMD Ryzen 5 Quad Core Processor | 8 GB LPDDR5 RAM | Windows 11 Operating System | 512 GB SSD | 38.1 cm (15 Inch) Display | 1 Year Onsite Warranty
8,14,HP 14 AI PC Intel Core Ultra 7 155H - (16 GB/1 TB SSD/Windows 11 Home) 14-ep1152TU Thin and Light Lapt...,"₹85,990",4.1,790 Ratings,https://rukminim2.flixcart.com/image/312/312/xif0q/computer/a/h/z/-original-imahgh9exfmtg44y.jpeg?q=70,https://www.flipkart.com/hp-14-ai-pc-intel-core-ultra-7-155h-16-gb-1-tb-ssd-windows-11-home-14-ep1152tu-thin-light-laptop/p/itm448874079369f?pid=COMHG98EXZ3AJYZN&lid=LSTCOMHG98EXZ3AJYZNODD67U&marketplace=FLIPKART&q=laptop&store=6bo%2Fb5g&srno=s_8_182&otracker=search&fm=organic&iid=en_cA1BSr0lLjWQLkwtA5oJsIWVTY6wn8H3JgtDrab5ivUK21pHpDSlEh0391GtrzItn9sG8qIKSbGwDcGdLV_LgSGkgDYpheMzpTOfbcb9jJoMgS_hXtQyfVcaC88wBeSX&ppt=sp&ppn=sp&ssid=nf474kq6i80000001784730955705&qH=312f91285e048e09&ov_redirect=true,Intel Core Ultra 7 Processor | 16 GB DDR5 RAM | Windows 11 Home Operating System | 1 TB SSD | 35.56 cm (14 Inch) Display | 1 Year Onsite Warranty
8,15,MSI Modern 14 AMD Ryzen 5 Hexa Core 7430U - (16 GB/512 GB SSD/Windows 11 Home) 14 C7M-283IN / 14 C7M-4...,"₹48,990",4.4,341 Ratings,https://rukminim2.flixcart.com/image/312/312/xif0q/computer/w/e/h/-original-imahg5fuveu8hy3m.jpeg?q=70,https://www.flipkart.com/msi-modern-14-amd-ryzen-5-hexa-core-7430u-16-gb-512-gb-ssd-windows-11-home-c7m-283in-c7m-400in-business-laptop/p/itmef8f5c6fd8e76?pid=COMH3YTFZZZJJCNU&lid=LSTCOMH3YTFZZZJJCNUFS5LIO&marketplace=FLIPKART&q=laptop&store=6bo%2Fb5g&srno=s_8_183&otracker=search&fm=organic&iid=0731cde8-d62d-4ec2-b47f-a61956f2df93.COMH3YTFZZZJJCNU.SEARCH&ppt=sp&ppn=sp&ssid=nf474kq6i80000001784730955705&qH=312f91285e048e09&ov_redirect=true,AMD Ryzen 5 Hexa Core Processor | 16 GB DDR4 RAM | Windows 11 Operating System | 512 GB SSD | 35.56 cm (14 Inch) Display | Microsoft Office Home & Student 2021 included | 1 Year Carry-in Warranty
8,16,ASUS Vivobook Go 14 (2026) with Office 2024 + M365 Basic AMD Ryzen 3 Quad Core 30 - (8 GB/512 GB SSD/W...,"₹48,990",4.3,"2,264 Ratings",https://rukminim2.flixcart.com/image/312/312/xif0q/computer/a/y/s/-original-imahhnkfvg58vq22.jpeg?q=70,https://www.flipkart.com/asus-vivobook-go-14-2026-office-2024-m365-basic-amd-ryzen-3-quad-core-30-8-gb-512-gb-ssd-windows-11-home-e1404fa-eb1414ws-thin-light-laptop/p/itm21b75a04477a5?pid=COMHKRBQEVX5NTPB&lid=LSTCOMHKRBQEVX5NTPBPGJFWU&marketplace=FLIPKART&q=laptop&store=6bo%2Fb5g&srno=s_8_184&otracker=search&fm=organic&iid=0731cde8-d62d-4ec2-b47f-a61956f2df93.COMHKRBQEVX5NTPB.SEARCH&ppt=sp&ppn=sp&ssid=nf474kq6i80000001784730955705&qH=312f91285e048e09&ov_redirect=true,"AMD Ryzen 3 Quad Core Processor | 8 GB LPDDR5 RAM | Windows 11 Home Operating System | 512 GB SSD | 35.56 cm (14 inch) Display | MSO 2024 for lifetime + Microsoft 365 Basic with 100GB Cloud Storage for 1 Year, One-Month Membership of Adobe Creative Cloud All Apps, McAfee 1 year | 1 Year Onsite Warranty"
8,17,ASUS ASUS VIVOBOOK GO 15 AMD Ryzen 5 Octa Core 7th Gen RYZEN 5 7520U - (16 GB/512 GB HDD/512 GB SSD/Wi...,"₹54,990",Not Found,Not Found,https://rukminim2.flixcart.com/image/312/312/xif0q/computer/l/c/3/e1504fa-bq2490ws-laptop-asus-original-imahnf2hygggakyz.jpeg?q=70,https://www.flipkart.com/asus-vivobook-go-15-amd-ryzen-5-octa-core-7th-gen-7520u-16-gb-512-gb-hdd-512-ssd-windows-11-home-e1504fa-bq2490ws-laptop/p/itmfc3ea8e228936?pid=COMHNF2HG2YYUATC&lid=LSTCOMHNF2HG2YYUATCBI8LB2&marketplace=FLIPKART&q=laptop&store=6bo%2Fb5g&srno=s_8_185&otracker=search&fm=organic&iid=0731cde8-d62d-4ec2-b47f-a61956f2df93.COMHNF2HG2YYUATC.SEARCH&ppt=sp&ppn=sp&ssid=nf474kq6i80000001784730955705&qH=312f91285e048e09&ov_redirect=true,"AMD Ryzen 5 Octa Core Processor (7th Gen) | 16 GB DDR5 RAM | 64 bit Windows 11 Operating System | 512 GB HDD|512 GB SSD | 39.62 cm (15.6 inch) Display | WINDOWS 11, MS OFFICE | 1 YEAR BY COMPANY ONSITE"
8,18,"ASUS Vivobook 15 (2025)(i5 14th Gen)with MSO 2024 + M365 Basic, Backlit Keyboard, Intel Core 5 120U - ...","₹60,990",4.3,"1,712 Ratings",https://rukminim2.flixcart.com/image/312/312/xif0q/computer/y/y/i/-original-imahfnyvfz7zdkh8.jpeg?q=70,https://www.flipkart.com/asus-vivobook-15-2025-i5-14th-gen-with-mso-2024-m365-basic-backlit-keyboard-intel-core-5-120u-16-gb-512-gb-ssd-windows-11-home-x1504vap-bq543ws-x1504vap-bq1543ws-thin-light-laptop/p/itma023e3106dea0?pid=COMHEZZTXFYMTKUF&lid=LSTCOMHEZZTXFYMTKUFBHYLFL&marketplace=FLIPKART&q=laptop&store=6bo%2Fb5g&srno=s_8_186&otracker=search&fm=organic&iid=0731cde8-d62d-4ec2-b47f-a61956f2df93.COMHEZZTXFYMTKUF.SEARCH&ppt=sp&ppn=sp&ssid=nf474kq6i80000001784730955705&qH=312f91285e048e09&ov_redirect=true,"Intel Core 5 Processor | 16 GB DDR4 RAM | Windows 11 Home Operating System | 512 GB SSD | 39.62 cm (15.6 Inch) Display | Microsoft Office Home 2024 (Lifetime Validity ) + Microsoft 365 Basic*(1-Year Validity), One-Month Membership of Adobe Creative Cloud All Apps, McAfee 1 year | 1 Year Onsite Warranty"
8,19,HP 14 AI PC Intel Core Ultra 7 155H - (16 GB/512 GB SSD/Windows 11 Home) 14-ep1151TU/14-gr1036TU/14-ep...,"₹79,990",4.1,790 Ratings,https://rukminim2.flixcart.com/image/312/312/xif0q/computer/o/9/k/-original-imahgry8nwkejmae.jpeg?q=70,https://www.flipkart.com/hp-14-ai-pc-intel-core-ultra-7-155h-16-gb-512-gb-ssd-windows-11-home-14-ep1151tu-14-gr1036tu-14-ep1151tu-thin-light-laptop/p/itm4c681812b88bf?pid=COMHF8G932EYZAJF&lid=LSTCOMHF8G932EYZAJFOUI9CA&marketplace=FLIPKART&q=laptop&store=6bo%2Fb5g&srno=s_8_187&otracker=search&fm=organic&iid=en_cA1BSr0lLjWQLkwtA5oJsIWVTY6wn8H3JgtDrab5ivVftsh75AUoAAG2t7dYFJkM3zzcGhlXkGO1hWP1UU6KY6U4JGq2qGfuCYjFJWjKqlQMgS_hXtQyfVcaC88wBeSX&ppt=sp&ppn=sp&ssid=nf474kq6i80000001784730955705&qH=312f91285e048e09&ov_redirect=true,Intel Core Ultra 7 Processor | 16 GB DDR5 RAM | Windows 11 Home Operating System | 512 GB SSD | 35.56 cm (14 Inch) Display | 1 Year Onsite Warranty
8,20,Samsung Galaxy Book5 AI Metal Intel Core Ultra 5 225U - (16 GB/512 GB SSD/Windows 11 Home) NP750XHD Th...,"₹84,990",4.6,837 Ratings,https://rukminim2.flixcart.com/image/312/312/xif0q/computer/0/2/e/-original-imahzcf3jkkjkhgc.jpeg?q=70,https://www.flipkart.com/samsung-galaxy-book5-ai-metal-intel-core-ultra-5-225u-16-gb-512-gb-ssd-windows-11-home-np750xhd-thin-light-laptop/p/itmc33d2563d0ffc?pid=COMHE4ATPCZ9FXRP&lid=LSTCOMHE4ATPCZ9FXRP7N1GVG&marketplace=FLIPKART&q=laptop&store=6bo%2Fb5g&srno=s_8_188&otracker=search&fm=organic&iid=en_cA1BSr0lLjWQLkwtA5oJsIWVTY6wn8H3JgtDrab5ivW2EyVu7JAHT8yIe20G5bRz3WHJiuMjlX0EHxFVCjPkyeUBYPBIqgZE3mSuDz4HsblyN_MH3j4kcAm8aeeF2Wos&ppt=sp&ppn=sp&ssid=nf474kq6i80000001784730955705&qH=312f91285e048e09&ov_redirect=true,Intel Core Ultra 5 Processor | 16 GB LPDDR5X RAM | 64 bit Windows 11 Operating System | 512 GB SSD | 39.62 cm (15.6 Inch) Display | MS Office Home and Student 2024 | 1 Year Manufacturer Warranty for Laptop and 6 Months for In-Box Accessories
8,21,"ASUS Vivobook S14 (2025) with Office 2024 + M365 Basic*, AI PC, Backlit Keyboard, Snapdragon X - (16 G...","₹65,990",4.5,"1,398 Ratings",https://rukminim2.flixcart.com/image/312/312/xif0q/computer/t/6/f/-original-imahgfdfugp7zsbf.jpeg?q=70,https://www.flipkart.com/asus-vivobook-s14-2025-office-2024-m365-basic-ai-pc-backlit-keyboard-snapdragon-x-16-gb-512-gb-ssd-windows-11-home-s3407qa-kp020ws-thin-light-laptop/p/itm4be832c0c07b8?pid=COMH9SJ9VPQXUK6T&lid=LSTCOMH9SJ9VPQXUK6TMHCHDN&marketplace=FLIPKART&q=laptop&store=6bo%2Fb5g&srno=s_8_189&otracker=search&fm=organic&iid=0731cde8-d62d-4ec2-b47f-a61956f2df93.COMH9SJ9VPQXUK6T.SEARCH&ppt=sp&ppn=sp&ssid=nf474kq6i80000001784730955705&qH=312f91285e048e09&ov_redirect=true,"Snapdragon X Processor | 16 GB LPDDR5X RAM | Windows 11 Home Operating System | 512 GB SSD | 35.56 cm (14 Inch) Display | Microsoft Office Home 2024 (Lifetime Validity ) + Microsoft 365 Basic*(1-Year Validity), One-Month Membership of Adobe Creative Cloud All Apps | 1 Year Onsite Warranty"
8,22,"ASUS Vivobook 16 (2025) with Office 2024 + M365 Basic, AI PC Intel Core Ultra 5 Series 2 225H - (16 GB...","₹73,990",4.3,116 Ratings,https://rukminim2.flixcart.com/image/312/312/xif0q/computer/l/t/h/-original-imah9d7pgrdmv858.jpeg?q=70,https://www.flipkart.com/asus-vivobook-16-2025-office-2024-m365-basic-ai-pc-intel-core-ultra-5-series-2-225h-16-gb-512-gb-ssd-windows-11-home-x1607ca-mb139ws-thin-light-laptop/p/itm2c73093a3141d?pid=COMH89EBZSTVX3EU&lid=LSTCOMH89EBZSTVX3EUSRKX1D&marketplace=FLIPKART&q=laptop&store=6bo%2Fb5g&srno=s_8_190&otracker=search&fm=organic&iid=0731cde8-d62d-4ec2-b47f-a61956f2df93.COMH89EBZSTVX3EU.SEARCH&ppt=sp&ppn=sp&ssid=nf474kq6i80000001784730955705&qH=312f91285e048e09&ov_redirect=true,Intel Core Ultra 5 Processor (Series 2) | 16 GB DDR5 RAM | Windows 11 Home Operating System | 512 GB SSD | 40.64 cm (16 Inch) Display | Microsoft Office Home 2024 + Microsoft 365 Basic | 1 Year Onsite warranty
8,23,Samsung Galaxy Book5 AI Metal Intel Core Ultra 7 255U - (16 GB/512 GB SSD/Windows 11 Home) NP750XHD Th...,"₹91,990",4.6,463 Ratings,https://rukminim2.flixcart.com/image/312/312/xif0q/computer/0/2/e/-original-imahzcf3jkkjkhgc.jpeg?q=70,https://www.flipkart.com/samsung-galaxy-book5-ai-metal-intel-core-ultra-7-255u-16-gb-512-gb-ssd-windows-11-home-np750xhd-thin-light-laptop/p/itma9c081cdbe95d?pid=COMHE4ATBCUTGUYT&lid=LSTCOMHE4ATBCUTGUYTJZ7NHN&marketplace=FLIPKART&q=laptop&store=6bo%2Fb5g&srno=s_8_191&otracker=search&fm=organic&iid=en_cA1BSr0lLjWQLkwtA5oJsIWVTY6wn8H3JgtDrab5ivV931M4q1Q9zvbaqywoM0y4_54vlUw9QAlUFlRYR6QtY8H5LP6GMXD1iSKF2pPmS-RyN_MH3j4kcAm8aeeF2Wos&ppt=sp&ppn=sp&ssid=nf474kq6i80000001784730955705&qH=312f91285e048e09&ov_redirect=true,Intel Core Ultra 7 Processor | 16 GB LPDDR5X RAM | 64 bit Windows 11 Operating System | 512 GB SSD | 39.62 cm (15.6 Inch) Display | MS Office Home and Student 2024 | 1 Year Manufacturer Warranty for Laptop and 6 Months for In-Box Accessories
8,24,HP OMEN AI AMD Ryzen AI 7 Octa Core AI 7 350 - (24 GB/1 TB SSD/Windows 11 Home/8 GB Graphics/NVIDIA Ge...,"₹1,34,990",4.5,112 Ratings,https://rukminim2.flixcart.com/image/312/312/xif0q/computer/1/a/f/-original-imahgfdy8czyaypq.jpeg?q=70,https://www.flipkart.com/hp-omen-ai-amd-ryzen-7-octa-core-350-24-gb-1-tb-ssd-windows-11-home-8-gb-graphics-nvidia-geforce-rtx-5050-16-ap0165ax-gaming-laptop/p/itm5661c90728083?pid=COMHEHHXKFQSABXZ&lid=LSTCOMHEHHXKFQSABXZEF3JCN&marketplace=FLIPKART&q=laptop&store=6bo%2Fb5g&srno=s_8_192&otracker=search&fm=organic&iid=en_cA1BSr0lLjWQLkwtA5oJsIWVTY6wn8H3JgtDrab5ivWHBtnCIV3iwxCzoUmmorf8St8s0FwzStmVNuDw0YIb7vRQYaQqNgqexXd2bqUccoJ8G2a2jyC--PB1ISfmnjJM&ppt=sp&ppn=sp&ssid=nf474kq6i80000001784730955705&qH=312f91285e048e09&ov_redirect=true,AMD Ryzen AI 7 Octa Core Processor | 24 GB DDR5 RAM | Windows 11 Home Operating System | 1 TB SSD | 40.64 cm (16 Inch) Display | 1 Year Onsite Warranty
9,1,HP 15 with Backlit Keyboard & Office 2024 AMD Ryzen 7 Octa Core 5825U - (16 GB/512 GB SSD/Windows 11 H...,"₹60,247",4.2,425 Ratings,https://rukminim2.flixcart.com/image/312/312/xif0q/computer/c/j/s/-original-imahk7hhynx2zpdh.jpeg?q=70,https://www.flipkart.com/hp-15-backlit-keyboard-office-2024-amd-ryzen-7-octa-core-5825u-16-gb-512-gb-ssd-windows-11-home-15-fc0476au-15-fc0533au-thin-light-laptop/p/itm573d0be23b79c?pid=COMHCY2NKZPHHGHT&lid=LSTCOMHCY2NKZPHHGHTYJMO6Y&marketplace=FLIPKART&q=laptop&store=6bo%2Fb5g&srno=s_9_193&otracker=search&fm=organic&iid=08a96c62-6f0b-4519-bb71-150411769d3d.COMHCY2NKZPHHGHT.SEARCH&ppt=sp&ppn=sp&ssid=ldw9f9oe680000001784730961036&qH=312f91285e048e09&ov_redirect=true,AMD Ryzen 7 Octa Core Processor | 16 GB DDR4 RAM | Windows 11 Home Operating System | 512 GB SSD | 39.62 cm (15.6 Inch) Display | MS Office Home 2024 + MISC PC Game Pass DA 3M | 1 Year Onsite Warranty
9,2,ASUS TUF Gaming A15 (2025) AMD Ryzen 7 7445HS - (16 GB/512 GB SSD/Windows 11 Home/4 GB Graphics/NVIDIA...,"₹73,990",4.4,"2,130 Ratings",https://rukminim2.flixcart.com/image/312/312/xif0q/computer/y/t/y/-enriched-transparent-original-imahgfdfmfhfsqy8.png?q=70,https://www.flipkart.com/asus-tuf-gaming-a15-2025-amd-ryzen-7-7445hs-16-gb-512-gb-ssd-windows-11-home-4-graphics-nvidia-geforce-rtx-3050-144-hz-fa506ncg-hn199w-laptop/p/itmca7ce1e457d2f?pid=COMHEDHRYUAEEEJG&lid=LSTCOMHEDHRYUAEEEJGWOPSSC&marketplace=FLIPKART&q=laptop&store=6bo%2Fb5g&srno=s_9_194&otracker=search&fm=organic&iid=08a96c62-6f0b-4519-bb71-150411769d3d.COMHEDHRYUAEEEJG.SEARCH&ppt=sp&ppn=sp&ssid=ldw9f9oe680000001784730961036&qH=312f91285e048e09&ov_redirect=true,AMD Ryzen 7 Processor | 16 GB DDR5 RAM | Windows 11 Home Operating System | 512 GB SSD | 39.62 cm (15.6 Inch) Display | 1 Year Onsite Warranty
9,3,ASUS VivoBook 14 Intel Core i3 11th Gen 1115G4 - (8 GB/256 GB SSD/Windows 11 Home) X415EA-EK342WS Thin...,"₹50,990",4.3,640 Ratings,https://rukminim2.flixcart.com/image/312/312/xif0q/computer/u/6/q/-original-imahg5fugjtn9hb7.jpeg?q=70,https://www.flipkart.com/asus-vivobook-14-intel-core-i3-11th-gen-1115g4-8-gb-256-gb-ssd-windows-11-home-x415ea-ek342ws-thin-light-laptop/p/itm4e269d8e445e4?pid=COMGBHPFAFAWGKHE&lid=LSTCOMGBHPFAFAWGKHEZLNX0L&marketplace=FLIPKART&q=laptop&store=6bo%2Fb5g&srno=s_9_195&otracker=search&fm=organic&iid=08a96c62-6f0b-4519-bb71-150411769d3d.COMGBHPFAFAWGKHE.SEARCH&ppt=sp&ppn=sp&ssid=ldw9f9oe680000001784730961036&qH=312f91285e048e09&ov_redirect=true,Intel Core i3 Processor (11th Gen) | 8 GB DDR4 RAM | 64 bit Windows 11 Operating System | 256 GB SSD | 35.56 cm (14 Inch) Display | 1 Year Onsite Warranty
9,4,ASUS Vivobook Go 15 (2026) with Office 2024 + M365 Basic* AMD Ryzen 5 Quad Core 40 - (8 GB/512 GB SSD/...,"₹56,990",4.2,13 Ratings,https://rukminim2.flixcart.com/image/312/312/xif0q/computer/h/m/l/-original-imahmeb3esqacwqs.jpeg?q=70,https://www.flipkart.com/asus-vivobook-go-15-2026-office-2024-m365-basic-amd-ryzen-5-quad-core-40-8-gb-512-gb-ssd-windows-11-home-e1504fa-bq2115ws-thin-light-laptop/p/itm74e646108b695?pid=COMHKDXBYENCYSPQ&lid=LSTCOMHKDXBYENCYSPQH9HJP6&marketplace=FLIPKART&q=laptop&store=6bo%2Fb5g&srno=s_9_196&otracker=search&fm=organic&iid=08a96c62-6f0b-4519-bb71-150411769d3d.COMHKDXBYENCYSPQ.SEARCH&ppt=sp&ppn=sp&ssid=ldw9f9oe680000001784730961036&qH=312f91285e048e09&ov_redirect=true,"AMD Ryzen 5 Quad Core Processor | 8 GB DDR5 RAM | Windows 11 Home Operating System | 512 GB SSD | 39.62 cm (15.6 inch) Display | MSO 2024 for lifetime + Microsoft 365 Basic with 100GB Cloud Storage for 1 Year, One-Month Membership of Adobe Creative Cloud All Apps, McAfee 1 year | 1 Year Onsite Warranty"
9,5,Samsung Galaxy Book4 Metal Intel Core i5 13th Gen 1335U - (8 GB/512 GB SSD/Windows 11 Home) NP750XGJ-K...,"₹56,990",4.4,"19,735 Ratings",https://rukminim2.flixcart.com/image/312/312/xif0q/computer/k/t/y/-enriched-transparent-original-imahg53xspmfrsdd.png?q=70,https://www.flipkart.com/samsung-galaxy-book4-metal-intel-core-i5-13th-gen-1335u-8-gb-512-gb-ssd-windows-11-home-np750xgj-kg1in-np750xgj-lg1in-np750xgj-lg6in-thin-light-laptop/p/itm1df5212efb9fc?pid=COMGZUYDFZXHWYWZ&lid=LSTCOMGZUYDFZXHWYWZJ6V2KW&marketplace=FLIPKART&q=laptop&store=6bo%2Fb5g&srno=s_9_197&otracker=search&fm=organic&iid=en_lJQMZ6fAebm4BGtp5cX7RMlZLUqv96guGRxDb1Fx5611_ioK8I8jDJ4XFECa5DySsfGME0kkMQMICwGxasfmZSpiZoP3ZcDDMuaOuWFYumN0XnYIaSr2wkPhYsVeTtDt&ppt=sp&ppn=sp&ssid=ldw9f9oe680000001784730961036&qH=312f91285e048e09&ov_redirect=true,Intel Core i5 Processor (13th Gen) | 8 GB LPDDR4X RAM | 64 bit Windows 11 Operating System | 512 GB SSD | 39.62 cm (15.6 Inch) Display | 1 Year Manufacturer Warranty for Laptop and 6 Months for In-Box Accessories
9,6,Samsung Galaxy Book4 Metal Intel Core i3 13th Gen 1315U - (8 GB/512 GB SSD/Windows 11 Home) NP750XGJ-L...,"₹57,490",4.4,"10,670 Ratings",https://rukminim2.flixcart.com/image/312/312/xif0q/computer/q/k/o/-enriched-transparent-original-imahg53xmzmtsynn.png?q=70,https://www.flipkart.com/samsung-galaxy-book4-metal-intel-core-i3-13th-gen-1315u-8-gb-512-gb-ssd-windows-11-home-np750xgj-lg9in-thin-light-laptop/p/itmc29d559898e6f?pid=COMH4Y6KKRC9YSWE&lid=LSTCOMH4Y6KKRC9YSWERDUMZD&marketplace=FLIPKART&q=laptop&store=6bo%2Fb5g&srno=s_9_198&otracker=search&fm=organic&iid=en_lJQMZ6fAebm4BGtp5cX7RMlZLUqv96guGRxDb1Fx561FYRzkNkSWNCd2uk62aSK9VqKfzRTPmTYCvEc1OQ2_kCChg9vAnpscSdI7uOc1ZHV0XnYIaSr2wkPhYsVeTtDt&ppt=sp&ppn=sp&ssid=ldw9f9oe680000001784730961036&qH=312f91285e048e09&ov_redirect=true,Intel Core i3 Processor (13th Gen) | 8 GB LPDDR4X RAM | 64 bit Windows 11 Operating System | 512 GB SSD | 39.62 cm (15.6 Inch) Display | 1 Year Onsite Warranty
9,7,Acer Aspire 15 AMD Ryzen 5 Hexa Core 7430U - (8 GB/512 GB SSD/Windows 11 Home) A325-42 Thin and Light ...,"₹55,182",4.2,"4,148 Ratings",https://rukminim2.flixcart.com/image/312/312/xif0q/computer/p/c/z/-enriched-transparent-original-imahg5fusry5atvm.png?q=70,https://www.flipkart.com/acer-aspire-15-amd-ryzen-5-hexa-core-7430u-8-gb-512-gb-ssd-windows-11-home-a325-42-thin-light-laptop/p/itmdaf15e01a1d1a?pid=COMH397XVTZNMYGX&lid=LSTCOMH397XVTZNMYGXQEL4JT&marketplace=FLIPKART&q=laptop&store=6bo%2Fb5g&srno=s_9_199&otracker=search&fm=organic&iid=08a96c62-6f0b-4519-bb71-150411769d3d.COMH397XVTZNMYGX.SEARCH&ppt=sp&ppn=sp&ssid=ldw9f9oe680000001784730961036&qH=312f91285e048e09&ov_redirect=true,AMD Ryzen 5 Hexa Core Processor | 8 GB DDR4 RAM | Windows 11 Operating System | 512 GB SSD | 39.62 cm (15.6 Inch) Display | 1 Year Carry-in Warranty
9,8,"MICROSOFT Surface Pro 12"" with Type Cover Core 8 with Microsoft 365 for 6 Months* Snapdragon X Plus - ...","₹1,09,198",5,5 Ratings,https://rukminim2.flixcart.com/image/312/312/xif0q/computer/5/8/k/-original-imahjryfukhm6dhg.jpeg?q=70,https://www.flipkart.com/microsoft-surface-pro-12-type-cover-core-8-365-6-months-snapdragon-x-plus-16-gb-256-gb-ssd-windows-11-home-ep2-27654-ep2-32019-laptop/p/itm1adddaf77a282?pid=COMHJZJYUHVPGHHB&lid=LSTCOMHJZJYUHVPGHHBUF9HZX&marketplace=FLIPKART&q=laptop&store=6bo%2Fb5g&srno=s_9_200&otracker=search&fm=organic&iid=08a96c62-6f0b-4519-bb71-150411769d3d.COMHJZJYUHVPGHHB.SEARCH&ppt=sp&ppn=sp&ssid=ldw9f9oe680000001784730961036&qH=312f91285e048e09&ov_redirect=true,Snapdragon X Plus Processor | 16 GB LPDDR5X RAM | 64 bit Windows 11 Operating System | 256 GB SSD | 30.48 cm (12 inch) Touchscreen Display | NA | 1 Year Limited Warranty
9,9,HP Omnibook 3 2K WUXGA Snapdragon X - (16 GB/512 GB SSD/Windows 11 Home) Omnibook 3 14-hz0024QU Laptop,"₹72,990",4.1,11 Ratings,https://rukminim2.flixcart.com/image/312/312/xif0q/computer/u/e/9/-original-imahzvfcsqpynrcd.jpeg?q=70,https://www.flipkart.com/hp-omnibook-3-2k-wuxga-snapdragon-x-16-gb-512-gb-ssd-windows-11-home-14-hz0024qu-laptop/p/itmbd5346cd09abc?pid=COMHZGK2ACSECZB5&lid=LSTCOMHZGK2ACSECZB52ALLPO&marketplace=FLIPKART&q=laptop&store=6bo%2Fb5g&srno=s_9_201&otracker=search&fm=organic&iid=en_lJQMZ6fAebm4BGtp5cX7RMlZLUqv96guGRxDb1Fx56079OD9zqOMvrWTBtctNf7NQDaMOpjaAqIhVlr2eDOqkK8WMJxc_eOD3pdFe_35DQV0XnYIaSr2wkPhYsVeTtDt&ppt=sp&ppn=sp&ssid=ldw9f9oe680000001784730961036&qH=312f91285e048e09&ov_redirect=true,Snapdragon X Processor | 16 GB LPDDR5X RAM | Windows 11 Home Operating System | 512 GB SSD | 35.56 cm (14 inch) Display | MS Office Home 2024 | 1 Year Onsite Service
9,10,DELL 15 (Previouly Inspiron) AMD Ryzen 5 Quad Core 7520U - (8 GB/512 GB SSD/Windows 11 Home) DC15255 T...,"₹57,990",4.5,6 Ratings,https://rukminim2.flixcart.com/image/312/312/xif0q/computer/m/x/0/-original-imahzv9agugnddrg.jpeg?q=70,https://www.flipkart.com/dell-15-previouly-inspiron-amd-ryzen-5-quad-core-7520u-8-gb-512-gb-ssd-windows-11-home-dc15255-thin-light-laptop/p/itmb80bb4e819164?pid=COMHDXXUHGDCHMQX&lid=LSTCOMHDXXUHGDCHMQXUEUE9X&marketplace=FLIPKART&q=laptop&store=6bo%2Fb5g&srno=s_9_202&otracker=search&fm=organic&iid=en_lJQMZ6fAebm4BGtp5cX7RMlZLUqv96guGRxDb1Fx562XUf6x3vjJhxF1OMb2UmKYKS7KjhXWMehRCKPAR7kLILb6bL0Zx_kaK68EeWHdQeB0XnYIaSr2wkPhYsVeTtDt&ppt=sp&ppn=sp&ssid=ldw9f9oe680000001784730961036&qH=312f91285e048e09&ov_redirect=true,AMD Ryzen 5 Quad Core Processor | 8 GB LPDDR5 RAM | Windows 11 Operating System | 512 GB SSD | 38.1 cm (15 Inch) Display | 1 Year Onsite Warranty
9,11,Acer Aspire 3 Intel Celeron Dual Core N4500 - (12 GB/512 GB SSD/Windows 11 Home) A325-45 Thin and Ligh...,"₹49,900",3.8,"2,061 Ratings",https://rukminim2.flixcart.com/image/312/312/xif0q/computer/d/6/p/-original-imah3yhqcgjtxfhw.jpeg?q=70,https://www.flipkart.com/acer-aspire-3-intel-celeron-dual-core-n4500-12-gb-512-gb-ssd-windows-11-home-a325-45-thin-light-laptop/p/itm9ca67a1a3ea22?pid=COMH2TPSHCGYHHH8&lid=LSTCOMH2TPSHCGYHHH8SPQAPZ&marketplace=FLIPKART&q=laptop&store=6bo%2Fb5g&srno=s_9_203&otracker=search&fm=organic&iid=08a96c62-6f0b-4519-bb71-150411769d3d.COMH2TPSHCGYHHH8.SEARCH&ppt=sp&ppn=sp&ssid=ldw9f9oe680000001784730961036&qH=312f91285e048e09&ov_redirect=true,Intel Celeron Dual Core Processor | 12 GB LPDDR4X RAM | Windows 11 Operating System | 512 GB SSD | 39.62 cm (15.6 Inch) Display | 1 Year Onsite Warranty
9,12,"ASUS Vivobook Go 15 OLED, with Backlit Keyboard, AMD Ryzen 5 Quad Core 7520U - (8 GB/512 GB SSD/Window...","₹54,990",4.4,"3,042 Ratings",https://rukminim2.flixcart.com/image/312/312/xif0q/computer/y/z/d/-enriched-transparent-original-imahg5fue8qmg6wk.png?q=70,https://www.flipkart.com/asus-vivobook-go-15-oled-backlit-keyboard-amd-ryzen-5-quad-core-7520u-8-gb-512-gb-ssd-windows-11-home-e1504fa-lk521ws-thin-light-laptop/p/itm3de88f71e558b?pid=COMGMGXFT7WWNGYG&lid=LSTCOMGMGXFT7WWNGYGEMFTUI&marketplace=FLIPKART&q=laptop&store=6bo%2Fb5g&srno=s_9_204&otracker=search&fm=organic&iid=08a96c62-6f0b-4519-bb71-150411769d3d.COMGMGXFT7WWNGYG.SEARCH&ppt=sp&ppn=sp&ssid=ldw9f9oe680000001784730961036&qH=312f91285e048e09&ov_redirect=true,AMD Ryzen 5 Quad Core Processor | 8 GB LPDDR5 RAM | Windows 11 Operating System | 512 GB SSD | 39.62 cm (15.6 Inch) Display | 1 Year Onsite Warranty
9,13,DELL 15 (Previously Inspiron) AI Powered Intel Core Ultra 7 225H - (16 GB/512 GB SSD/Windows 11 Home) ...,"₹98,990",Not Found,Not Found,https://rukminim2.flixcart.com/image/312/312/xif0q/computer/7/q/y/-original-imahmp2zy9zwzxrr.jpeg?q=70,https://www.flipkart.com/dell-15-previously-inspiron-ai-powered-intel-core-ultra-7-225h-16-gb-512-gb-ssd-windows-11-home-thin-light-laptop/p/itm2bfa65c94b238?pid=COMHM29DMENUABXM&lid=LSTCOMHM29DMENUABXMQLV7PK&marketplace=FLIPKART&q=laptop&store=6bo%2Fb5g&srno=s_9_205&otracker=search&fm=organic&iid=08a96c62-6f0b-4519-bb71-150411769d3d.COMHM29DMENUABXM.SEARCH&ppt=sp&ppn=sp&ssid=ldw9f9oe680000001784730961036&qH=312f91285e048e09&ov_redirect=true,Intel Core Ultra 7 Processor | 16 GB DDR5 RAM | Windows 11 Home Operating System | 512 GB SSD | 39.62 cm (15.6 inch) Display | McAfee | 1 Year Onsite Service
9,14,Lenovo IdeaPad Slim 1 AMD Ryzen 5 Hexa Core 5500U - (16 GB/512 GB SSD/Windows 11 Home) 15ALC7 / 15ALC6...,"₹33,990",4.2,"7,228 Ratings",https://rukminim2.flixcart.com/image/312/312/xif0q/computer/m/o/u/-enriched-transparent-original-imahg5fxhyfzpqwy.png?q=70,https://www.flipkart.com/lenovo-ideapad-slim-1-amd-ryzen-5-hexa-core-5500u-16-gb-512-gb-ssd-windows-11-home-15alc7-15alc6-thin-light-laptop/p/itm3680fb576eb7b?pid=COMGN2YDSFGGXYG3&lid=LSTCOMGN2YDSFGGXYG3MJBCRU&marketplace=FLIPKART&q=laptop&store=6bo%2Fb5g&srno=s_9_206&otracker=search&fm=organic&iid=08a96c62-6f0b-4519-bb71-150411769d3d.COMGN2YDSFGGXYG3.SEARCH&ppt=sp&ppn=sp&ssid=ldw9f9oe680000001784730961036&qH=312f91285e048e09&ov_redirect=true,AMD Ryzen 5 Hexa Core Processor | 16 GB DDR4 RAM | 64 bit Windows 11 Operating System | 512 GB SSD | 39.62 cm (15.6 Inch) Display | Microsoft Office Home & Student 2021 | 1 Year Onsite Warranty
9,15,HP 15 (i5 14th Gen) Intel Core 5 120U - (24 GB/512 GB SSD/Windows 11 Home) 15-fd0262TU Thin and Light ...,"₹82,990",4.2,195 Ratings,https://rukminim2.flixcart.com/image/312/312/xif0q/computer/z/i/b/-original-imahzu4rwxnezv9x.jpeg?q=70,https://www.flipkart.com/hp-15-i5-14th-gen-intel-core-5-120u-24-gb-512-gb-ssd-windows-11-home-15-fd0262tu-thin-light-laptop/p/itm027a3317f4ff9?pid=COMHM94A7PHVCQT7&lid=LSTCOMHM94A7PHVCQT7QTPOH7&marketplace=FLIPKART&q=laptop&store=6bo%2Fb5g&srno=s_9_207&otracker=search&fm=organic&iid=en_lJQMZ6fAebm4BGtp5cX7RMlZLUqv96guGRxDb1Fx563JanoCRs2koMLf7QgvVs95ajNODExQ3AD2YwLVEpFEnL-0TByd-y2aowfbZcqv2qB0XnYIaSr2wkPhYsVeTtDt&ppt=sp&ppn=sp&ssid=ldw9f9oe680000001784730961036&qH=312f91285e048e09&ov_redirect=true,Intel Core 5 Processor | 24 GB DDR5 RAM | Windows 11 Home Operating System | 512 GB SSD | 39.62 cm (15.6 inch) Display | Microsoft Office Home 2024 (Lifetime Validity ) + Microsoft 365(1-Year Validity) | 1 Year Onsite Service
9,16,HP 14 AI PC Intel Core Ultra 7 155H - (16 GB/512 GB SSD/Windows 11 Home) 14-ep1151TU/14-gr1036TU/14-ep...,"₹79,990",4.1,790 Ratings,https://rukminim2.flixcart.com/image/312/312/xif0q/computer/o/9/k/-original-imahgry8nwkejmae.jpeg?q=70,https://www.flipkart.com/hp-14-ai-pc-intel-core-ultra-7-155h-16-gb-512-gb-ssd-windows-11-home-14-ep1151tu-14-gr1036tu-14-ep1151tu-thin-light-laptop/p/itm4c681812b88bf?pid=COMHF8G932EYZAJF&lid=LSTCOMHF8G932EYZAJFOUI9CA&marketplace=FLIPKART&q=laptop&store=6bo%2Fb5g&srno=s_9_208&otracker=search&fm=organic&iid=en_lJQMZ6fAebm4BGtp5cX7RMlZLUqv96guGRxDb1Fx562hr3YhuY6I0UB-CvNZwu61q1hjzYDbDbYctS2-qOIVIqU4JGq2qGfuCYjFJWjKqlQKKresYsQ-S8YqTaNkbBPe&ppt=sp&ppn=sp&ssid=ldw9f9oe680000001784730961036&qH=312f91285e048e09&ov_redirect=true,Intel Core Ultra 7 Processor | 16 GB DDR5 RAM | Windows 11 Home Operating System | 512 GB SSD | 35.56 cm (14 Inch) Display | 1 Year Onsite Warranty
9,17,HP 15 (2025) AMD Athlon Dual Core 7120U - (8 GB/256 GB SSD/Windows 11 Home) 15 Thin and Light Laptop,"₹45,990",4,391 Ratings,https://rukminim2.flixcart.com/image/312/312/xif0q/computer/5/q/y/15-thin-and-light-laptop-hp-original-imahcphgezhfhts2.jpeg?q=70,https://www.flipkart.com/hp-15-2025-amd-athlon-dual-core-7120u-8-gb-256-gb-ssd-windows-11-home-thin-light-laptop/p/itm356259fbc5fcb?pid=COMHCPHGZXJWVNX2&lid=LSTCOMHCPHGZXJWVNX2EWQHUA&marketplace=FLIPKART&q=laptop&store=6bo%2Fb5g&srno=s_9_209&otracker=search&fm=organic&iid=08a96c62-6f0b-4519-bb71-150411769d3d.COMHCPHGZXJWVNX2.SEARCH&ppt=sp&ppn=sp&ssid=ldw9f9oe680000001784730961036&qH=312f91285e048e09&ov_redirect=true,"AMD Athlon Dual Core Processor | 8 GB DDR4 RAM | 64 bit Windows 11 Home Operating System | 256 GB SSD | 39.62 cm (15.6 Inch) Display | Microsoft Office 2021, Windows 11 Home | 1 Year Onsite Warranty"
9,18,HP Omnibook 3 2K WUXGA Snapdragon X - (16 GB/512 GB SSD/Windows 11 Home) Omnibook 3 14-hz0024QU Laptop,"₹72,990",4.1,11 Ratings,https://rukminim2.flixcart.com/image/312/312/xif0q/computer/u/e/9/-original-imahzvfcsqpynrcd.jpeg?q=70,https://www.flipkart.com/hp-omnibook-3-2k-wuxga-snapdragon-x-16-gb-512-gb-ssd-windows-11-home-14-hz0024qu-laptop/p/itmbd5346cd09abc?pid=COMHZGK2ACSECZB5&lid=LSTCOMHZGK2ACSECZB52ALLPO&marketplace=FLIPKART&q=laptop&store=6bo%2Fb5g&srno=s_9_210&otracker=search&fm=organic&iid=08a96c62-6f0b-4519-bb71-150411769d3d.COMHZGK2ACSECZB5.SEARCH&ppt=sp&ppn=sp&ssid=ldw9f9oe680000001784730961036&qH=312f91285e048e09&ov_redirect=true,Snapdragon X Processor | 16 GB LPDDR5X RAM | Windows 11 Home Operating System | 512 GB SSD | 35.56 cm (14 inch) Display | MS Office Home 2024 | 1 Year Onsite Service
9,19,HP 14 AI PC Intel Core Ultra 7 155H - (16 GB/1 TB SSD/Windows 11 Home) 14-ep1152TU Thin and Light Lapt...,"₹85,990",4.1,790 Ratings,https://rukminim2.flixcart.com/image/312/312/xif0q/computer/a/h/z/-original-imahgh9exfmtg44y.jpeg?q=70,https://www.flipkart.com/hp-14-ai-pc-intel-core-ultra-7-155h-16-gb-1-tb-ssd-windows-11-home-14-ep1152tu-thin-light-laptop/p/itm448874079369f?pid=COMHG98EXZ3AJYZN&lid=LSTCOMHG98EXZ3AJYZNODD67U&marketplace=FLIPKART&q=laptop&store=6bo%2Fb5g&srno=s_9_211&otracker=search&fm=organic&iid=en_lJQMZ6fAebm4BGtp5cX7RMlZLUqv96guGRxDb1Fx560fg4YRuKZZWytqaHWJ08DBC6YBzjaUMmK47SGkba_3oSGkgDYpheMzpTOfbcb9jJoKKresYsQ-S8YqTaNkbBPe&ppt=sp&ppn=sp&ssid=ldw9f9oe680000001784730961036&qH=312f91285e048e09&ov_redirect=true,Intel Core Ultra 7 Processor | 16 GB DDR5 RAM | Windows 11 Home Operating System | 1 TB SSD | 35.56 cm (14 Inch) Display | 1 Year Onsite Warranty
9,20,Samsung Galaxy Book5 AI Metal Intel Core Ultra 5 225U - (16 GB/512 GB SSD/Windows 11 Home) NP750XHD Th...,"₹84,990",4.6,837 Ratings,https://rukminim2.flixcart.com/image/312/312/xif0q/computer/0/2/e/-original-imahzcf3jkkjkhgc.jpeg?q=70,https://www.flipkart.com/samsung-galaxy-book5-ai-metal-intel-core-ultra-5-225u-16-gb-512-gb-ssd-windows-11-home-np750xhd-thin-light-laptop/p/itmc33d2563d0ffc?pid=COMHE4ATPCZ9FXRP&lid=LSTCOMHE4ATPCZ9FXRP7N1GVG&marketplace=FLIPKART&q=laptop&store=6bo%2Fb5g&srno=s_9_212&otracker=search&fm=organic&iid=en_lJQMZ6fAebm4BGtp5cX7RMlZLUqv96guGRxDb1Fx563aBBD7yeHvmkrcJn536ATs3WHJiuMjlX0EHxFVCjPkyeUBYPBIqgZE3mSuDz4Hsbl0XnYIaSr2wkPhYsVeTtDt&ppt=sp&ppn=sp&ssid=ldw9f9oe680000001784730961036&qH=312f91285e048e09&ov_redirect=true,Intel Core Ultra 5 Processor | 16 GB LPDDR5X RAM | 64 bit Windows 11 Operating System | 512 GB SSD | 39.62 cm (15.6 Inch) Display | MS Office Home and Student 2024 | 1 Year Manufacturer Warranty for Laptop and 6 Months for In-Box Accessories
9,21,ASUS Vivobook Go 15 (2026) with Office 2024 + M365 Basic* AMD Ryzen 3 Quad Core 30 - (8 GB/512 GB SSD/...,"₹48,990",4,25 Ratings,https://rukminim2.flixcart.com/image/312/312/xif0q/computer/r/t/b/-original-imahmeb3tamfvgfp.jpeg?q=70,https://www.flipkart.com/asus-vivobook-go-15-2026-office-2024-m365-basic-amd-ryzen-3-quad-core-30-8-gb-512-gb-ssd-windows-11-home-e1504fa-bq2114ws-thin-light-laptop/p/itm1dbfd91b9e36d?pid=COMHKDXBRJJG5JH7&lid=LSTCOMHKDXBRJJG5JH71RFLWK&marketplace=FLIPKART&q=laptop&store=6bo%2Fb5g&srno=s_9_213&otracker=search&fm=organic&iid=08a96c62-6f0b-4519-bb71-150411769d3d.COMHKDXBRJJG5JH7.SEARCH&ppt=sp&ppn=sp&ssid=ldw9f9oe680000001784730961036&qH=312f91285e048e09&ov_redirect=true,"AMD Ryzen 3 Quad Core Processor | 8 GB DDR5 RAM | Windows 11 Home Operating System | 512 GB SSD | 39.62 cm (15.6 inch) Display | MSO 2024 for lifetime + Microsoft 365 Basic with 100GB Cloud Storage for 1 Year, One-Month Membership of Adobe Creative Cloud All Apps, McAfee 1 year | 1 Year Onsite Warranty"
9,22,HP 15 (i3 14th Gen) Intel Core 3 100U - (8 GB/512 GB SSD/Windows 11 Home) 15-fd1253TU/ 15-fd1225TU Thi...,"₹50,843",4.2,"1,654 Ratings",https://rukminim2.flixcart.com/image/312/312/xif0q/computer/j/w/o/-original-imahkjjf47u9vgs7.jpeg?q=70,https://www.flipkart.com/hp-15-i3-14th-gen-intel-core-3-100u-8-gb-512-gb-ssd-windows-11-home-15-fd1253tu-15-fd1225tu-thin-light-laptop/p/itm09491ad4135b2?pid=COMHBFRJDZSGPFKZ&lid=LSTCOMHBFRJDZSGPFKZV8MOEQ&marketplace=FLIPKART&q=laptop&store=6bo%2Fb5g&srno=s_9_214&otracker=search&fm=organic&iid=08a96c62-6f0b-4519-bb71-150411769d3d.COMHBFRJDZSGPFKZ.SEARCH&ppt=sp&ppn=sp&ssid=ldw9f9oe680000001784730961036&qH=312f91285e048e09&ov_redirect=true,Intel Core 3 Processor | 8 GB DDR4 RAM | 64 bit Windows 11 Home Operating System | 512 GB SSD | 39.62 cm (15.6 Inch) Display | MS Office Home 2024 + MISC PC Game Pass DA 3M | 1 Year Onsite Warranty
9,23,Acer Swift Neo OLED AI PC Intel Core Ultra 5 - (16 GB/512 GB SSD/Windows 11 Home) SFN14-54H Thin and L...,"₹69,990",Not Found,Not Found,https://rukminim2.flixcart.com/image/312/312/xif0q/computer/y/r/k/swift-neo-thin-and-light-laptop-acer-original-imahhy9uxvrkdfpr.jpeg?q=70,https://www.flipkart.com/acer-swift-neo-oled-ai-pc-intel-core-ultra-5-16-gb-512-gb-ssd-windows-11-home-sfn14-54h-thin-light-laptop/p/itm7e110040e3132?pid=COMHHY9UXJE4SJZE&lid=LSTCOMHHY9UXJE4SJZEN2KC6B&marketplace=FLIPKART&q=laptop&store=6bo%2Fb5g&srno=s_9_215&otracker=search&fm=organic&iid=08a96c62-6f0b-4519-bb71-150411769d3d.COMHHY9UXJE4SJZE.SEARCH&ppt=sp&ppn=sp&ssid=ldw9f9oe680000001784730961036&qH=312f91285e048e09&ov_redirect=true,Intel Core Ultra 5 Processor | 16 GB LPDDR5 RAM | 64 bit Windows 11 Home Operating System | 512 GB SSD | 35.56 cm (14 inch) Display | 1 Year Warranty
9,24,ASUS Chromebook Intel Celeron Dual Core N4500 - (8 GB/128 GB EMMC Storage/Chrome OS) CX1500CKA-NJ0395 ...,"₹23,990",3.8,"3,061 Ratings",https://rukminim2.flixcart.com/image/312/312/xif0q/computer/t/n/3/cx1500cka-ej0275-chromebook-asus-enriched-transparent-original-imah2mw8nykenzdx.png?q=70,https://www.flipkart.com/asus-chromebook-intel-celeron-dual-core-n4500-8-gb-128-gb-emmc-storage-chrome-os-cx1500cka-nj0395/p/itmc1d20ec9ce589?pid=COMGSHM3TFHNHXEU&lid=LSTCOMGSHM3TFHNHXEUHQG9AK&marketplace=FLIPKART&q=laptop&store=6bo%2Fb5g&srno=s_9_216&otracker=search&fm=organic&iid=08a96c62-6f0b-4519-bb71-150411769d3d.COMGSHM3TFHNHXEU.SEARCH&ppt=sp&ppn=sp&ssid=ldw9f9oe680000001784730961036&qH=312f91285e048e09&ov_redirect=true,Intel Celeron Dual Core Processor | 8 GB LPDDR4X RAM | 64 bit Chrome Operating System | 39.62 cm (15.6 Inch) Display | 1 Year Onsite Warranty
10,1,Samsung Galaxy Book4 Metal Intel Core i5 13th Gen 1335U - (8 GB/512 GB SSD/Windows 11 Home) NP750XGJ-K...,"₹56,990",4.4,"19,735 Ratings",https://rukminim2.flixcart.com/image/312/312/xif0q/computer/k/t/y/-enriched-transparent-original-imahg53xspmfrsdd.png?q=70,https://www.flipkart.com/samsung-galaxy-book4-metal-intel-core-i5-13th-gen-1335u-8-gb-512-gb-ssd-windows-11-home-np750xgj-kg1in-np750xgj-lg1in-np750xgj-lg6in-thin-light-laptop/p/itm1df5212efb9fc?pid=COMGZUYDFZXHWYWZ&lid=LSTCOMGZUYDFZXHWYWZJ6V2KW&marketplace=FLIPKART&q=laptop&store=6bo%2Fb5g&srno=s_10_217&otracker=search&fm=organic&iid=en_GpZGeYaDB5CsX_LtkzfG-w42lWRF0_xGIS3WXd8UeE6u6H1vityVbq1DxnJ-EBgfsfGME0kkMQMICwGxasfmZSpiZoP3ZcDDMuaOuWFYumNscc0SicV-cqMEV76ZU8LC&ppt=sp&ppn=sp&ssid=djmcx9gpsg0000001784730966598&qH=312f91285e048e09&ov_redirect=true,Intel Core i5 Processor (13th Gen) | 8 GB LPDDR4X RAM | 64 bit Windows 11 Operating System | 512 GB SSD | 39.62 cm (15.6 Inch) Display | 1 Year Manufacturer Warranty for Laptop and 6 Months for In-Box Accessories
10,2,Samsung Galaxy Book4 Metal Intel Core i3 13th Gen 1315U - (8 GB/512 GB SSD/Windows 11 Home) NP750XGJ-L...,"₹57,490",4.4,"10,670 Ratings",https://rukminim2.flixcart.com/image/312/312/xif0q/computer/q/k/o/-enriched-transparent-original-imahg53xmzmtsynn.png?q=70,https://www.flipkart.com/samsung-galaxy-book4-metal-intel-core-i3-13th-gen-1315u-8-gb-512-gb-ssd-windows-11-home-np750xgj-lg9in-thin-light-laptop/p/itmc29d559898e6f?pid=COMH4Y6KKRC9YSWE&lid=LSTCOMH4Y6KKRC9YSWERDUMZD&marketplace=FLIPKART&q=laptop&store=6bo%2Fb5g&srno=s_10_218&otracker=search&fm=organic&iid=en_GpZGeYaDB5CsX_LtkzfG-w42lWRF0_xGIS3WXd8UeE4SJvmc2M16_MBd8wW_qduQVqKfzRTPmTYCvEc1OQ2_kCChg9vAnpscSdI7uOc1ZHVscc0SicV-cqMEV76ZU8LC&ppt=sp&ppn=sp&ssid=djmcx9gpsg0000001784730966598&qH=312f91285e048e09&ov_redirect=true,Intel Core i3 Processor (13th Gen) | 8 GB LPDDR4X RAM | 64 bit Windows 11 Operating System | 512 GB SSD | 39.62 cm (15.6 Inch) Display | 1 Year Onsite Warranty
10,3,DELL 15 (Previously Inspiron) (2025) Microsoft Office Home 2024 AMD Ryzen 5 Hexa Core 7530U - (16 GB/5...,"₹59,990",4.3,"3,519 Ratings",https://rukminim2.flixcart.com/image/312/312/xif0q/computer/g/t/d/-original-imahg5fyqgdfhugy.jpeg?q=70,https://www.flipkart.com/dell-15-previously-inspiron-2025-microsoft-office-home-2024-amd-ryzen-5-hexa-core-7530u-16-gb-512-gb-ssd-windows-11-home-3535-15dc15255-thin-light-laptop/p/itm672bf7685863c?pid=COMH8EPFGAZ5HFM3&lid=LSTCOMH8EPFGAZ5HFM3UCBKL5&marketplace=FLIPKART&q=laptop&store=6bo%2Fb5g&srno=s_10_219&otracker=search&fm=organic&iid=ef19066e-9fed-4154-9e5c-e4e01be84a47.COMH8EPFGAZ5HFM3.SEARCH&ppt=sp&ppn=sp&ssid=djmcx9gpsg0000001784730966598&qH=312f91285e048e09&ov_redirect=true,AMD Ryzen 5 Hexa Core Processor | 16 GB DDR4 RAM | Windows 11 Operating System | 512 GB SSD | 39.62 cm (15.6 Inch) Display | Microsoft Office Home 2024 | Dell Support Assist | 1 Year Onsite Warranty
10,4,DELL 14 Microsoft Office Home 2024 Intel Core Ultra 7 256V - (16 GB/512 GB SSD/Windows 11 Home) DB0425...,"₹1,02,990",4.3,4 Ratings,https://rukminim2.flixcart.com/image/312/312/xif0q/computer/e/2/0/db04250-2-in-1-laptop-dell-original-imahffy8ysvnk5ga.jpeg?q=70,https://www.flipkart.com/dell-14-microsoft-office-home-2024-intel-core-ultra-7-256v-16-gb-512-gb-ssd-windows-11-home-db04250-2-1-laptop/p/itmad82e5bcc1ea9?pid=COMHF4WYW2NRZZ7E&lid=LSTCOMHF4WYW2NRZZ7ELL3XAR&marketplace=FLIPKART&q=laptop&store=6bo%2Fb5g&srno=s_10_220&otracker=search&fm=organic&iid=ef19066e-9fed-4154-9e5c-e4e01be84a47.COMHF4WYW2NRZZ7E.SEARCH&ppt=sp&ppn=sp&ssid=djmcx9gpsg0000001784730966598&qH=312f91285e048e09&ov_redirect=true,Intel Core Ultra 7 Processor | 16 GB LPDDR5X RAM | Windows 11 Operating System | 512 GB SSD | 35.56 cm (14 $Inch) Touchscreen Display | Microsoft Office Home 2024 | Dell Support Assist | 1 Year Onsite Hardware Service
10,5,HP Omnibook 3 2K WUXGA Snapdragon X - (16 GB/512 GB SSD/Windows 11 Home) Omnibook 3 14-hz0024QU Laptop,"₹72,990",4.1,11 Ratings,https://rukminim2.flixcart.com/image/312/312/xif0q/computer/u/e/9/-original-imahzvfcsqpynrcd.jpeg?q=70,https://www.flipkart.com/hp-omnibook-3-2k-wuxga-snapdragon-x-16-gb-512-gb-ssd-windows-11-home-14-hz0024qu-laptop/p/itmbd5346cd09abc?pid=COMHZGK2ACSECZB5&lid=LSTCOMHZGK2ACSECZB52ALLPO&marketplace=FLIPKART&q=laptop&store=6bo%2Fb5g&srno=s_10_221&otracker=search&fm=organic&iid=en_GpZGeYaDB5CsX_LtkzfG-w42lWRF0_xGIS3WXd8UeE4M9teuy8d4T7GBVMJhsmbgQDaMOpjaAqIhVlr2eDOqkK8WMJxc_eOD3pdFe_35DQVscc0SicV-cqMEV76ZU8LC&ppt=sp&ppn=sp&ssid=djmcx9gpsg0000001784730966598&qH=312f91285e048e09&ov_redirect=true,Snapdragon X Processor | 16 GB LPDDR5X RAM | Windows 11 Home Operating System | 512 GB SSD | 35.56 cm (14 inch) Display | MS Office Home 2024 | 1 Year Onsite Service
10,6,HP 15 (i5 14th Gen) Intel Core 5 120U - (24 GB/512 GB SSD/Windows 11 Home) 15-fd0262TU Thin and Light ...,"₹82,990",4.2,195 Ratings,https://rukminim2.flixcart.com/image/312/312/xif0q/computer/z/i/b/-original-imahzu4rwxnezv9x.jpeg?q=70,https://www.flipkart.com/hp-15-i5-14th-gen-intel-core-5-120u-24-gb-512-gb-ssd-windows-11-home-15-fd0262tu-thin-light-laptop/p/itm027a3317f4ff9?pid=COMHM94A7PHVCQT7&lid=LSTCOMHM94A7PHVCQT7QTPOH7&marketplace=FLIPKART&q=laptop&store=6bo%2Fb5g&srno=s_10_222&otracker=search&fm=organic&iid=en_GpZGeYaDB5CsX_LtkzfG-w42lWRF0_xGIS3WXd8UeE59_mr7X2FXycSxdRJHyAn8ajNODExQ3AD2YwLVEpFEnHQxmIaeT1eVU6lHR1JOxyBscc0SicV-cqMEV76ZU8LC&ppt=sp&ppn=sp&ssid=djmcx9gpsg0000001784730966598&qH=312f91285e048e09&ov_redirect=true,Intel Core 5 Processor | 24 GB DDR5 RAM | Windows 11 Home Operating System | 512 GB SSD | 39.62 cm (15.6 inch) Display | Microsoft Office Home 2024 (Lifetime Validity ) + Microsoft 365(1-Year Validity) | 1 Year Onsite Service
10,7,HP 255 G10 AMD Athlon Dual Core 7120U - (8 GB/256 GB SSD/Windows 11 Home) 255 G10 Thin and Light Lapto...,"₹48,690",4,436 Ratings,https://rukminim2.flixcart.com/image/312/312/xif0q/computer/h/j/x/255-g10-thin-and-light-laptop-hp-original-imahbcnytdxhgmgu.jpeg?q=70,https://www.flipkart.com/hp-255-g10-amd-athlon-dual-core-7120u-8-gb-256-gb-ssd-windows-11-home-thin-light-laptop/p/itm0994d96e22416?pid=COMHBCNY8DX2T7HY&lid=LSTCOMHBCNY8DX2T7HYEDW9AM&marketplace=FLIPKART&q=laptop&store=6bo%2Fb5g&srno=s_10_223&otracker=search&fm=organic&iid=ef19066e-9fed-4154-9e5c-e4e01be84a47.COMHBCNY8DX2T7HY.SEARCH&ppt=sp&ppn=sp&ssid=djmcx9gpsg0000001784730966598&qH=312f91285e048e09&ov_redirect=true,AMD Athlon Dual Core Processor | 8 GB LPDDR5 RAM | 64 bit Windows 11 Operating System | 256 GB SSD | 39.62 cm (15.6 Inch) Display | 1 Year Onsite Warranty
10,8,Acer Swift Neo Office 2024 + M365 Basic Intel Core Ultra 5 115U - (16 GB/1 TB SSD/Windows 11 Home) SFN...,"₹60,990",4.1,714 Ratings,https://rukminim2.flixcart.com/image/312/312/xif0q/computer/s/b/k/-original-imahgx8wgfmtt9ky.jpeg?q=70,https://www.flipkart.com/acer-swift-neo-office-2024-m365-basic-intel-core-ultra-5-115u-16-gb-1-tb-ssd-windows-11-home-sfn14-54h-thin-light-laptop/p/itm6985fa8acc1b8?pid=COMHFCR6SKGHBN4V&lid=LSTCOMHFCR6SKGHBN4VDWORVQ&marketplace=FLIPKART&q=laptop&store=6bo%2Fb5g&srno=s_10_224&otracker=search&fm=organic&iid=ef19066e-9fed-4154-9e5c-e4e01be84a47.COMHFCR6SKGHBN4V.SEARCH&ppt=sp&ppn=sp&ssid=djmcx9gpsg0000001784730966598&qH=312f91285e048e09&ov_redirect=true,Intel Core Ultra 5 Processor | 16 GB LPDDR5 RAM | 64 bit Windows 11 Home Operating System | 1 TB SSD | 35.56 cm (14 Inch) Display | 1 Year Warranty
10,9,MOTOROLA Motobook 60 Pro Full Metal AI PC WUXGA OLED Intel Core Ultra 5 225H - (16 GB/512 GB SSD/Windo...,"₹79,990",4.5,642 Ratings,https://rukminim2.flixcart.com/image/312/312/xif0q/computer/z/t/g/-original-imahmazj9jdvdzeb.jpeg?q=70,https://www.flipkart.com/motorola-motobook-60-pro-full-metal-ai-pc-wuxga-oled-intel-core-ultra-5-225h-16-gb-512-gb-ssd-windows-11-home-14iah101-thin-light-laptop/p/itm9ac7ced9934c6?pid=COMHZJ49YH3QPGEF&lid=LSTCOMHZJ49YH3QPGEFTQPFVN&marketplace=FLIPKART&q=laptop&store=6bo%2Fb5g&srno=s_10_225&otracker=search&fm=organic&iid=ef19066e-9fed-4154-9e5c-e4e01be84a47.COMHZJ49YH3QPGEF.SEARCH&ppt=sp&ppn=sp&ssid=djmcx9gpsg0000001784730966598&qH=312f91285e048e09&ov_redirect=true,Intel Core Ultra 5 Processor | 16 GB DDR5 RAM | 64 bit Windows 11 Operating System | 512 GB SSD | 35.56 cm (14 inch) Display | Office Home & Student 2024 | 1 Year Onsite Service
10,10,ASUS Vivobook Go 15 OLED AMD Ryzen 3 Quad Core 7320U - (8 GB/512 GB SSD/Windows 11 Home) E1504FA-LK321...,"₹45,990",4.4,"4,484 Ratings",https://rukminim2.flixcart.com/image/312/312/xif0q/computer/y/z/d/-enriched-transparent-original-imahg5fue8qmg6wk.png?q=70,https://www.flipkart.com/asus-vivobook-go-15-oled-amd-ryzen-3-quad-core-7320u-8-gb-512-gb-ssd-windows-11-home-e1504fa-lk321ws-thin-light-laptop/p/itm3de88f71e558b?pid=COMGMGXFB2KYFGZN&lid=LSTCOMGMGXFB2KYFGZN0SV9BA&marketplace=FLIPKART&q=laptop&store=6bo%2Fb5g&srno=s_10_226&otracker=search&fm=organic&iid=ef19066e-9fed-4154-9e5c-e4e01be84a47.COMGMGXFB2KYFGZN.SEARCH&ppt=sp&ppn=sp&ssid=djmcx9gpsg0000001784730966598&qH=312f91285e048e09&ov_redirect=true,AMD Ryzen 3 Quad Core Processor | 8 GB LPDDR5 RAM | 64 bit Windows 11 Operating System | 512 GB SSD | 39.62 cm (15.6 Inch) Display | 1 Year Onsite Warranty
10,11,DELL 15 (Previouly Inspiron) AMD Ryzen 5 Quad Core 7520U - (8 GB/512 GB SSD/Windows 11 Home) DC15255 T...,"₹57,990",4.5,6 Ratings,https://rukminim2.flixcart.com/image/312/312/xif0q/computer/m/x/0/-original-imahzv9agugnddrg.jpeg?q=70,https://www.flipkart.com/dell-15-previouly-inspiron-amd-ryzen-5-quad-core-7520u-8-gb-512-gb-ssd-windows-11-home-dc15255-thin-light-laptop/p/itmb80bb4e819164?pid=COMHDXXUHGDCHMQX&lid=LSTCOMHDXXUHGDCHMQXUEUE9X&marketplace=FLIPKART&q=laptop&store=6bo%2Fb5g&srno=s_10_227&otracker=search&fm=organic&iid=en_GpZGeYaDB5CsX_LtkzfG-w42lWRF0_xGIS3WXd8UeE6smUsTj2pMUtXJFLdUt8zSKS7KjhXWMehRCKPAR7kLICmyONG8u9GUv-mVZHUzBoxscc0SicV-cqMEV76ZU8LC&ppt=sp&ppn=sp&ssid=djmcx9gpsg0000001784730966598&qH=312f91285e048e09&ov_redirect=true,AMD Ryzen 5 Quad Core Processor | 8 GB LPDDR5 RAM | Windows 11 Operating System | 512 GB SSD | 38.1 cm (15 Inch) Display | 1 Year Onsite Warranty
10,12,HP 14 AI PC Intel Core Ultra 7 155H - (16 GB/1 TB SSD/Windows 11 Home) 14-ep1152TU Thin and Light Lapt...,"₹85,990",4.1,790 Ratings,https://rukminim2.flixcart.com/image/312/312/xif0q/computer/a/h/z/-original-imahgh9exfmtg44y.jpeg?q=70,https://www.flipkart.com/hp-14-ai-pc-intel-core-ultra-7-155h-16-gb-1-tb-ssd-windows-11-home-14-ep1152tu-thin-light-laptop/p/itm448874079369f?pid=COMHG98EXZ3AJYZN&lid=LSTCOMHG98EXZ3AJYZNODD67U&marketplace=FLIPKART&q=laptop&store=6bo%2Fb5g&srno=s_10_228&otracker=search&fm=organic&iid=en_GpZGeYaDB5CsX_LtkzfG-w42lWRF0_xGIS3WXd8UeE4ACMkLv2tw2pz4kcQU3ztbn9sG8qIKSbGwDcGdLV_LgSGkgDYpheMzpTOfbcb9jJpfeeNxEXn4adYC9S9CjkyZ&ppt=sp&ppn=sp&ssid=djmcx9gpsg0000001784730966598&qH=312f91285e048e09&ov_redirect=true,Intel Core Ultra 7 Processor | 16 GB DDR5 RAM | Windows 11 Home Operating System | 1 TB SSD | 35.56 cm (14 Inch) Display | 1 Year Onsite Warranty
10,13,DELL Inspiron 15 (Core i3 14th Gen) Intel Core 3 100U - (8 GB/512 GB SSD/Windows 11 Home) DC15250 Thin...,"₹55,990",4.3,193 Ratings,https://rukminim2.flixcart.com/image/312/312/xif0q/computer/2/9/0/-original-imahzv9hczzztp3z.jpeg?q=70,https://www.flipkart.com/dell-inspiron-15-core-i3-14th-gen-intel-core-3-100u-8-gb-512-gb-ssd-windows-11-home-dc15250-thin-light-laptop/p/itmf98b77e821f82?pid=COMHDWZ63ZXXJTNF&lid=LSTCOMHDWZ63ZXXJTNFND75LO&marketplace=FLIPKART&q=laptop&store=6bo%2Fb5g&srno=s_10_229&otracker=search&fm=organic&iid=ef19066e-9fed-4154-9e5c-e4e01be84a47.COMHDWZ63ZXXJTNF.SEARCH&ppt=sp&ppn=sp&ssid=djmcx9gpsg0000001784730966598&qH=312f91285e048e09&ov_redirect=true,Intel Core 3 Processor | 8 GB DDR4 RAM | Windows 11 Operating System | 512 GB SSD | 38.1 cm (15 Inch) Display | 1 Year Onsite Warranty
10,14,WarnerCann N95 Notebook Intel Core N 12th Gen - (12 GB/256 GB SSD/Windows 11 Pro) N95 Notebook Busines...,"₹22,318",Not Found,Not Found,https://rukminim2.flixcart.com/image/312/312/xif0q/computer/a/l/z/n95-business-laptop-business-laptop-warnercann-original-imah6hh5g5vazgpx.jpeg?q=70,https://www.flipkart.com/warnercann-n95-notebook-intel-core-n-12th-gen-12-gb-256-gb-ssd-windows-11-pro-business-laptop/p/itmac33d2492d585?pid=COMHMQKESTG3FN3R&lid=LSTCOMHMQKESTG3FN3RIKB5CC&marketplace=FLIPKART&q=laptop&store=6bo%2Fb5g&srno=s_10_230&otracker=search&fm=organic&iid=ef19066e-9fed-4154-9e5c-e4e01be84a47.COMHMQKESTG3FN3R.SEARCH&ppt=sp&ppn=sp&ssid=djmcx9gpsg0000001784730966598&qH=312f91285e048e09&ov_redirect=true,Intel Core N Processor (12th Gen) | 12 GB DDR4 RAM | 64 bit Windows 11 Operating System | 256 GB SSD | 38.86 cm (15.3 Inch) Display | Windows Pro | DOMESTIC
10,15,HP 14 AI PC Intel Core Ultra 7 155H - (16 GB/512 GB SSD/Windows 11 Home) 14-ep1151TU/14-gr1036TU/14-ep...,"₹79,990",4.1,790 Ratings,https://rukminim2.flixcart.com/image/312/312/xif0q/computer/o/9/k/-original-imahgry8nwkejmae.jpeg?q=70,https://www.flipkart.com/hp-14-ai-pc-intel-core-ultra-7-155h-16-gb-512-gb-ssd-windows-11-home-14-ep1151tu-14-gr1036tu-14-ep1151tu-thin-light-laptop/p/itm4c681812b88bf?pid=COMHF8G932EYZAJF&lid=LSTCOMHF8G932EYZAJFOUI9CA&marketplace=FLIPKART&q=laptop&store=6bo%2Fb5g&srno=s_10_231&otracker=search&fm=organic&iid=en_GpZGeYaDB5CsX_LtkzfG-w42lWRF0_xGIS3WXd8UeE48yzUfkS7K172NeORxPXG53zzcGhlXkGO1hWP1UU6KY6U4JGq2qGfuCYjFJWjKqlRfeeNxEXn4adYC9S9CjkyZ&ppt=sp&ppn=sp&ssid=djmcx9gpsg0000001784730966598&qH=312f91285e048e09&ov_redirect=true,Intel Core Ultra 7 Processor | 16 GB DDR5 RAM | Windows 11 Home Operating System | 512 GB SSD | 35.56 cm (14 Inch) Display | 1 Year Onsite Warranty
10,16,Samsung Galaxy Book5 AI Metal Intel Core Ultra 7 255U - (16 GB/512 GB SSD/Windows 11 Home) NP750XHD Th...,"₹91,990",4.6,463 Ratings,https://rukminim2.flixcart.com/image/312/312/xif0q/computer/0/2/e/-original-imahzcf3jkkjkhgc.jpeg?q=70,https://www.flipkart.com/samsung-galaxy-book5-ai-metal-intel-core-ultra-7-255u-16-gb-512-gb-ssd-windows-11-home-np750xhd-thin-light-laptop/p/itma9c081cdbe95d?pid=COMHE4ATBCUTGUYT&lid=LSTCOMHE4ATBCUTGUYTJZ7NHN&marketplace=FLIPKART&q=laptop&store=6bo%2Fb5g&srno=s_10_232&otracker=search&fm=organic&iid=en_GpZGeYaDB5CsX_LtkzfG-w42lWRF0_xGIS3WXd8UeE6hQoMVoIpILV73NG31ln7w_54vlUw9QAlUFlRYR6QtY-UBYPBIqgZE3mSuDz4Hsblscc0SicV-cqMEV76ZU8LC&ppt=sp&ppn=sp&ssid=djmcx9gpsg0000001784730966598&qH=312f91285e048e09&ov_redirect=true,Intel Core Ultra 7 Processor | 16 GB LPDDR5X RAM | 64 bit Windows 11 Operating System | 512 GB SSD | 39.62 cm (15.6 Inch) Display | MS Office Home and Student 2024 | 1 Year Manufacturer Warranty for Laptop and 6 Months for In-Box Accessories
10,17,ASUS Expertbook P5 Full metal AI PC with 1 Yr ADP Intel Core Ultra 7 356H - (32 GB/1 TB SSD/Windows 11...,"₹1,90,990",Not Found,Not Found,https://rukminim2.flixcart.com/image/312/312/xif0q/computer/z/n/q/-original-imahnhf3h9ugx2sv.jpeg?q=70,https://www.flipkart.com/asus-expertbook-p5-full-metal-ai-pc-1-yr-adp-intel-core-ultra-7-356h-32-gb-1-tb-ssd-windows-11-home-p5605caa-pl0049ws-laptop/p/itmc5bfada4bd5f3?pid=COMHM9UR8Z6UTHJG&lid=LSTCOMHM9UR8Z6UTHJG8LL3I8&marketplace=FLIPKART&q=laptop&store=6bo%2Fb5g&srno=s_10_233&otracker=search&fm=organic&iid=ef19066e-9fed-4154-9e5c-e4e01be84a47.COMHM9UR8Z6UTHJG.SEARCH&ppt=sp&ppn=sp&ssid=djmcx9gpsg0000001784730966598&qH=312f91285e048e09&ov_redirect=true,Intel Core Ultra 7 Processor | 32 GB DDR5 RAM | Windows 11 Home Operating System | 1 TB SSD | 40.64 cm (16 inch) Display | Microsoft Office Home 2024 + Microsoft 365 Basic | 1 Year Onsite Service
10,18,HP Omen AMD Ryzen 7 Octa Core 7840HS - (16 GB/1 TB SSD/Windows 11 Home/8 GB Graphics/NVIDIA GeForce RT...,"₹1,37,142",4.1,10 Ratings,https://rukminim2.flixcart.com/image/312/312/xif0q/computer/o/j/r/-original-imahg4ut7fqfxgsm.jpeg?q=70,https://www.flipkart.com/hp-omen-amd-ryzen-7-octa-core-7840hs-16-gb-1-tb-ssd-windows-11-home-8-gb-graphics-nvidia-geforce-rtx-4060-165-hz-xd0020ax-gaming-laptop/p/itm7991b9400c775?pid=COMH8Z22R5VV34QQ&lid=LSTCOMH8Z22R5VV34QQMOPQCU&marketplace=FLIPKART&q=laptop&store=6bo%2Fb5g&srno=s_10_234&otracker=search&fm=organic&iid=ef19066e-9fed-4154-9e5c-e4e01be84a47.COMH8Z22R5VV34QQ.SEARCH&ppt=sp&ppn=sp&ssid=djmcx9gpsg0000001784730966598&qH=312f91285e048e09&ov_redirect=true,AMD Ryzen 7 Octa Core Processor | 16 GB DDR5 RAM | Windows 11 Home Operating System | 1 TB SSD | 40.89 cm (16.1 Inch) Display | 1 Year Carry-in Warranty
10,19,ASUS ExpertBook P1 Intel Core i7 13th Gen 13620H - (32 GB/512 GB SSD/Windows 11 Home) P1403CVA-S60940W...,"₹84,990",4.3,995 Ratings,https://rukminim2.flixcart.com/image/312/312/xif0q/computer/x/0/p/-enriched-transparent-original-imahg53ukzn9grvv.png?q=70,https://www.flipkart.com/asus-expertbook-p1-intel-core-i7-13th-gen-13620h-32-gb-512-gb-ssd-windows-11-home-p1403cva-s60940ws-thin-light-laptop/p/itmc8b94112958cf?pid=COMH8Z2QT98FWRGH&lid=LSTCOMH8Z2QT98FWRGHHOIA2G&marketplace=FLIPKART&q=laptop&store=6bo%2Fb5g&srno=s_10_235&otracker=search&fm=organic&iid=ef19066e-9fed-4154-9e5c-e4e01be84a47.COMH8Z2QT98FWRGH.SEARCH&ppt=sp&ppn=sp&ssid=djmcx9gpsg0000001784730966598&qH=312f91285e048e09&ov_redirect=true,"Intel Core i7 Processor (13th Gen) | 32 GB DDR5 RAM | 64 bit Windows 11 Home Operating System | 512 GB SSD | 35.56 cm (14 Inch) Display | Included Software- Microsoft Office Home 2024(includes Word, Excel, PowerPoint, and OneNote) (Lifetime Validity ) + Microsoft 365 Basic*(1-Year Validity), McAfee+TM Premium (1 year Validity) | 1 Year Onsite Warranty"
10,20,ASUS Vivobook 14 (2025) with Office 2024 + M365 Basic* (i5 14th Gen) Intel Core 5 120U - (16 GB/512 GB...,"₹68,990",4.4,37 Ratings,https://rukminim2.flixcart.com/image/312/312/xif0q/computer/3/2/s/-original-imah2ger8qjev3sj.jpeg?q=70,https://www.flipkart.com/asus-vivobook-14-2025-office-2024-m365-basic-i5-14th-gen-intel-core-5-120u-16-gb-512-gb-ssd-windows-11-home-x1404vap-eb542ws-x1404vap-eb1542ws-thin-light-laptop/p/itm36dfaa305203e?pid=COMHEDHRGABJG29C&lid=LSTCOMHEDHRGABJG29CZC2TR1&marketplace=FLIPKART&q=laptop&store=6bo%2Fb5g&srno=s_10_236&otracker=search&fm=organic&iid=ef19066e-9fed-4154-9e5c-e4e01be84a47.COMHEDHRGABJG29C.SEARCH&ppt=sp&ppn=sp&ssid=djmcx9gpsg0000001784730966598&qH=312f91285e048e09&ov_redirect=true,"Intel Core 5 Processor | 16 GB DDR4 RAM | Windows 11 Home Operating System | 512 GB SSD | 35.56 cm (14 Inch) Display | Microsoft Office Home 2024 (Lifetime Validity ) + Microsoft 365 Basic*(1-Year Validity), One-Month Membership of Adobe Creative Cloud All Apps, McAfee 1 year | 1 Year Onsite Warranty"
10,21,Samsung Galaxy Book5 AI Metal Intel Core Ultra 5 225U - (16 GB/512 GB SSD/Windows 11 Home) NP750XHD Th...,"₹84,990",4.6,837 Ratings,https://rukminim2.flixcart.com/image/312/312/xif0q/computer/0/2/e/-original-imahzcf3jkkjkhgc.jpeg?q=70,https://www.flipkart.com/samsung-galaxy-book5-ai-metal-intel-core-ultra-5-225u-16-gb-512-gb-ssd-windows-11-home-np750xhd-thin-light-laptop/p/itmc33d2563d0ffc?pid=COMHE4ATPCZ9FXRP&lid=LSTCOMHE4ATPCZ9FXRP7N1GVG&marketplace=FLIPKART&q=laptop&store=6bo%2Fb5g&srno=s_10_237&otracker=search&fm=organic&iid=en_GpZGeYaDB5CsX_LtkzfG-w42lWRF0_xGIS3WXd8UeE7xvRgm9HeUnnon07KsQ-TZ3WHJiuMjlX0EHxFVCjPkycH5LP6GMXD1iSKF2pPmS-Rscc0SicV-cqMEV76ZU8LC&ppt=sp&ppn=sp&ssid=djmcx9gpsg0000001784730966598&qH=312f91285e048e09&ov_redirect=true,Intel Core Ultra 5 Processor | 16 GB LPDDR5X RAM | 64 bit Windows 11 Operating System | 512 GB SSD | 39.62 cm (15.6 Inch) Display | MS Office Home and Student 2024 | 1 Year Manufacturer Warranty for Laptop and 6 Months for In-Box Accessories
10,22,HP OMEN AI AMD Ryzen AI 7 Octa Core AI 7 350 - (24 GB/1 TB SSD/Windows 11 Home/8 GB Graphics/NVIDIA Ge...,"₹1,34,990",4.5,112 Ratings,https://rukminim2.flixcart.com/image/312/312/xif0q/computer/1/a/f/-original-imahgfdy8czyaypq.jpeg?q=70,https://www.flipkart.com/hp-omen-ai-amd-ryzen-7-octa-core-350-24-gb-1-tb-ssd-windows-11-home-8-gb-graphics-nvidia-geforce-rtx-5050-16-ap0165ax-gaming-laptop/p/itm5661c90728083?pid=COMHEHHXKFQSABXZ&lid=LSTCOMHEHHXKFQSABXZEF3JCN&marketplace=FLIPKART&q=laptop&store=6bo%2Fb5g&srno=s_10_238&otracker=search&fm=organic&iid=en_GpZGeYaDB5CsX_LtkzfG-w42lWRF0_xGIS3WXd8UeE64b5zaFY8Ik-fY37kn5MtESt8s0FwzStmVNuDw0YIb7vRQYaQqNgqexXd2bqUccoI1kPN98WCVMLxSLqDFA51-&ppt=sp&ppn=sp&ssid=djmcx9gpsg0000001784730966598&qH=312f91285e048e09&ov_redirect=true,AMD Ryzen AI 7 Octa Core Processor | 24 GB DDR5 RAM | Windows 11 Home Operating System | 1 TB SSD | 40.64 cm (16 Inch) Display | 1 Year Onsite Warranty
10,23,ASUS TUF Gaming F16 (2025) with Office 2024 + M365 Basic* Intel Core i7 14th Gen 14650HX - (16 GB/1 TB...,"₹1,49,990",4.8,31 Ratings,https://rukminim2.flixcart.com/image/312/312/xif0q/computer/t/6/n/-original-imahpdyhj6dkzufg.jpeg?q=70,https://www.flipkart.com/asus-tuf-gaming-f16-2025-office-2024-m365-basic-intel-core-i7-14th-gen-14650hx-16-gb-1-tb-ssd-windows-11-home-8-gb-graphics-intel-graphics-nvidia-geforce-rtx-5050-165-ghz-fx608jhr-rv135ws-laptop/p/itmd83c686196175?pid=COMHGSA9FFWSYKSG&lid=LSTCOMHGSA9FFWSYKSGR7ERH8&marketplace=FLIPKART&q=laptop&store=6bo%2Fb5g&srno=s_10_239&otracker=search&fm=organic&iid=ef19066e-9fed-4154-9e5c-e4e01be84a47.COMHGSA9FFWSYKSG.SEARCH&ppt=sp&ppn=sp&ssid=djmcx9gpsg0000001784730966598&qH=312f91285e048e09&ov_redirect=true,"Intel Core i7 Processor (14th Gen) | 16 GB DDR5 RAM | Windows 11 Home Operating System | 1 TB SSD | 40.64 cm (16 Inch) Display | Microsoft Office Home 2024 (Lifetime Validity ) + Microsoft 365 Basic*(1-Year Validity), McAfee 1 year, Xbox Game Pass for 3 months | 1 Year Onsite Warranty"
10,24,HP Victus AMD Ryzen 7 Hexa Core 7445HS - (16 GB/512 GB SSD/Windows 11 Home/4 GB Graphics/NVIDIA GeForc...,"₹76,354",4.4,"1,170 Ratings",https://rukminim2.flixcart.com/image/312/312/xif0q/computer/y/i/s/-original-imahgfdf4tyzdg5x.jpeg?q=70,https://www.flipkart.com/hp-victus-amd-ryzen-7-hexa-core-7445hs-16-gb-512-gb-ssd-windows-11-home-4-graphics-nvidia-geforce-rtx-2050-15-fb3122ax-gaming-laptop/p/itm7389a8b4c5a14?pid=COMHDWKFZGHSYR59&lid=LSTCOMHDWKFZGHSYR596VT4PT&marketplace=FLIPKART&q=laptop&store=6bo%2Fb5g&srno=s_10_240&otracker=search&fm=organic&iid=ef19066e-9fed-4154-9e5c-e4e01be84a47.COMHDWKFZGHSYR59.SEARCH&ppt=sp&ppn=sp&ssid=djmcx9gpsg0000001784730966598&qH=312f91285e048e09&ov_redirect=true,AMD Ryzen 7 Hexa Core Processor | 16 GB DDR5 RAM | Windows 11 Home Operating System | 512 GB SSD | 39.62 cm (15.6 Inch) Display | MS Office Home 2024 + MISC PC Game Pass DA 3M | 1 Year Onsite Warranty
11,1,Samsung Galaxy Book4 Metal Intel Core i5 13th Gen 1335U - (8 GB/512 GB SSD/Windows 11 Home) NP750XGJ-K...,"₹56,990",4.4,"19,735 Ratings",https://rukminim2.flixcart.com/image/312/312/xif0q/computer/k/t/y/-enriched-transparent-original-imahg53xspmfrsdd.png?q=70,https://www.flipkart.com/samsung-galaxy-book4-metal-intel-core-i5-13th-gen-1335u-8-gb-512-gb-ssd-windows-11-home-np750xgj-kg1in-np750xgj-lg1in-np750xgj-lg6in-thin-light-laptop/p/itm1df5212efb9fc?pid=COMGZUYDFZXHWYWZ&lid=LSTCOMGZUYDFZXHWYWZJ6V2KW&marketplace=FLIPKART&q=laptop&store=6bo%2Fb5g&srno=s_11_241&otracker=search&fm=organic&iid=en_Sz4NNK_jI-BsmMJ67pD7jHAJbSKl4p3I1Fz8Ycpzvis57v6o-p0NJivSt83JTCvisfGME0kkMQMICwGxasfmZSpiZoP3ZcDDMuaOuWFYumN13QyT2GRrdxyNmnyjLnxP&ppt=sp&ppn=sp&ssid=hylpv6wpog0000001784730971962&qH=312f91285e048e09&ov_redirect=true,Intel Core i5 Processor (13th Gen) | 8 GB LPDDR4X RAM | 64 bit Windows 11 Operating System | 512 GB SSD | 39.62 cm (15.6 Inch) Display | 1 Year Manufacturer Warranty for Laptop and 6 Months for In-Box Accessories
11,2,Samsung Galaxy Book4 Metal Intel Core i3 13th Gen 1315U - (8 GB/512 GB SSD/Windows 11 Home) NP750XGJ-L...,"₹57,490",4.4,"10,670 Ratings",https://rukminim2.flixcart.com/image/312/312/xif0q/computer/q/k/o/-enriched-transparent-original-imahg53xmzmtsynn.png?q=70,https://www.flipkart.com/samsung-galaxy-book4-metal-intel-core-i3-13th-gen-1315u-8-gb-512-gb-ssd-windows-11-home-np750xgj-lg9in-thin-light-laptop/p/itmc29d559898e6f?pid=COMH4Y6KKRC9YSWE&lid=LSTCOMH4Y6KKRC9YSWERDUMZD&marketplace=FLIPKART&q=laptop&store=6bo%2Fb5g&srno=s_11_242&otracker=search&fm=organic&iid=en_Sz4NNK_jI-BsmMJ67pD7jHAJbSKl4p3I1Fz8YcpzvitmRBqaOvJm1djB8ZyUou-qVqKfzRTPmTYCvEc1OQ2_kCChg9vAnpscSdI7uOc1ZHV13QyT2GRrdxyNmnyjLnxP&ppt=sp&ppn=sp&ssid=hylpv6wpog0000001784730971962&qH=312f91285e048e09&ov_redirect=true,Intel Core i3 Processor (13th Gen) | 8 GB LPDDR4X RAM | 64 bit Windows 11 Operating System | 512 GB SSD | 39.62 cm (15.6 Inch) Display | 1 Year Onsite Warranty
11,3,Acer Aspire Lite AMD Ryzen 3 Quad Core 5300U - (16 GB/512 GB SSD/Windows 11 Home) AL15-41 Thin and Lig...,"₹47,990",4.1,"1,615 Ratings",https://rukminim2.flixcart.com/image/312/312/xif0q/computer/b/k/d/-original-imahb2kbf2zdan3z.jpeg?q=70,https://www.flipkart.com/acer-aspire-lite-amd-ryzen-3-quad-core-5300u-16-gb-512-gb-ssd-windows-11-home-al15-41-thin-light-laptop/p/itm1bc0bcb4598e7?pid=COMH28U4WDFBUKP3&lid=LSTCOMH28U4WDFBUKP3PFEZVB&marketplace=FLIPKART&q=laptop&store=6bo%2Fb5g&srno=s_11_243&otracker=search&fm=organic&iid=76bb05b8-dc9e-46ea-845e-1811079c6399.COMH28U4WDFBUKP3.SEARCH&ppt=sp&ppn=sp&ssid=hylpv6wpog0000001784730971962&qH=312f91285e048e09&ov_redirect=true,AMD Ryzen 3 Quad Core Processor | 16 GB DDR4 RAM | Windows 11 Operating System | 512 GB SSD | 39.62 cm (15.6 Inch) Display | 1 Year Carry-in Warranty
11,4,HP Victus (i7 14th Gen) Intel Core 7 240H - (24 GB/1 TB SSD/Windows 11 Home/8 GB Graphics/NVIDIA GeFor...,"₹1,24,319",4.3,20 Ratings,https://rukminim2.flixcart.com/image/312/312/xif0q/computer/a/3/f/-original-imahjxbge4fvvfsy.jpeg?q=70,https://www.flipkart.com/hp-victus-i7-14th-gen-intel-core-7-240h-24-gb-1-tb-ssd-windows-11-home-8-gb-graphics-nvidia-geforce-rtx-5050-15-fa2409tx-gaming-laptop/p/itmd695a3eede2c4?pid=COMHGFYMMZYA4VYV&lid=LSTCOMHGFYMMZYA4VYVRFIKC5&marketplace=FLIPKART&q=laptop&store=6bo%2Fb5g&srno=s_11_244&otracker=search&fm=organic&iid=76bb05b8-dc9e-46ea-845e-1811079c6399.COMHGFYMMZYA4VYV.SEARCH&ppt=sp&ppn=sp&ssid=hylpv6wpog0000001784730971962&qH=312f91285e048e09&ov_redirect=true,Intel Core 7 Processor | 24 GB DDR5 RAM | Windows 11 Home Operating System | 1 TB SSD | 39.62 cm (15.6 Inch) Display | 1 Year Onsite Warranty
11,5,Acer Aspire 7(i5 14th Gen) Intel Core 5 210H - (16 GB/512 GB SSD/Windows 11 Home/6 GB Graphics/NVIDIA ...,"₹95,990",4.8,27 Ratings,https://rukminim2.flixcart.com/image/312/312/xif0q/computer/m/q/e/-original-imahgguvkfxrbnxy.jpeg?q=70,https://www.flipkart.com/acer-aspire-7-i5-14th-gen-intel-core-5-210h-16-gb-512-gb-ssd-windows-11-home-6-graphics-nvidia-geforce-rtx-3050-a715-79g-gaming-laptop/p/itma76d4e57926fd?pid=COMHMQGHHGBCAG4Z&lid=LSTCOMHMQGHHGBCAG4ZLQJNCQ&marketplace=FLIPKART&q=laptop&store=6bo%2Fb5g&srno=s_11_245&otracker=search&fm=organic&iid=76bb05b8-dc9e-46ea-845e-1811079c6399.COMHMQGHHGBCAG4Z.SEARCH&ppt=sp&ppn=sp&ssid=hylpv6wpog0000001784730971962&qH=312f91285e048e09&ov_redirect=true,Intel Core 5 Processor | 16 GB DDR4 RAM | 64 bit Windows 11 Home Operating System | 512 GB SSD | 39.62 cm (15.6 inch) Display | 1 Year Onsite Service
11,6,DELL 14 Snapdragon X Plus - (16 GB/1 TB SSD/Windows 11 Home) 7441 Thin and Light Laptop,"₹1,11,990",Not Found,Not Found,https://rukminim2.flixcart.com/image/312/312/xif0q/computer/1/a/i/-original-imahgx8whtuswh7q.jpeg?q=70,https://www.flipkart.com/dell-14-snapdragon-x-plus-16-gb-1-tb-ssd-windows-11-home-7441-thin-light-laptop/p/itm7e42086c31581?pid=COMH9PZFRMX7YHRD&lid=LSTCOMH9PZFRMX7YHRDOJEG1P&marketplace=FLIPKART&q=laptop&store=6bo%2Fb5g&srno=s_11_246&otracker=search&fm=organic&iid=76bb05b8-dc9e-46ea-845e-1811079c6399.COMH9PZFRMX7YHRD.SEARCH&ppt=sp&ppn=sp&ssid=hylpv6wpog0000001784730971962&qH=312f91285e048e09&ov_redirect=true,"Snapdragon X Plus Processor | 16 GB LPDDR5 RAM | Windows 11 Operating System | 1 TB SSD | 35.56 cm (14 Inch) Touchscreen Display | My Dell (Dell Power Manager,Dell Support Assist) | 1 Year Onsite Warranty"
11,7,HP Omnibook 3 2K WUXGA Snapdragon X - (16 GB/512 GB SSD/Windows 11 Home) Omnibook 3 14-hz0024QU Laptop,"₹72,990",4.1,11 Ratings,https://rukminim2.flixcart.com/image/312/312/xif0q/computer/u/e/9/-original-imahzvfcsqpynrcd.jpeg?q=70,https://www.flipkart.com/hp-omnibook-3-2k-wuxga-snapdragon-x-16-gb-512-gb-ssd-windows-11-home-14-hz0024qu-laptop/p/itmbd5346cd09abc?pid=COMHZGK2ACSECZB5&lid=LSTCOMHZGK2ACSECZB52ALLPO&marketplace=FLIPKART&q=laptop&store=6bo%2Fb5g&srno=s_11_247&otracker=search&fm=organic&iid=en_Sz4NNK_jI-BsmMJ67pD7jHAJbSKl4p3I1Fz8YcpzviuDc8VdbiKrZAAb5kixFPRBQDaMOpjaAqIhVlr2eDOqkK8WMJxc_eOD3pdFe_35DQV13QyT2GRrdxyNmnyjLnxP&ppt=sp&ppn=sp&ssid=hylpv6wpog0000001784730971962&qH=312f91285e048e09&ov_redirect=true,Snapdragon X Processor | 16 GB LPDDR5X RAM | Windows 11 Home Operating System | 512 GB SSD | 35.56 cm (14 inch) Display | MS Office Home 2024 | 1 Year Onsite Service
11,8,HP 15 (i5 14th Gen) Intel Core 5 120U - (24 GB/512 GB SSD/Windows 11 Home) 15-fd0262TU Thin and Light ...,"₹82,990",4.2,195 Ratings,https://rukminim2.flixcart.com/image/312/312/xif0q/computer/z/i/b/-original-imahzu4rwxnezv9x.jpeg?q=70,https://www.flipkart.com/hp-15-i5-14th-gen-intel-core-5-120u-24-gb-512-gb-ssd-windows-11-home-15-fd0262tu-thin-light-laptop/p/itm027a3317f4ff9?pid=COMHM94A7PHVCQT7&lid=LSTCOMHM94A7PHVCQT7QTPOH7&marketplace=FLIPKART&q=laptop&store=6bo%2Fb5g&srno=s_11_248&otracker=search&fm=organic&iid=en_Sz4NNK_jI-BsmMJ67pD7jHAJbSKl4p3I1Fz8YcpzvivVlc6heXsCkf04OR9l2H8DajNODExQ3AD2YwLVEpFEnHQxmIaeT1eVU6lHR1JOxyB13QyT2GRrdxyNmnyjLnxP&ppt=sp&ppn=sp&ssid=hylpv6wpog0000001784730971962&qH=312f91285e048e09&ov_redirect=true,Intel Core 5 Processor | 24 GB DDR5 RAM | Windows 11 Home Operating System | 512 GB SSD | 39.62 cm (15.6 inch) Display | Microsoft Office Home 2024 (Lifetime Validity ) + Microsoft 365(1-Year Validity) | 1 Year Onsite Service
11,9,DELL Inspiron 5440 (2026) (i3 14th Gen) Intel Core 3 14th Gen 100U - (8 GB/512 GB SSD/Windows 11 Pro) ...,"₹52,990",4,134 Ratings,https://rukminim2.flixcart.com/image/312/312/xif0q/computer/l/t/9/inspiron-5440-thin-and-light-laptop-dell-original-imahjsfnkqhx9pkj.jpeg?q=70,https://www.flipkart.com/dell-inspiron-5440-2026-i3-14th-gen-intel-core-3-gen-100u-8-gb-512-gb-ssd-windows-11-pro-thin-light-laptop/p/itmcb515f5806b29?pid=COMHJSFN4CYQJ79Z&lid=LSTCOMHJSFN4CYQJ79ZULWIJV&marketplace=FLIPKART&q=laptop&store=6bo%2Fb5g&srno=s_11_249&otracker=search&fm=organic&iid=76bb05b8-dc9e-46ea-845e-1811079c6399.COMHJSFN4CYQJ79Z.SEARCH&ppt=sp&ppn=sp&ssid=hylpv6wpog0000001784730971962&qH=312f91285e048e09&ov_redirect=true,"Intel Core 3 Processor (14th Gen) | 8 GB DDR5 RAM | 64 bit Windows 11 Operating System | 512 GB SSD | 35.56 cm (14 inch) Display | Microsoft Office 2021, Windows 11 Pro | 1 Year"
11,10,ASUS Vivobook 15 Intel Core i5 12th Gen 1235U - (8 GB/512 GB SSD/Windows 11 Home) X1504ZA-NJ521WS|X150...,"₹39,990",4.2,"8,891 Ratings",https://rukminim2.flixcart.com/image/312/312/xif0q/computer/l/y/8/-enriched-transparent-original-imahg53x72vqbvwg.png?q=70,https://www.flipkart.com/asus-vivobook-15-intel-core-i5-12th-gen-1235u-8-gb-512-gb-ssd-windows-11-home-x1504za-nj521ws-x1504za-nj520ws-x1504za-nj528ws-thin-light-laptop/p/itmff0e170cb596e?pid=COMHYWSWMFQQBCG3&lid=LSTCOMHYWSWMFQQBCG3ZA9JEY&marketplace=FLIPKART&q=laptop&store=6bo%2Fb5g&srno=s_11_250&otracker=search&fm=organic&iid=76bb05b8-dc9e-46ea-845e-1811079c6399.COMHYWSWMFQQBCG3.SEARCH&ppt=sp&ppn=sp&ssid=hylpv6wpog0000001784730971962&qH=312f91285e048e09&ov_redirect=true,Intel Core i5 Processor (12th Gen) | 8 GB DDR4 RAM | 64 bit Windows 11 Operating System | 512 GB SSD | 39.62 cm (15.6 Inch) Display | 1 Year Onsite Warranty
11,11,DELL 15 (Previouly Inspiron) AMD Ryzen 5 Quad Core 7520U - (8 GB/512 GB SSD/Windows 11 Home) DC15255 T...,"₹57,990",4.5,6 Ratings,https://rukminim2.flixcart.com/image/312/312/xif0q/computer/m/x/0/-original-imahzv9agugnddrg.jpeg?q=70,https://www.flipkart.com/dell-15-previouly-inspiron-amd-ryzen-5-quad-core-7520u-8-gb-512-gb-ssd-windows-11-home-dc15255-thin-light-laptop/p/itmb80bb4e819164?pid=COMHDXXUHGDCHMQX&lid=LSTCOMHDXXUHGDCHMQXUEUE9X&marketplace=FLIPKART&q=laptop&store=6bo%2Fb5g&srno=s_11_251&otracker=search&fm=organic&iid=en_Sz4NNK_jI-BsmMJ67pD7jHAJbSKl4p3I1Fz8Ycpzviuy-_A7HbVcsWmN1KvitXB3KS7KjhXWMehRCKPAR7kLICmyONG8u9GUv-mVZHUzBox13QyT2GRrdxyNmnyjLnxP&ppt=sp&ppn=sp&ssid=hylpv6wpog0000001784730971962&qH=312f91285e048e09&ov_redirect=true,AMD Ryzen 5 Quad Core Processor | 8 GB LPDDR5 RAM | Windows 11 Operating System | 512 GB SSD | 38.1 cm (15 Inch) Display | 1 Year Onsite Warranty
11,12,HP 14 AI PC Intel Core Ultra 7 155H - (16 GB/1 TB SSD/Windows 11 Home) 14-ep1152TU Thin and Light Lapt...,"₹85,990",4.1,790 Ratings,https://rukminim2.flixcart.com/image/312/312/xif0q/computer/a/h/z/-original-imahgh9exfmtg44y.jpeg?q=70,https://www.flipkart.com/hp-14-ai-pc-intel-core-ultra-7-155h-16-gb-1-tb-ssd-windows-11-home-14-ep1152tu-thin-light-laptop/p/itm448874079369f?pid=COMHG98EXZ3AJYZN&lid=LSTCOMHG98EXZ3AJYZNODD67U&marketplace=FLIPKART&q=laptop&store=6bo%2Fb5g&srno=s_11_252&otracker=search&fm=organic&iid=en_Sz4NNK_jI-BsmMJ67pD7jHAJbSKl4p3I1Fz8Ycpzviutn61L9LPMhMTtroT3EZ30n9sG8qIKSbGwDcGdLV_LgSGkgDYpheMzpTOfbcb9jJpcPKTKyR4YpAC7IWBpBVne&ppt=sp&ppn=sp&ssid=hylpv6wpog0000001784730971962&qH=312f91285e048e09&ov_redirect=true,Intel Core Ultra 7 Processor | 16 GB DDR5 RAM | Windows 11 Home Operating System | 1 TB SSD | 35.56 cm (14 Inch) Display | 1 Year Onsite Warranty
11,13,MSI Modern 15 Intel Core i7 13th Gen 1355U - (16 GB/512 GB SSD/Windows 11 Home) Modern 15 B13M-288IN T...,"₹64,990",4,63 Ratings,https://rukminim2.flixcart.com/image/312/312/xif0q/computer/c/u/f/-original-imahg5fyvtm9hehx.jpeg?q=70,https://www.flipkart.com/msi-modern-15-intel-core-i7-13th-gen-1355u-16-gb-512-gb-ssd-windows-11-home-b13m-288in-thin-light-laptop/p/itme125a89adb5a0?pid=COMGMV6VGQXP9MDH&lid=LSTCOMGMV6VGQXP9MDHSLDMUX&marketplace=FLIPKART&q=laptop&store=6bo%2Fb5g&srno=s_11_253&otracker=search&fm=organic&iid=76bb05b8-dc9e-46ea-845e-1811079c6399.COMGMV6VGQXP9MDH.SEARCH&ppt=sp&ppn=sp&ssid=hylpv6wpog0000001784730971962&qH=312f91285e048e09&ov_redirect=true,Intel Core i7 Processor (13th Gen) | 16 GB DDR4 RAM | Windows 11 Operating System | 512 GB SSD | 39.62 cm (15.6 Inch) Display | 1 Year Carry-in Warranty
11,14,HP Laptop Intel Core i3 13th Gen 1315U - (8 GB/512 GB SSD/Windows 11 Home) 15-fd0129TU / 15-fd0568TU T...,"₹49,999",4.2,"3,329 Ratings",https://rukminim2.flixcart.com/image/312/312/xif0q/computer/a/q/u/15-fd0668tu-thin-and-light-laptop-hp-original-imahest3rdkyruss.jpeg?q=70,https://www.flipkart.com/hp-laptop-intel-core-i3-13th-gen-1315u-8-gb-512-gb-ssd-windows-11-home-15-fd0129tu-15-fd0568tu-thin-light/p/itmcf7c16556a324?pid=COMHF6WAGPZCBQVZ&lid=LSTCOMHF6WAGPZCBQVZYOEG12&marketplace=FLIPKART&q=laptop&store=6bo%2Fb5g&srno=s_11_254&otracker=search&fm=organic&iid=76bb05b8-dc9e-46ea-845e-1811079c6399.COMHF6WAGPZCBQVZ.SEARCH&ppt=sp&ppn=sp&ssid=hylpv6wpog0000001784730971962&qH=312f91285e048e09&ov_redirect=true,Intel Core i3 Processor (13th Gen) | 8 GB DDR4 RAM | Windows 11 Home Operating System | 512 GB SSD | 39.62 cm (15.6 Inch) Display | 1 Year Carry-in Warranty
11,15,ASUS Vivobook Go 15 AMD Ryzen 5 Quad Core 7520U - (8 GB/512 GB SSD/Windows 11 Home) E1504FA-NJ132WS | ...,"₹44,990",4.2,"2,632 Ratings",https://rukminim2.flixcart.com/image/312/312/xif0q/computer/j/n/w/-enriched-transparent-original-imahg5fur7csf5kn.png?q=70,https://www.flipkart.com/asus-vivobook-go-15-amd-ryzen-5-quad-core-7520u-8-gb-512-gb-ssd-windows-11-home-e1504fa-nj132ws-e1504fa-nj521ws-thin-light-laptop/p/itmf2da9c7085e1b?pid=COMGNRNUKRMMXNZQ&lid=LSTCOMGNRNUKRMMXNZQYSOFRK&marketplace=FLIPKART&q=laptop&store=6bo%2Fb5g&srno=s_11_255&otracker=search&fm=organic&iid=76bb05b8-dc9e-46ea-845e-1811079c6399.COMGNRNUKRMMXNZQ.SEARCH&ppt=sp&ppn=sp&ssid=hylpv6wpog0000001784730971962&qH=312f91285e048e09&ov_redirect=true,AMD Ryzen 5 Quad Core Processor | 8 GB LPDDR5 RAM | 64 bit Windows 11 Operating System | 512 GB SSD | 39.62 cm (15.6 Inch) Display | 1 Year Onsite Warranty
11,16,Acer One Intel Core i3 11th Gen 1115G4 - (8 GB/512 GB SSD/Windows 11 Home) AO 14 Z 8-415 Thin and Ligh...,"₹43,999",4.2,"13,552 Ratings",https://rukminim2.flixcart.com/image/312/312/xif0q/computer/6/d/d/-enriched-transparent-original-imahg5fxhhzc5dre.png?q=70,https://www.flipkart.com/acer-one-intel-core-i3-11th-gen-1115g4-8-gb-512-gb-ssd-windows-11-home-ao-14-z-8-415-thin-light-laptop/p/itm91bac6ba57245?pid=COMGPF5CQ7VDWDT4&lid=LSTCOMGPF5CQ7VDWDT4PET780&marketplace=FLIPKART&q=laptop&store=6bo%2Fb5g&srno=s_11_256&otracker=search&fm=organic&iid=76bb05b8-dc9e-46ea-845e-1811079c6399.COMGPF5CQ7VDWDT4.SEARCH&ppt=sp&ppn=sp&ssid=hylpv6wpog0000001784730971962&qH=312f91285e048e09&ov_redirect=true,Intel Core i3 Processor (11th Gen) | 8 GB DDR4 RAM | 64 bit Windows 11 Operating System | 512 GB SSD | 35.56 cm (14 Inch) Display | 1 Year Warranty
11,17,HP 14 AI PC Intel Core Ultra 7 155H - (16 GB/512 GB SSD/Windows 11 Home) 14-ep1151TU/14-gr1036TU/14-ep...,"₹79,990",4.1,790 Ratings,https://rukminim2.flixcart.com/image/312/312/xif0q/computer/o/9/k/-original-imahgry8nwkejmae.jpeg?q=70,https://www.flipkart.com/hp-14-ai-pc-intel-core-ultra-7-155h-16-gb-512-gb-ssd-windows-11-home-14-ep1151tu-14-gr1036tu-14-ep1151tu-thin-light-laptop/p/itm4c681812b88bf?pid=COMHF8G932EYZAJF&lid=LSTCOMHF8G932EYZAJFOUI9CA&marketplace=FLIPKART&q=laptop&store=6bo%2Fb5g&srno=s_11_257&otracker=search&fm=organic&iid=en_Sz4NNK_jI-BsmMJ67pD7jHAJbSKl4p3I1Fz8YcpzvitC12v_U37yfjVsBpKldXbL3zzcGhlXkGO1hWP1UU6KY6U4JGq2qGfuCYjFJWjKqlRcPKTKyR4YpAC7IWBpBVne&ppt=sp&ppn=sp&ssid=hylpv6wpog0000001784730971962&qH=312f91285e048e09&ov_redirect=true,Intel Core Ultra 7 Processor | 16 GB DDR5 RAM | Windows 11 Home Operating System | 512 GB SSD | 35.56 cm (14 Inch) Display | 1 Year Onsite Warranty
11,18,Samsung Galaxy Book5 AI Metal Intel Core Ultra 7 255U - (16 GB/512 GB SSD/Windows 11 Home) NP750XHD Th...,"₹91,990",4.6,463 Ratings,https://rukminim2.flixcart.com/image/312/312/xif0q/computer/0/2/e/-original-imahzcf3jkkjkhgc.jpeg?q=70,https://www.flipkart.com/samsung-galaxy-book5-ai-metal-intel-core-ultra-7-255u-16-gb-512-gb-ssd-windows-11-home-np750xhd-thin-light-laptop/p/itma9c081cdbe95d?pid=COMHE4ATBCUTGUYT&lid=LSTCOMHE4ATBCUTGUYTJZ7NHN&marketplace=FLIPKART&q=laptop&store=6bo%2Fb5g&srno=s_11_258&otracker=search&fm=organic&iid=en_Sz4NNK_jI-BsmMJ67pD7jHAJbSKl4p3I1Fz8Ycpzvit7eqX62_AhW_oFyOJLd_EY_54vlUw9QAlUFlRYR6QtY-UBYPBIqgZE3mSuDz4Hsbl13QyT2GRrdxyNmnyjLnxP&ppt=sp&ppn=sp&ssid=hylpv6wpog0000001784730971962&qH=312f91285e048e09&ov_redirect=true,Intel Core Ultra 7 Processor | 16 GB LPDDR5X RAM | 64 bit Windows 11 Operating System | 512 GB SSD | 39.62 cm (15.6 Inch) Display | MS Office Home and Student 2024 | 1 Year Manufacturer Warranty for Laptop and 6 Months for In-Box Accessories
11,19,"ASUS Vivobook S14 (2026) with Office 2024 + M365 Basic*, AI PC NPU up to 16TOPS AMD Ryzen 7 260 - (16 ...","₹84,990",Not Found,Not Found,https://rukminim2.flixcart.com/image/312/312/xif0q/computer/x/h/r/-original-imahpcvzhfasnpzy.jpeg?q=70,https://www.flipkart.com/asus-vivobook-s14-2026-office-2024-m365-basic-ai-pc-npu-up-16tops-amd-ryzen-7-260-16-gb-1-tb-ssd-windows-11-home-m3407ha-ly750ws-thin-light-laptop/p/itm5cc55ffa26330?pid=COMHMAZ8PKKS5WHM&lid=LSTCOMHMAZ8PKKS5WHMNXQWQI&marketplace=FLIPKART&q=laptop&store=6bo%2Fb5g&srno=s_11_259&otracker=search&fm=organic&iid=76bb05b8-dc9e-46ea-845e-1811079c6399.COMHMAZ8PKKS5WHM.SEARCH&ppt=sp&ppn=sp&ssid=hylpv6wpog0000001784730971962&qH=312f91285e048e09&ov_redirect=true,"AMD Ryzen 7 Processor | 16 GB DDR5 RAM | Windows 11 Home Operating System | 1 TB SSD | 35.56 cm (14 inch) Display | MSO 2024 for lifetime + Microsoft 365 Basic with 100GB Cloud Storage for 1 Year, McAfee 1 year | 1 Year Onsite Service"
11,20,ASUS Expertbook P1 with 1 Yr ADP(i3 14th Gen) Intel Core 3 13th Gen 1315U - (8 GB/512 GB SSD/Windows 1...,"₹50,990",4.3,"6,585 Ratings",https://rukminim2.flixcart.com/image/312/312/xif0q/computer/3/7/q/-original-imahehnhwehhffc4.jpeg?q=70,https://www.flipkart.com/asus-expertbook-p1-1-yr-adp-i3-14th-gen-intel-core-3-13th-gen-1315u-8-gb-512-gb-ssd-windows-11-home-p1503cva-s70501ws-thin-light-laptop/p/itm5b59a30b4c016?pid=COMH8Z2QADYUVZN8&lid=LSTCOMH8Z2QADYUVZN8LRHSHZ&marketplace=FLIPKART&q=laptop&store=6bo%2Fb5g&srno=s_11_260&otracker=search&fm=organic&iid=76bb05b8-dc9e-46ea-845e-1811079c6399.COMH8Z2QADYUVZN8.SEARCH&ppt=sp&ppn=sp&ssid=hylpv6wpog0000001784730971962&qH=312f91285e048e09&ov_redirect=true,"Intel Core 3 Processor (13th Gen) | 8 GB DDR5 RAM | Windows 11 Home Operating System | 512 GB SSD | 39.62 cm (15.6 Inch) Display | Included Software- Microsoft Office Home 2024(includes Word, Excel, PowerPoint, and OneNote) (Lifetime Validity ) + Microsoft 365 Basic*(1-Year Validity), McAfee+TM Premium (1 year Validity) | 1 Year Onsite Warranty"
11,21,Samsung Galaxy Book5 AI Metal Intel Core Ultra 5 225U - (16 GB/512 GB SSD/Windows 11 Home) NP750XHD Th...,"₹84,990",4.6,837 Ratings,https://rukminim2.flixcart.com/image/312/312/xif0q/computer/0/2/e/-original-imahzcf3jkkjkhgc.jpeg?q=70,https://www.flipkart.com/samsung-galaxy-book5-ai-metal-intel-core-ultra-5-225u-16-gb-512-gb-ssd-windows-11-home-np750xhd-thin-light-laptop/p/itmc33d2563d0ffc?pid=COMHE4ATPCZ9FXRP&lid=LSTCOMHE4ATPCZ9FXRP7N1GVG&marketplace=FLIPKART&q=laptop&store=6bo%2Fb5g&srno=s_11_261&otracker=search&fm=organic&iid=en_Sz4NNK_jI-BsmMJ67pD7jHAJbSKl4p3I1Fz8YcpzvitVYHyInqCoBBbnShrRCUdV3WHJiuMjlX0EHxFVCjPkycH5LP6GMXD1iSKF2pPmS-R13QyT2GRrdxyNmnyjLnxP&ppt=sp&ppn=sp&ssid=hylpv6wpog0000001784730971962&qH=312f91285e048e09&ov_redirect=true,Intel Core Ultra 5 Processor | 16 GB LPDDR5X RAM | 64 bit Windows 11 Operating System | 512 GB SSD | 39.62 cm (15.6 Inch) Display | MS Office Home and Student 2024 | 1 Year Manufacturer Warranty for Laptop and 6 Months for In-Box Accessories
11,22,HP OMEN AI AMD Ryzen AI 7 Octa Core AI 7 350 - (24 GB/1 TB SSD/Windows 11 Home/8 GB Graphics/NVIDIA Ge...,"₹1,34,990",4.5,112 Ratings,https://rukminim2.flixcart.com/image/312/312/xif0q/computer/1/a/f/-original-imahgfdy8czyaypq.jpeg?q=70,https://www.flipkart.com/hp-omen-ai-amd-ryzen-7-octa-core-350-24-gb-1-tb-ssd-windows-11-home-8-gb-graphics-nvidia-geforce-rtx-5050-16-ap0165ax-gaming-laptop/p/itm5661c90728083?pid=COMHEHHXKFQSABXZ&lid=LSTCOMHEHHXKFQSABXZEF3JCN&marketplace=FLIPKART&q=laptop&store=6bo%2Fb5g&srno=s_11_262&otracker=search&fm=organic&iid=en_Sz4NNK_jI-BsmMJ67pD7jHAJbSKl4p3I1Fz8YcpzvisKJvsLt5JJxWeDwhXWDEYISt8s0FwzStmVNuDw0YIb7vRQYaQqNgqexXd2bqUccoJx_m6_Z6WKonHK7B9sSuCD&ppt=sp&ppn=sp&ssid=hylpv6wpog0000001784730971962&qH=312f91285e048e09&ov_redirect=true,AMD Ryzen AI 7 Octa Core Processor | 24 GB DDR5 RAM | Windows 11 Home Operating System | 1 TB SSD | 40.64 cm (16 Inch) Display | 1 Year Onsite Warranty
11,23,"ASUS Gaming V16 (2025) with Office 2024 + M365 Basic*, AI PC, (i7 14th gen) Intel Core 7 240H - (16 GB...","₹92,990",4.4,123 Ratings,https://rukminim2.flixcart.com/image/312/312/xif0q/computer/y/r/p/-original-imahgfdf5qzsphp7.jpeg?q=70,https://www.flipkart.com/asus-gaming-v16-2025-office-2024-m365-basic-ai-pc-i7-14th-gen-intel-core-7-240h-16-gb-512-gb-ssd-windows-11-home-6-graphics-nvidia-geforce-rtx-4050-144-hz-v3607vu-rp275ws-laptop/p/itm787b40d6e3a05?pid=COMH89EBHSUGNEQM&lid=LSTCOMH89EBHSUGNEQMLXJQ6J&marketplace=FLIPKART&q=laptop&store=6bo%2Fb5g&srno=s_11_263&otracker=search&fm=organic&iid=76bb05b8-dc9e-46ea-845e-1811079c6399.COMH89EBHSUGNEQM.SEARCH&ppt=sp&ppn=sp&ssid=hylpv6wpog0000001784730971962&qH=312f91285e048e09&ov_redirect=true,"Intel Core 7 Processor | 16 GB DDR5 RAM | Windows 11 Home Operating System | 512 GB SSD | 40.64 cm (16 Inch) Display | Microsoft Office Home 2024 (Lifetime Validity ) + Microsoft 365 Basic*(1-Year Validity), McAfee? 1 year, One-Month Membership of Adobe Creative Cloud All Apps | 1 Year Onsite warranty"
11,24,ASUS Expertbook AMD Ryzen 5 Hexa Core 150 - (16 GB/512 GB SSD/Windows 11 Home) PM1503CDA-S70546WS Lapt...,"₹69,900",4.1,49 Ratings,https://rukminim2.flixcart.com/image/312/312/xif0q/computer/t/v/1/-original-imahndkuxqnmrcft.jpeg?q=70,https://www.flipkart.com/asus-expertbook-amd-ryzen-5-hexa-core-150-16-gb-512-gb-ssd-windows-11-home-pm1503cda-s70546ws-laptop/p/itmb2cdbe5dbfbb8?pid=COMHHT9GCKNHQSZZ&lid=LSTCOMHHT9GCKNHQSZZIYMTRA&marketplace=FLIPKART&q=laptop&store=6bo%2Fb5g&srno=s_11_264&otracker=search&fm=organic&iid=76bb05b8-dc9e-46ea-845e-1811079c6399.COMHHT9GCKNHQSZZ.SEARCH&ppt=sp&ppn=sp&ssid=hylpv6wpog0000001784730971962&qH=312f91285e048e09&ov_redirect=true,AMD Ryzen 5 Hexa Core Processor | 16 GB DDR5 RAM | Windows 11 Home Operating System | 512 GB SSD | 39.62 cm (15.6 inch) Display | Microsoft Office Home 2024 + Microsoft 365 Basic | 1 Year Onsite Service
12,1,MSI Modern 15 Intel Core i3 13th Gen 1315U - (8 GB/512 GB SSD/Windows 11 Home) Modern 15 B13M-883IN Th...,"₹45,990",4.1,38 Ratings,https://rukminim2.flixcart.com/image/312/312/xif0q/computer/n/c/u/-original-imahg4ut7wqv3znj.jpeg?q=70,https://www.flipkart.com/msi-modern-15-intel-core-i3-13th-gen-1315u-8-gb-512-gb-ssd-windows-11-home-b13m-883in-thin-light-laptop/p/itme125a89adb5a0?pid=COMGZW38FBM7WZVY&lid=LSTCOMGZW38FBM7WZVYGXSMMS&marketplace=FLIPKART&q=laptop&store=6bo%2Fb5g&srno=s_12_265&otracker=search&fm=organic&iid=7eeb81a6-0ae2-433f-9f89-b8cefe80911b.COMGZW38FBM7WZVY.SEARCH&ppt=sp&ppn=sp&ssid=gyit10nxow0000001784730977714&qH=312f91285e048e09&ov_redirect=true,Intel Core i3 Processor (13th Gen) | 8 GB DDR4 RAM | Windows 11 Operating System | 512 GB SSD | 39.62 cm (15.6 Inch) Display | 1 Year Warranty Term
12,2,DELL Inspiron 5440 (2025) Intel Core i3 13th Gen 1305U - (8 GB/512 GB SSD/Windows 11 Home) Inspiron 54...,"₹53,970",4.1,154 Ratings,https://rukminim2.flixcart.com/image/312/312/xif0q/computer/e/x/8/inspiron-5440-thin-and-light-laptop-dell-original-imahergyhvuezy2g.jpeg?q=70,https://www.flipkart.com/dell-inspiron-5440-2025-intel-core-i3-13th-gen-1305u-8-gb-512-gb-ssd-windows-11-home-thin-light-laptop/p/itm1dc3eb60c7b18?pid=COMHERGYAJHHW4AN&lid=LSTCOMHERGYAJHHW4ANC4GBWC&marketplace=FLIPKART&q=laptop&store=6bo%2Fb5g&srno=s_12_266&otracker=search&fm=organic&iid=7eeb81a6-0ae2-433f-9f89-b8cefe80911b.COMHERGYAJHHW4AN.SEARCH&ppt=sp&ppn=sp&ssid=gyit10nxow0000001784730977714&qH=312f91285e048e09&ov_redirect=true,"Intel Core i3 Processor (13th Gen) | 8 GB DDR5 RAM | 64 bit Windows 11 Home Operating System | 512 GB SSD | 35.56 cm (14 Inch) Display | Microsoft Office 2021, Windows 11 Home | 1 Year Accidentaly Damage Protection + Onsite"
12,3,Samsung Galaxy Book4 Metal Intel Core i5 13th Gen 1335U - (8 GB/512 GB SSD/Windows 11 Home) NP750XGJ-K...,"₹56,990",4.4,"19,735 Ratings",https://rukminim2.flixcart.com/image/312/312/xif0q/computer/k/t/y/-enriched-transparent-original-imahg53xspmfrsdd.png?q=70,https://www.flipkart.com/samsung-galaxy-book4-metal-intel-core-i5-13th-gen-1335u-8-gb-512-gb-ssd-windows-11-home-np750xgj-kg1in-np750xgj-lg1in-np750xgj-lg6in-thin-light-laptop/p/itm1df5212efb9fc?pid=COMGZUYDFZXHWYWZ&lid=LSTCOMGZUYDFZXHWYWZJ6V2KW&marketplace=FLIPKART&q=laptop&store=6bo%2Fb5g&srno=s_12_267&otracker=search&fm=organic&iid=en_H-yx8iZaiG2h2AcTIYfNdHkHfCffWayMkVCrsCfztW84A7dlFV1gubupf4uaNeSssfGME0kkMQMICwGxasfmZSpiZoP3ZcDDMuaOuWFYumPiZxB1FALdY66BUbm7E9Kp&ppt=sp&ppn=sp&ssid=gyit10nxow0000001784730977714&qH=312f91285e048e09&ov_redirect=true,Intel Core i5 Processor (13th Gen) | 8 GB LPDDR4X RAM | 64 bit Windows 11 Operating System | 512 GB SSD | 39.62 cm (15.6 Inch) Display | 1 Year Manufacturer Warranty for Laptop and 6 Months for In-Box Accessories
12,4,Samsung Galaxy Book4 Metal Intel Core i3 13th Gen 1315U - (8 GB/512 GB SSD/Windows 11 Home) NP750XGJ-L...,"₹57,490",4.4,"10,670 Ratings",https://rukminim2.flixcart.com/image/312/312/xif0q/computer/q/k/o/-enriched-transparent-original-imahg53xmzmtsynn.png?q=70,https://www.flipkart.com/samsung-galaxy-book4-metal-intel-core-i3-13th-gen-1315u-8-gb-512-gb-ssd-windows-11-home-np750xgj-lg9in-thin-light-laptop/p/itmc29d559898e6f?pid=COMH4Y6KKRC9YSWE&lid=LSTCOMH4Y6KKRC9YSWERDUMZD&marketplace=FLIPKART&q=laptop&store=6bo%2Fb5g&srno=s_12_268&otracker=search&fm=organic&iid=en_H-yx8iZaiG2h2AcTIYfNdHkHfCffWayMkVCrsCfztW_GrfPhQkmFWhFLa5v-nV2yVqKfzRTPmTYCvEc1OQ2_kCChg9vAnpscSdI7uOc1ZHXiZxB1FALdY66BUbm7E9Kp&ppt=sp&ppn=sp&ssid=gyit10nxow0000001784730977714&qH=312f91285e048e09&ov_redirect=true,Intel Core i3 Processor (13th Gen) | 8 GB LPDDR4X RAM | 64 bit Windows 11 Operating System | 512 GB SSD | 39.62 cm (15.6 Inch) Display | 1 Year Onsite Warranty
12,5,DELL PRO 15 Backlit (2025) AMD Ryzen 5 Quad Core 7520U - (8 GB/512 GB SSD/Windows 11 Home) PRO 15 Thin...,"₹56,807",4.2,25 Ratings,https://rukminim2.flixcart.com/image/312/312/xif0q/computer/a/l/g/pro-15-thin-and-light-laptop-dell-original-imahg3hnghjfus84.jpeg?q=70,https://www.flipkart.com/dell-pro-15-backlit-2025-amd-ryzen-5-quad-core-7520u-8-gb-512-gb-ssd-windows-11-home-thin-light-laptop/p/itm379f7a58d0a29?pid=COMHG3HNSXNWHZHD&lid=LSTCOMHG3HNSXNWHZHDO6RHSU&marketplace=FLIPKART&q=laptop&store=6bo%2Fb5g&srno=s_12_269&otracker=search&fm=organic&iid=7eeb81a6-0ae2-433f-9f89-b8cefe80911b.COMHG3HNSXNWHZHD.SEARCH&ppt=sp&ppn=sp&ssid=gyit10nxow0000001784730977714&qH=312f91285e048e09&ov_redirect=true,"AMD Ryzen 5 Quad Core Processor | 8 GB LPDDR5 RAM | 64 bit Windows 11 Home Operating System | 512 GB SSD | 39.62 cm (15.6 Inch) Display | Microsoft Office 2021, Windows 11 Home | 1 Year"
12,6,ASUS ROG Strix G16 (2025) with Office 2024 + M365 Basic* Intel Core Ultra 9 275HX - (32 GB/1 TB SSD/Wi...,"₹2,49,990",4.8,40 Ratings,https://rukminim2.flixcart.com/image/312/312/xif0q/computer/8/h/v/-original-imahpdyhf423ptvs.jpeg?q=70,https://www.flipkart.com/asus-rog-strix-g16-2025-office-2024-m365-basic-intel-core-ultra-9-275hx-32-gb-1-tb-ssd-windows-11-home-8-gb-graphics-nvidia-geforce-rtx-5070-240-hz-g615lp-s5022ws-gaming-laptop/p/itmb27d8daded6dd?pid=COMHCQ4KEGAZXE5Z&lid=LSTCOMHCQ4KEGAZXE5ZYQ55SK&marketplace=FLIPKART&q=laptop&store=6bo%2Fb5g&srno=s_12_270&otracker=search&fm=organic&iid=7eeb81a6-0ae2-433f-9f89-b8cefe80911b.COMHCQ4KEGAZXE5Z.SEARCH&ppt=sp&ppn=sp&ssid=gyit10nxow0000001784730977714&qH=312f91285e048e09&ov_redirect=true,"Intel Core Ultra 9 Processor | 32 GB DDR5 RAM | Windows 11 Home Operating System | 1 TB SSD | 40.64 cm (16 Inch) Display | Microsoft Office Home 2024 (Lifetime Validity ) + Microsoft 365 Basic*(1-Year Validity), , McAfee 1 year, Xbox Game Pass for 3 months | 1 Year Onsite Warranty"
12,7,HP Omnibook 3 2K WUXGA Snapdragon X - (16 GB/512 GB SSD/Windows 11 Home) Omnibook 3 14-hz0024QU Laptop,"₹72,990",4.1,11 Ratings,https://rukminim2.flixcart.com/image/312/312/xif0q/computer/u/e/9/-original-imahzvfcsqpynrcd.jpeg?q=70,https://www.flipkart.com/hp-omnibook-3-2k-wuxga-snapdragon-x-16-gb-512-gb-ssd-windows-11-home-14-hz0024qu-laptop/p/itmbd5346cd09abc?pid=COMHZGK2ACSECZB5&lid=LSTCOMHZGK2ACSECZB52ALLPO&marketplace=FLIPKART&q=laptop&store=6bo%2Fb5g&srno=s_12_271&otracker=search&fm=organic&iid=en_H-yx8iZaiG2h2AcTIYfNdHkHfCffWayMkVCrsCfztW-h99IfAs6E0KtrCmhyUnboQDaMOpjaAqIhVlr2eDOqkK8WMJxc_eOD3pdFe_35DQXiZxB1FALdY66BUbm7E9Kp&ppt=sp&ppn=sp&ssid=gyit10nxow0000001784730977714&qH=312f91285e048e09&ov_redirect=true,Snapdragon X Processor | 16 GB LPDDR5X RAM | Windows 11 Home Operating System | 512 GB SSD | 35.56 cm (14 inch) Display | MS Office Home 2024 | 1 Year Onsite Service
12,8,HP 15 (i5 14th Gen) Intel Core 5 120U - (24 GB/512 GB SSD/Windows 11 Home) 15-fd0262TU Thin and Light ...,"₹82,990",4.2,195 Ratings,https://rukminim2.flixcart.com/image/312/312/xif0q/computer/z/i/b/-original-imahzu4rwxnezv9x.jpeg?q=70,https://www.flipkart.com/hp-15-i5-14th-gen-intel-core-5-120u-24-gb-512-gb-ssd-windows-11-home-15-fd0262tu-thin-light-laptop/p/itm027a3317f4ff9?pid=COMHM94A7PHVCQT7&lid=LSTCOMHM94A7PHVCQT7QTPOH7&marketplace=FLIPKART&q=laptop&store=6bo%2Fb5g&srno=s_12_272&otracker=search&fm=organic&iid=en_H-yx8iZaiG2h2AcTIYfNdHkHfCffWayMkVCrsCfztW_IQ8q8QavSqtHSPJCnA0amajNODExQ3AD2YwLVEpFEnHQxmIaeT1eVU6lHR1JOxyDiZxB1FALdY66BUbm7E9Kp&ppt=sp&ppn=sp&ssid=gyit10nxow0000001784730977714&qH=312f91285e048e09&ov_redirect=true,Intel Core 5 Processor | 24 GB DDR5 RAM | Windows 11 Home Operating System | 512 GB SSD | 39.62 cm (15.6 inch) Display | Microsoft Office Home 2024 (Lifetime Validity ) + Microsoft 365(1-Year Validity) | 1 Year Onsite Service
12,9,HP Intel Core i3 13th Gen 1315U - (8 GB/512 GB SSD/Windows 11 Home) 15-fd0569TU Thin and Light Laptop,"₹52,990",4.2,155 Ratings,https://rukminim2.flixcart.com/image/312/312/xif0q/computer/q/b/y/-original-imahbpzxs7jyyvnh.jpeg?q=70,https://www.flipkart.com/hp-intel-core-i3-13th-gen-1315u-8-gb-512-gb-ssd-windows-11-home-15-fd0569tu-thin-light-laptop/p/itm8229e9aa059be?pid=COMHBFRJJPDPHZ2H&lid=LSTCOMHBFRJJPDPHZ2HVJBH9X&marketplace=FLIPKART&q=laptop&store=6bo%2Fb5g&srno=s_12_273&otracker=search&fm=organic&iid=7eeb81a6-0ae2-433f-9f89-b8cefe80911b.COMHBFRJJPDPHZ2H.SEARCH&ppt=sp&ppn=sp&ssid=gyit10nxow0000001784730977714&qH=312f91285e048e09&ov_redirect=true,Intel Core i3 Processor (13th Gen) | 8 GB DDR4 RAM | Windows 11 Home Operating System | 512 GB SSD | 39.62 cm (15.6 Inch) Display | MS Office Home 2024 + MISC PC Game Pass DA 3M | 1 Year Onsite Warranty
12,10,HP Victus (i5 14th Gen) Intel Core 5 210 H - (24 GB/512 GB SSD/Windows 11 Home/6 GB Graphics/NVIDIA Ge...,"₹1,08,990",4.6,9 Ratings,https://rukminim2.flixcart.com/image/312/312/xif0q/computer/w/d/q/-original-imahzphn5mxtkdsm.jpeg?q=70,https://www.flipkart.com/hp-victus-i5-14th-gen-intel-core-5-210-h-24-gb-512-gb-ssd-windows-11-home-6-graphics-nvidia-geforce-rtx-3050-15-fa2556tx-gaming-laptop/p/itm5114b22280c2d?pid=COMHKQADPPG9NVWW&lid=LSTCOMHKQADPPG9NVWWZVWF2T&marketplace=FLIPKART&q=laptop&store=6bo%2Fb5g&srno=s_12_274&otracker=search&fm=organic&iid=7eeb81a6-0ae2-433f-9f89-b8cefe80911b.COMHKQADPPG9NVWW.SEARCH&ppt=sp&ppn=sp&ssid=gyit10nxow0000001784730977714&qH=312f91285e048e09&ov_redirect=true,Intel Core 5 Processor | 24 GB DDR5 RAM | Windows 11 Home Operating System | 512 GB SSD | 39.62 cm (15.6 inch) Display | MS Office Home 2024 + MISC PC Game Pass DA 3M | 1 Year Onsite Service
12,11,MSI Thin 15 Intel Core i7 13th Gen 13620H - (16 GB/512 GB SSD/Windows 11 Home/4 GB Graphics/NVIDIA GeF...,"₹79,990",4.5,61 Ratings,https://rukminim2.flixcart.com/image/312/312/xif0q/computer/a/m/q/-original-imahg4paevjahyvx.jpeg?q=70,https://www.flipkart.com/msi-thin-15-intel-core-i7-13th-gen-13620h-16-gb-512-gb-ssd-windows-11-home-4-graphics-nvidia-geforce-rtx-3050-144-hz-b13uc-124in-b13uc-1804in-gaming-laptop/p/itmc1581367ea4e2?pid=COMGYSFGZVTRF9MU&lid=LSTCOMGYSFGZVTRF9MUTPDVBJ&marketplace=FLIPKART&q=laptop&store=6bo%2Fb5g&srno=s_12_275&otracker=search&fm=organic&iid=7eeb81a6-0ae2-433f-9f89-b8cefe80911b.COMGYSFGZVTRF9MU.SEARCH&ppt=sp&ppn=sp&ssid=gyit10nxow0000001784730977714&qH=312f91285e048e09&ov_redirect=true,Intel Core i7 Processor (13th Gen) | 16 GB DDR4 RAM | Windows 11 Operating System | 512 GB SSD | 39.62 cm (15.6 Inch) Display | 2 Year Onsite Warranty
12,12,Lenovo LoQ Intel Core i5 13th Gen 13450HX - (16 GB/512 GB SSD/Windows 11 Home/4 GB Graphics/NVIDIA GeF...,"₹81,990",4.5,720 Ratings,https://rukminim2.flixcart.com/image/312/312/xif0q/computer/k/e/a/-original-imahde5ygpchnjsc.jpeg?q=70,https://www.flipkart.com/lenovo-loq-intel-core-i5-13th-gen-13450hx-16-gb-512-gb-ssd-windows-11-home-4-graphics-nvidia-geforce-rtx-3050a-144-hz-15irx9-gaming-laptop/p/itm66c74c31dbd4c?pid=COMHEYV7U4CRVF33&lid=LSTCOMHEYV7U4CRVF33E9FCEV&marketplace=FLIPKART&q=laptop&store=6bo%2Fb5g&srno=s_12_276&otracker=search&fm=organic&iid=7eeb81a6-0ae2-433f-9f89-b8cefe80911b.COMHEYV7U4CRVF33.SEARCH&ppt=sp&ppn=sp&ssid=gyit10nxow0000001784730977714&qH=312f91285e048e09&ov_redirect=true,Intel Core i5 Processor (13th Gen) | 16 GB DDR5 RAM | Windows 11 Home Operating System | 512 GB SSD | 39.62 cm (15.6 Inch) Display | Office Home 2024 | 1 Year onsite Warranty
12,13,DELL 15 (Previouly Inspiron) AMD Ryzen 5 Quad Core 7520U - (8 GB/512 GB SSD/Windows 11 Home) DC15255 T...,"₹57,990",4.5,6 Ratings,https://rukminim2.flixcart.com/image/312/312/xif0q/computer/m/x/0/-original-imahzv9agugnddrg.jpeg?q=70,https://www.flipkart.com/dell-15-previouly-inspiron-amd-ryzen-5-quad-core-7520u-8-gb-512-gb-ssd-windows-11-home-dc15255-thin-light-laptop/p/itmb80bb4e819164?pid=COMHDXXUHGDCHMQX&lid=LSTCOMHDXXUHGDCHMQXUEUE9X&marketplace=FLIPKART&q=laptop&store=6bo%2Fb5g&srno=s_12_277&otracker=search&fm=organic&iid=en_H-yx8iZaiG2h2AcTIYfNdHkHfCffWayMkVCrsCfztW-WJTARAGyoq6_Seu73L8b5KS7KjhXWMehRCKPAR7kLICmyONG8u9GUv-mVZHUzBoziZxB1FALdY66BUbm7E9Kp&ppt=sp&ppn=sp&ssid=gyit10nxow0000001784730977714&qH=312f91285e048e09&ov_redirect=true,AMD Ryzen 5 Quad Core Processor | 8 GB LPDDR5 RAM | Windows 11 Operating System | 512 GB SSD | 38.1 cm (15 Inch) Display | 1 Year Onsite Warranty
12,14,HP 14 AI PC Intel Core Ultra 7 155H - (16 GB/1 TB SSD/Windows 11 Home) 14-ep1152TU Thin and Light Lapt...,"₹85,990",4.1,790 Ratings,https://rukminim2.flixcart.com/image/312/312/xif0q/computer/a/h/z/-original-imahgh9exfmtg44y.jpeg?q=70,https://www.flipkart.com/hp-14-ai-pc-intel-core-ultra-7-155h-16-gb-1-tb-ssd-windows-11-home-14-ep1152tu-thin-light-laptop/p/itm448874079369f?pid=COMHG98EXZ3AJYZN&lid=LSTCOMHG98EXZ3AJYZNODD67U&marketplace=FLIPKART&q=laptop&store=6bo%2Fb5g&srno=s_12_278&otracker=search&fm=organic&iid=en_H-yx8iZaiG2h2AcTIYfNdHkHfCffWayMkVCrsCfztW9qSVs8k55xrM-Op1csw5rWn9sG8qIKSbGwDcGdLV_LgSGkgDYpheMzpTOfbcb9jJpERME5t1c5Tzowq3EUSVBx&ppt=sp&ppn=sp&ssid=gyit10nxow0000001784730977714&qH=312f91285e048e09&ov_redirect=true,Intel Core Ultra 7 Processor | 16 GB DDR5 RAM | Windows 11 Home Operating System | 1 TB SSD | 35.56 cm (14 Inch) Display | 1 Year Onsite Warranty
12,15,MSI Thin 15 Intel Core i5 12th Gen 12450H - (16 GB/512 GB SSD/Windows 11 Home/4 GB Graphics/NVIDIA GeF...,"₹70,990",4.3,"1,561 Ratings",https://rukminim2.flixcart.com/image/312/312/xif0q/computer/a/f/w/-enriched-transparent-original-imahg533dp2zdbhv.png?q=70,https://www.flipkart.com/msi-thin-15-intel-core-i5-12th-gen-12450h-16-gb-512-gb-ssd-windows-11-home-4-graphics-nvidia-geforce-rtx-2050-144-hz-45-w-b12ucx-2471in-gaming-laptop/p/itmc1581367ea4e2?pid=COMGYSFG4WHPVAVZ&lid=LSTCOMGYSFG4WHPVAVZ6L3G5Q&marketplace=FLIPKART&q=laptop&store=6bo%2Fb5g&srno=s_12_279&otracker=search&fm=organic&iid=7eeb81a6-0ae2-433f-9f89-b8cefe80911b.COMGYSFG4WHPVAVZ.SEARCH&ppt=sp&ppn=sp&ssid=gyit10nxow0000001784730977714&qH=312f91285e048e09&ov_redirect=true,Intel Core i5 Processor (12th Gen) | 16 GB DDR4 RAM | 64 bit Windows 11 Operating System | 512 GB SSD | 39.62 cm (15.6 Inch) Display | 2 Year Onsite Warranty
12,16,Lenovo LOQ 2025 Intel Core i7 13th Gen 13700HX - (16 GB/1 TB SSD/Windows 11 Home/8 GB Graphics/NVIDIA ...,"₹1,37,990",4.5,210 Ratings,https://rukminim2.flixcart.com/image/312/312/xif0q/computer/v/i/i/-original-imahfdr2fqzt9d9z.jpeg?q=70,https://www.flipkart.com/lenovo-loq-2025-intel-core-i7-13th-gen-13700hx-16-gb-1-tb-ssd-windows-11-home-8-gb-graphics-nvidia-geforce-rtx-5050-15irx10-gaming-laptop/p/itmb8196b6d3b8d4?pid=COMHEWAJZBBN7UP4&lid=LSTCOMHEWAJZBBN7UP4PZBSC8&marketplace=FLIPKART&q=laptop&store=6bo%2Fb5g&srno=s_12_280&otracker=search&fm=organic&iid=7eeb81a6-0ae2-433f-9f89-b8cefe80911b.COMHEWAJZBBN7UP4.SEARCH&ppt=sp&ppn=sp&ssid=gyit10nxow0000001784730977714&qH=312f91285e048e09&ov_redirect=true,Intel Core i7 Processor (13th Gen) | 16 GB DDR5 RAM | Windows 11 Home Operating System | 1 TB SSD | 39.62 cm (15.6 Inch) Display | Office Home 2024 + Lenovo AI Now | 1 Year Onsite Warranty
12,17,HP 14 AI PC Intel Core Ultra 7 155H - (16 GB/512 GB SSD/Windows 11 Home) 14-ep1151TU/14-gr1036TU/14-ep...,"₹79,990",4.1,790 Ratings,https://rukminim2.flixcart.com/image/312/312/xif0q/computer/o/9/k/-original-imahgry8nwkejmae.jpeg?q=70,https://www.flipkart.com/hp-14-ai-pc-intel-core-ultra-7-155h-16-gb-512-gb-ssd-windows-11-home-14-ep1151tu-14-gr1036tu-14-ep1151tu-thin-light-laptop/p/itm4c681812b88bf?pid=COMHF8G932EYZAJF&lid=LSTCOMHF8G932EYZAJFOUI9CA&marketplace=FLIPKART&q=laptop&store=6bo%2Fb5g&srno=s_12_281&otracker=search&fm=organic&iid=en_H-yx8iZaiG2h2AcTIYfNdHkHfCffWayMkVCrsCfztW-b0F0JLTRYnLH920esMZa23zzcGhlXkGO1hWP1UU6KY6U4JGq2qGfuCYjFJWjKqlRERME5t1c5Tzowq3EUSVBx&ppt=sp&ppn=sp&ssid=gyit10nxow0000001784730977714&qH=312f91285e048e09&ov_redirect=true,Intel Core Ultra 7 Processor | 16 GB DDR5 RAM | Windows 11 Home Operating System | 512 GB SSD | 35.56 cm (14 Inch) Display | 1 Year Onsite Warranty
12,18,Samsung Galaxy Book5 AI Metal Intel Core Ultra 5 225U - (16 GB/512 GB SSD/Windows 11 Home) NP750XHD Th...,"₹84,990",4.6,837 Ratings,https://rukminim2.flixcart.com/image/312/312/xif0q/computer/0/2/e/-original-imahzcf3jkkjkhgc.jpeg?q=70,https://www.flipkart.com/samsung-galaxy-book5-ai-metal-intel-core-ultra-5-225u-16-gb-512-gb-ssd-windows-11-home-np750xhd-thin-light-laptop/p/itmc33d2563d0ffc?pid=COMHE4ATPCZ9FXRP&lid=LSTCOMHE4ATPCZ9FXRP7N1GVG&marketplace=FLIPKART&q=laptop&store=6bo%2Fb5g&srno=s_12_282&otracker=search&fm=organic&iid=en_H-yx8iZaiG2h2AcTIYfNdHkHfCffWayMkVCrsCfztW8ur2eUkQ7KErYc2-0fjiDj3WHJiuMjlX0EHxFVCjPkyeUBYPBIqgZE3mSuDz4HsbniZxB1FALdY66BUbm7E9Kp&ppt=sp&ppn=sp&ssid=gyit10nxow0000001784730977714&qH=312f91285e048e09&ov_redirect=true,Intel Core Ultra 5 Processor | 16 GB LPDDR5X RAM | 64 bit Windows 11 Operating System | 512 GB SSD | 39.62 cm (15.6 Inch) Display | MS Office Home and Student 2024 | 1 Year Manufacturer Warranty for Laptop and 6 Months for In-Box Accessories
12,19,HP Chromebook Intel Celeron Dual Core N4120 - (4 GB/64 GB EMMC Storage/Chrome OS) 14a-ca0506TU Chromeb...,"₹21,990",4,"2,113 Ratings",https://rukminim2.flixcart.com/image/312/312/xif0q/computer/d/c/f/-enriched-transparent-original-imah4sspuxggtusq.png?q=70,https://www.flipkart.com/hp-chromebook-intel-celeron-dual-core-n4120-4-gb-64-gb-emmc-storage-chrome-os-14a-ca0506tu/p/itmb2e03ff1f9366?pid=COMGBHKFAYHEMVAT&lid=LSTCOMGBHKFAYHEMVATTMWBVX&marketplace=FLIPKART&q=laptop&store=6bo%2Fb5g&srno=s_12_283&otracker=search&fm=organic&iid=7eeb81a6-0ae2-433f-9f89-b8cefe80911b.COMGBHKFAYHEMVAT.SEARCH&ppt=sp&ppn=sp&ssid=gyit10nxow0000001784730977714&qH=312f91285e048e09&ov_redirect=true,Intel Celeron Dual Core Processor | 4 GB LPDDR4 RAM | 64 bit Chrome Operating System | 35.56 cm (14 Inch) Touchscreen Display | 1 Year Onsite Warranty
12,20,ASUS ROG Strix G16 (2026) AMD Ryzen 9 16 Core 8940HX - (16 GB/1 TB SSD/Windows 11 Home/8 GB Graphics/N...,"₹1,66,667",4.5,31 Ratings,https://rukminim2.flixcart.com/image/312/312/xif0q/computer/2/r/c/-original-imahmkxn5epzpfsu.jpeg?q=70,https://www.flipkart.com/asus-rog-strix-g16-2026-amd-ryzen-9-16-core-8940hx-16-gb-1-tb-ssd-windows-11-home-8-gb-graphics-nvidia-geforce-rtx-5050-165-hz-g614ph-rv073ws-gaming-laptop/p/itm79a5501cd2465?pid=COMHMARKFTZY9ZHE&lid=LSTCOMHMARKFTZY9ZHE10QHOW&marketplace=FLIPKART&q=laptop&store=6bo%2Fb5g&srno=s_12_284&otracker=search&fm=organic&iid=7eeb81a6-0ae2-433f-9f89-b8cefe80911b.COMHMARKFTZY9ZHE.SEARCH&ppt=sp&ppn=sp&ssid=gyit10nxow0000001784730977714&qH=312f91285e048e09&ov_redirect=true,"AMD Ryzen 9 16 Core Processor | 16 GB DDR5 RAM | Windows 11 Home Operating System | 1 TB SSD | 40.64 cm (16 inch) Display | MSO 2024 for lifetime + Microsoft 365 Basic with 100GB Cloud Storage for 1 Year, McAfee 1 year | 1 Year Onsite Service"
12,21,HP 15 (2025) AMD Ryzen 3 Quad Core 7320U - (8 GB/512 GB SSD/Windows 11 Home) 15 Thin and Light Laptop,"₹51,981",4.3,40 Ratings,https://rukminim2.flixcart.com/image/312/312/xif0q/computer/g/o/b/15-thin-and-light-laptop-hp-original-imahdpmrth2tkfbh.jpeg?q=70,https://www.flipkart.com/hp-15-2025-amd-ryzen-3-quad-core-7320u-8-gb-512-gb-ssd-windows-11-home-thin-light-laptop/p/itm4d7551a2d065b?pid=COMHDPMSUGB8NUNP&lid=LSTCOMHDPMSUGB8NUNP1NPTZR&marketplace=FLIPKART&q=laptop&store=6bo%2Fb5g&srno=s_12_285&otracker=search&fm=organic&iid=7eeb81a6-0ae2-433f-9f89-b8cefe80911b.COMHDPMSUGB8NUNP.SEARCH&ppt=sp&ppn=sp&ssid=gyit10nxow0000001784730977714&qH=312f91285e048e09&ov_redirect=true,"AMD Ryzen 3 Quad Core Processor | 8 GB DDR4 RAM | 64 bit Windows 11 Home Operating System | 512 GB SSD | 39.62 cm (15.6 Inch) Display | Microsoft Office 2021, Windows 11 Home | 1 Year Onsite Warranty"
12,22,HP 250R G10 (2025) (i3 14th Gen) Intel Core 3 14th Gen 100U - (8 GB/512 GB SSD/Windows 11 Home) 250R G...,"₹48,999",3.9,19 Ratings,https://rukminim2.flixcart.com/image/312/312/xif0q/computer/x/4/t/250r-g10-thin-and-light-laptop-hp-original-imahg6xznz7yfxwy.jpeg?q=70,https://www.flipkart.com/hp-250r-g10-2025-i3-14th-gen-intel-core-3-gen-100u-8-gb-512-gb-ssd-windows-11-home-thin-light-laptop/p/itmd5c1ce605db95?pid=COMHG6XZUYV6UGSK&lid=LSTCOMHG6XZUYV6UGSKVYIB2U&marketplace=FLIPKART&q=laptop&store=6bo%2Fb5g&srno=s_12_286&otracker=search&fm=organic&iid=7eeb81a6-0ae2-433f-9f89-b8cefe80911b.COMHG6XZUYV6UGSK.SEARCH&ppt=sp&ppn=sp&ssid=gyit10nxow0000001784730977714&qH=312f91285e048e09&ov_redirect=true,"Intel Core 3 Processor (14th Gen) | 8 GB DDR4 RAM | 64 bit Windows 11 Operating System | 512 GB SSD | 39.62 cm (15.6 Inch) Display | Microsoft Office 2021, Windows 11 Pro | 1 Year"
12,23,Samsung Galaxy Book5 AI Metal Intel Core Ultra 7 255U - (16 GB/512 GB SSD/Windows 11 Home) NP750XHD Th...,"₹91,990",4.6,463 Ratings,https://rukminim2.flixcart.com/image/312/312/xif0q/computer/0/2/e/-original-imahzcf3jkkjkhgc.jpeg?q=70,https://www.flipkart.com/samsung-galaxy-book5-ai-metal-intel-core-ultra-7-255u-16-gb-512-gb-ssd-windows-11-home-np750xhd-thin-light-laptop/p/itma9c081cdbe95d?pid=COMHE4ATBCUTGUYT&lid=LSTCOMHE4ATBCUTGUYTJZ7NHN&marketplace=FLIPKART&q=laptop&store=6bo%2Fb5g&srno=s_12_287&otracker=search&fm=organic&iid=en_H-yx8iZaiG2h2AcTIYfNdHkHfCffWayMkVCrsCfztW_6ROaYm_h-feGaDZM1y1ZE_54vlUw9QAlUFlRYR6QtY8H5LP6GMXD1iSKF2pPmS-TiZxB1FALdY66BUbm7E9Kp&ppt=sp&ppn=sp&ssid=gyit10nxow0000001784730977714&qH=312f91285e048e09&ov_redirect=true,Intel Core Ultra 7 Processor | 16 GB LPDDR5X RAM | 64 bit Windows 11 Operating System | 512 GB SSD | 39.62 cm (15.6 Inch) Display | MS Office Home and Student 2024 | 1 Year Manufacturer Warranty for Laptop and 6 Months for In-Box Accessories
12,24,HP OMEN AI AMD Ryzen AI 7 Octa Core AI 7 350 - (24 GB/1 TB SSD/Windows 11 Home/8 GB Graphics/NVIDIA Ge...,"₹1,34,990",4.5,112 Ratings,https://rukminim2.flixcart.com/image/312/312/xif0q/computer/1/a/f/-original-imahgfdy8czyaypq.jpeg?q=70,https://www.flipkart.com/hp-omen-ai-amd-ryzen-7-octa-core-350-24-gb-1-tb-ssd-windows-11-home-8-gb-graphics-nvidia-geforce-rtx-5050-16-ap0165ax-gaming-laptop/p/itm5661c90728083?pid=COMHEHHXKFQSABXZ&lid=LSTCOMHEHHXKFQSABXZEF3JCN&marketplace=FLIPKART&q=laptop&store=6bo%2Fb5g&srno=s_12_288&otracker=search&fm=organic&iid=en_H-yx8iZaiG2h2AcTIYfNdHkHfCffWayMkVCrsCfztW8e-7S7cEXqWiif9sIQGk39St8s0FwzStmVNuDw0YIb7vRQYaQqNgqexXd2bqUccoKzeFJc5NO3IVPUryC1oucL&ppt=sp&ppn=sp&ssid=gyit10nxow0000001784730977714&qH=312f91285e048e09&ov_redirect=true,AMD Ryzen AI 7 Octa Core Processor | 24 GB DDR5 RAM | Windows 11 Home Operating System | 1 TB SSD | 40.64 cm (16 Inch) Display | 1 Year Onsite Warranty
13,1,DELL 14 Plus Microsoft Office Home 2024 Intel Core Ultra 7 256V - (16 GB/512 GB SSD/Windows 11 Home) D...,"₹1,02,990",4.2,41 Ratings,https://rukminim2.flixcart.com/image/312/312/xif0q/computer/0/u/d/-original-imahmg5hzfmzdyab.jpeg?q=70,https://www.flipkart.com/dell-14-plus-microsoft-office-home-2024-intel-core-ultra-7-256v-16-gb-512-gb-ssd-windows-11-home-db14250-thin-light-laptop/p/itm31edf0baad0c4?pid=COMHDGD5RWKB8VUN&lid=LSTCOMHDGD5RWKB8VUNHLZGVA&marketplace=FLIPKART&q=laptop&store=6bo%2Fb5g&srno=s_13_289&otracker=search&fm=organic&iid=f09932e0-8820-4a25-9511-0599facec6e1.COMHDGD5RWKB8VUN.SEARCH&ppt=sp&ppn=sp&ssid=nhcg2z71dc0000001784730983127&qH=312f91285e048e09&ov_redirect=true,Intel Core Ultra 7 Processor | 16 GB LPDDR5X RAM | Windows 11 Operating System | 512 GB SSD | 35.56 cm (14 Inch) Display | Microsoft Office Home 2024 | Dell Support Assist | 1 Year Onsite Warranty
13,2,"ASUS Vivobook S14 (2026) with Metallic Design, Gaming Grade CPU AMD Ryzen 5 220 - (16 GB/512 GB SSD/Wi...","₹74,990",4.4,38 Ratings,https://rukminim2.flixcart.com/image/312/312/xif0q/computer/h/p/d/-original-imahzgnhdbwskypg.jpeg?q=70,https://www.flipkart.com/asus-vivobook-s14-2026-metallic-design-gaming-grade-cpu-amd-ryzen-5-220-16-gb-512-gb-ssd-windows-11-home-m3407ha-ly135ws-thin-light-laptop/p/itm654213a19c033?pid=COMHHHBZ5THJGNYB&lid=LSTCOMHHHBZ5THJGNYBD6SNVG&marketplace=FLIPKART&q=laptop&store=6bo%2Fb5g&srno=s_13_290&otracker=search&fm=organic&iid=f09932e0-8820-4a25-9511-0599facec6e1.COMHHHBZ5THJGNYB.SEARCH&ppt=sp&ppn=sp&ssid=nhcg2z71dc0000001784730983127&qH=312f91285e048e09&ov_redirect=true,"AMD Ryzen 5 Processor | 16 GB DDR5 RAM | Windows 11 Home Operating System | 512 GB SSD | 35.56 cm (14 inch) Display | Microsoft Office Home 2024 (Lifetime Validity ) + Microsoft 365 Basic*(1-Year Validity), McAfee 1 year | 1 Year Onsite Warranty"
13,3,Samsung Galaxy Book4 Metal Intel Core i5 13th Gen 1335U - (8 GB/512 GB SSD/Windows 11 Home) NP750XGJ-K...,"₹56,990",4.4,"19,735 Ratings",https://rukminim2.flixcart.com/image/312/312/xif0q/computer/k/t/y/-enriched-transparent-original-imahg53xspmfrsdd.png?q=70,https://www.flipkart.com/samsung-galaxy-book4-metal-intel-core-i5-13th-gen-1335u-8-gb-512-gb-ssd-windows-11-home-np750xgj-kg1in-np750xgj-lg1in-np750xgj-lg6in-thin-light-laptop/p/itm1df5212efb9fc?pid=COMGZUYDFZXHWYWZ&lid=LSTCOMGZUYDFZXHWYWZJ6V2KW&marketplace=FLIPKART&q=laptop&store=6bo%2Fb5g&srno=s_13_291&otracker=search&fm=organic&iid=en_XfE-5MKU-EaqBVl1xBE8SR833clUp2JF4SPZ14ZDKOf_AgnbagBxgkn5L7lbVJoVsfGME0kkMQMICwGxasfmZSpiZoP3ZcDDMuaOuWFYumOtqkx2yUAhbhvt5LwoD8qU&ppt=sp&ppn=sp&ssid=nhcg2z71dc0000001784730983127&qH=312f91285e048e09&ov_redirect=true,Intel Core i5 Processor (13th Gen) | 8 GB LPDDR4X RAM | 64 bit Windows 11 Operating System | 512 GB SSD | 39.62 cm (15.6 Inch) Display | 1 Year Manufacturer Warranty for Laptop and 6 Months for In-Box Accessories
13,4,Samsung Galaxy Book4 Metal Intel Core i3 13th Gen 1315U - (8 GB/512 GB SSD/Windows 11 Home) NP750XGJ-L...,"₹57,490",4.4,"10,670 Ratings",https://rukminim2.flixcart.com/image/312/312/xif0q/computer/q/k/o/-enriched-transparent-original-imahg53xmzmtsynn.png?q=70,https://www.flipkart.com/samsung-galaxy-book4-metal-intel-core-i3-13th-gen-1315u-8-gb-512-gb-ssd-windows-11-home-np750xgj-lg9in-thin-light-laptop/p/itmc29d559898e6f?pid=COMH4Y6KKRC9YSWE&lid=LSTCOMH4Y6KKRC9YSWERDUMZD&marketplace=FLIPKART&q=laptop&store=6bo%2Fb5g&srno=s_13_292&otracker=search&fm=organic&iid=en_XfE-5MKU-EaqBVl1xBE8SR833clUp2JF4SPZ14ZDKOf5QlRnEx_nAkPaOJsSdiH5VqKfzRTPmTYCvEc1OQ2_kCChg9vAnpscSdI7uOc1ZHWtqkx2yUAhbhvt5LwoD8qU&ppt=sp&ppn=sp&ssid=nhcg2z71dc0000001784730983127&qH=312f91285e048e09&ov_redirect=true,Intel Core i3 Processor (13th Gen) | 8 GB LPDDR4X RAM | 64 bit Windows 11 Operating System | 512 GB SSD | 39.62 cm (15.6 Inch) Display | 1 Year Onsite Warranty
13,5,Lenovo V 14 (2025) Intel Core i5 13th Gen 13420H - (16 GB/512 GB SSD/Windows 11 Home) V14 Thin and Lig...,"₹65,710",3.7,12 Ratings,https://rukminim2.flixcart.com/image/312/312/xif0q/computer/b/g/t/v-14-thin-and-light-laptop-lenovo-original-imahg53xhpqsrheq.jpeg?q=70,https://www.flipkart.com/lenovo-v-14-2025-intel-core-i5-13th-gen-13420h-16-gb-512-gb-ssd-windows-11-home-v14-thin-light-laptop/p/itm4da4b1b3a51f2?pid=COMHG53X5GHDTKZF&lid=LSTCOMHG53X5GHDTKZFNCB7CA&marketplace=FLIPKART&q=laptop&store=6bo%2Fb5g&srno=s_13_293&otracker=search&fm=organic&iid=f09932e0-8820-4a25-9511-0599facec6e1.COMHG53X5GHDTKZF.SEARCH&ppt=sp&ppn=sp&ssid=nhcg2z71dc0000001784730983127&qH=312f91285e048e09&ov_redirect=true,"Intel Core i5 Processor (13th Gen) | 16 GB DDR4 RAM | 64 bit Windows 11 Home Operating System | 512 GB SSD | 35.56 cm (14 Inch) Display | Microsoft Office 2021, Windows 11 Home | 1 Year Onsite Warranty"
13,6,ASUS Vivobook Go 15 AMD Ryzen 5 Quad Core 7520U - (16 GB/512 GB SSD/Windows 11 Home) E1504FA-NJ542WS T...,"₹59,990",4,8 Ratings,https://rukminim2.flixcart.com/image/312/312/xif0q/computer/i/u/p/-original-imagpxgrxrqsmdqz.jpeg?q=70,https://www.flipkart.com/asus-vivobook-go-15-amd-ryzen-5-quad-core-7520u-16-gb-512-gb-ssd-windows-11-home-e1504fa-nj542ws-thin-light-laptop/p/itm968db504ada5b?pid=COMGMGXFDVGHQJA7&lid=LSTCOMGMGXFDVGHQJA7ITDLXO&marketplace=FLIPKART&q=laptop&store=6bo%2Fb5g&srno=s_13_294&otracker=search&fm=organic&iid=f09932e0-8820-4a25-9511-0599facec6e1.COMGMGXFDVGHQJA7.SEARCH&ppt=sp&ppn=sp&ssid=nhcg2z71dc0000001784730983127&qH=312f91285e048e09&ov_redirect=true,AMD Ryzen 5 Quad Core Processor | 16 GB LPDDR5 RAM | Windows 11 Operating System | 512 GB SSD | 39.62 cm (15.6 Inch) Display | 1 Year Onsite Warranty
13,7,ASUS Vivobook Go 15 OLED AMD Ryzen 3 Quad Core 7320U - (8 GB/512 GB SSD/Windows 11 Home) E1504FA-LK323...,"₹45,990",4.4,"4,484 Ratings",https://rukminim2.flixcart.com/image/312/312/xif0q/computer/p/k/v/-enriched-transparent-original-imahg5fxjzyadcht.png?q=70,https://www.flipkart.com/asus-vivobook-go-15-oled-amd-ryzen-3-quad-core-7320u-8-gb-512-gb-ssd-windows-11-home-e1504fa-lk323ws-thin-light-laptop/p/itm3de88f71e558b?pid=COMGMGXFGF7ZTKHF&lid=LSTCOMGMGXFGF7ZTKHFBG8NVU&marketplace=FLIPKART&q=laptop&store=6bo%2Fb5g&srno=s_13_295&otracker=search&fm=organic&iid=f09932e0-8820-4a25-9511-0599facec6e1.COMGMGXFGF7ZTKHF.SEARCH&ppt=sp&ppn=sp&ssid=nhcg2z71dc0000001784730983127&qH=312f91285e048e09&ov_redirect=true,AMD Ryzen 3 Quad Core Processor | 8 GB LPDDR5 RAM | 64 bit Windows 11 Home Operating System | 512 GB SSD | 39.62 cm (15.6 Inch) Display | 1 Year Onsite Warranty
13,8,"ASUS Vivobook 14 (2025) with Office 2024 + M365 Basic*, Backlit Keyboard, Snapdragon X - (16 GB/512 GB...","₹58,990",4.4,693 Ratings,https://rukminim2.flixcart.com/image/312/312/xif0q/computer/y/e/a/-original-imahgfdfznbvqjyv.jpeg?q=70,https://www.flipkart.com/asus-vivobook-14-2025-office-2024-m365-basic-backlit-keyboard-snapdragon-x-16-gb-512-gb-ssd-windows-11-home-x1407qa-ly038ws-thin-light-laptop/p/itm042ce22288962?pid=COMHCQ5ECGFYFBPE&lid=LSTCOMHCQ5ECGFYFBPERBD0GL&marketplace=FLIPKART&q=laptop&store=6bo%2Fb5g&srno=s_13_296&otracker=search&fm=organic&iid=f09932e0-8820-4a25-9511-0599facec6e1.COMHCQ5ECGFYFBPE.SEARCH&ppt=sp&ppn=sp&ssid=nhcg2z71dc0000001784730983127&qH=312f91285e048e09&ov_redirect=true,"Snapdragon X Processor | 16 GB LPDDR5X RAM | Windows 11 Home Operating System | 512 GB SSD | 35.56 cm (14 Inch) Display | Microsoft Office Home 2024 (Lifetime Validity ) + Microsoft 365 Basic*(1-Year Validity), One-Month Membership of Adobe Creative Cloud All Apps | 1 Year Onsite Warranty"
13,9,HP Omnibook 3 2K WUXGA Snapdragon X - (16 GB/512 GB SSD/Windows 11 Home) Omnibook 3 14-hz0024QU Laptop,"₹72,990",4.1,11 Ratings,https://rukminim2.flixcart.com/image/312/312/xif0q/computer/u/e/9/-original-imahzvfcsqpynrcd.jpeg?q=70,https://www.flipkart.com/hp-omnibook-3-2k-wuxga-snapdragon-x-16-gb-512-gb-ssd-windows-11-home-14-hz0024qu-laptop/p/itmbd5346cd09abc?pid=COMHZGK2ACSECZB5&lid=LSTCOMHZGK2ACSECZB52ALLPO&marketplace=FLIPKART&q=laptop&store=6bo%2Fb5g&srno=s_13_297&otracker=search&fm=organic&iid=en_XfE-5MKU-EaqBVl1xBE8SR833clUp2JF4SPZ14ZDKOdmjbvMmD-RHmjSbWcpzZAuQDaMOpjaAqIhVlr2eDOqkK8WMJxc_eOD3pdFe_35DQWtqkx2yUAhbhvt5LwoD8qU&ppt=sp&ppn=sp&ssid=nhcg2z71dc0000001784730983127&qH=312f91285e048e09&ov_redirect=true,Snapdragon X Processor | 16 GB LPDDR5X RAM | Windows 11 Home Operating System | 512 GB SSD | 35.56 cm (14 inch) Display | MS Office Home 2024 | 1 Year Onsite Service
13,10,DELL 15 (Previouly Inspiron) AMD Ryzen 5 Quad Core 7520U - (8 GB/512 GB SSD/Windows 11 Home) DC15255 T...,"₹57,990",4.5,6 Ratings,https://rukminim2.flixcart.com/image/312/312/xif0q/computer/m/x/0/-original-imahzv9agugnddrg.jpeg?q=70,https://www.flipkart.com/dell-15-previouly-inspiron-amd-ryzen-5-quad-core-7520u-8-gb-512-gb-ssd-windows-11-home-dc15255-thin-light-laptop/p/itmb80bb4e819164?pid=COMHDXXUHGDCHMQX&lid=LSTCOMHDXXUHGDCHMQXUEUE9X&marketplace=FLIPKART&q=laptop&store=6bo%2Fb5g&srno=s_13_298&otracker=search&fm=organic&iid=en_XfE-5MKU-EaqBVl1xBE8SR833clUp2JF4SPZ14ZDKOfk-7Psv2Keqb6ej3Mj96TnKS7KjhXWMehRCKPAR7kLILb6bL0Zx_kaK68EeWHdQeCtqkx2yUAhbhvt5LwoD8qU&ppt=sp&ppn=sp&ssid=nhcg2z71dc0000001784730983127&qH=312f91285e048e09&ov_redirect=true,AMD Ryzen 5 Quad Core Processor | 8 GB LPDDR5 RAM | Windows 11 Operating System | 512 GB SSD | 38.1 cm (15 Inch) Display | 1 Year Onsite Warranty
13,11,ASUS Vivobook 15 (2025) with Office 2024 + M365 Basic* Intel Core i3 13th Gen - (16 GB/512 GB SSD/Wind...,"₹46,990",4.3,"1,330 Ratings",https://rukminim2.flixcart.com/image/312/312/xif0q/computer/h/p/x/-original-imah2ger8fwg9raw.jpeg?q=70,https://www.flipkart.com/asus-vivobook-15-2025-office-2024-m365-basic-intel-core-i3-13th-gen-16-gb-512-gb-ssd-windows-11-home-x1504va-d5341ws-thin-light-laptop/p/itmd83d758eebbf9?pid=COMHGWQYTCYV662C&lid=LSTCOMHGWQYTCYV662CYZIT49&marketplace=FLIPKART&q=laptop&store=6bo%2Fb5g&srno=s_13_299&otracker=search&fm=organic&iid=f09932e0-8820-4a25-9511-0599facec6e1.COMHGWQYTCYV662C.SEARCH&ppt=sp&ppn=sp&ssid=nhcg2z71dc0000001784730983127&qH=312f91285e048e09&ov_redirect=true,Intel Core i3 Processor (13th Gen) | 16 GB DDR5 RAM | Windows 11 Home Operating System | 512 GB SSD | 39.62 cm (15.6 Inch) Display | Microsoft Office Home 2024 + Microsoft 365 Basic | 1 Year Onsite Warranty
13,12,Acer Aspire 3 Intel Core i3 12th Gen 1215U - (8 GB/512 GB SSD/Windows 11 Home) A324-51 Thin and Light ...,"₹25,990",4.3,"6,028 Ratings",https://rukminim2.flixcart.com/image/312/312/xif0q/computer/j/l/s/-enriched-transparent-original-imahg5fxuwkvnbmr.png?q=70,https://www.flipkart.com/acer-aspire-3-intel-core-i3-12th-gen-1215u-8-gb-512-gb-ssd-windows-11-home-a324-51-thin-light-laptop/p/itm7dda0a4d1d62a?pid=COMHY24RJH2YXVPG&lid=LSTCOMHY24RJH2YXVPGTVAAXW&marketplace=FLIPKART&q=laptop&store=6bo%2Fb5g&srno=s_13_300&otracker=search&fm=organic&iid=f09932e0-8820-4a25-9511-0599facec6e1.COMHY24RJH2YXVPG.SEARCH&ppt=sp&ppn=sp&ssid=nhcg2z71dc0000001784730983127&qH=312f91285e048e09&ov_redirect=true,Intel Core i3 Processor (12th Gen) | 8 GB DDR4 RAM | 64 bit Windows 11 Operating System | 512 GB SSD | 35.56 cm (14 Inch) Display | 1 Year Domestic Warranty
13,13,HP 15 (i5 14th Gen) Intel Core 5 120U - (24 GB/512 GB SSD/Windows 11 Home) 15-fd0262TU Thin and Light ...,"₹82,990",4.2,195 Ratings,https://rukminim2.flixcart.com/image/312/312/xif0q/computer/z/i/b/-original-imahzu4rwxnezv9x.jpeg?q=70,https://www.flipkart.com/hp-15-i5-14th-gen-intel-core-5-120u-24-gb-512-gb-ssd-windows-11-home-15-fd0262tu-thin-light-laptop/p/itm027a3317f4ff9?pid=COMHM94A7PHVCQT7&lid=LSTCOMHM94A7PHVCQT7QTPOH7&marketplace=FLIPKART&q=laptop&store=6bo%2Fb5g&srno=s_13_301&otracker=search&fm=organic&iid=en_XfE-5MKU-EaqBVl1xBE8SR833clUp2JF4SPZ14ZDKOcaNryjXkVgJ9Edia2igJtHajNODExQ3AD2YwLVEpFEnL-0TByd-y2aowfbZcqv2qCtqkx2yUAhbhvt5LwoD8qU&ppt=sp&ppn=sp&ssid=nhcg2z71dc0000001784730983127&qH=312f91285e048e09&ov_redirect=true,Intel Core 5 Processor | 24 GB DDR5 RAM | Windows 11 Home Operating System | 512 GB SSD | 39.62 cm (15.6 inch) Display | Microsoft Office Home 2024 (Lifetime Validity ) + Microsoft 365(1-Year Validity) | 1 Year Onsite Service
13,14,HP 14 AI PC Intel Core Ultra 7 155H - (16 GB/512 GB SSD/Windows 11 Home) 14-ep1151TU/14-gr1036TU/14-ep...,"₹79,990",4.1,790 Ratings,https://rukminim2.flixcart.com/image/312/312/xif0q/computer/o/9/k/-original-imahgry8nwkejmae.jpeg?q=70,https://www.flipkart.com/hp-14-ai-pc-intel-core-ultra-7-155h-16-gb-512-gb-ssd-windows-11-home-14-ep1151tu-14-gr1036tu-14-ep1151tu-thin-light-laptop/p/itm4c681812b88bf?pid=COMHF8G932EYZAJF&lid=LSTCOMHF8G932EYZAJFOUI9CA&marketplace=FLIPKART&q=laptop&store=6bo%2Fb5g&srno=s_13_302&otracker=search&fm=organic&iid=en_XfE-5MKU-EaqBVl1xBE8SR833clUp2JF4SPZ14ZDKOfmQ7OVIGvRluBmVgQWD1Okq1hjzYDbDbYctS2-qOIVIqU4JGq2qGfuCYjFJWjKqlT3mFl5qJxoBS3TaeX7fNYC&ppt=sp&ppn=sp&ssid=nhcg2z71dc0000001784730983127&qH=312f91285e048e09&ov_redirect=true,Intel Core Ultra 7 Processor | 16 GB DDR5 RAM | Windows 11 Home Operating System | 512 GB SSD | 35.56 cm (14 Inch) Display | 1 Year Onsite Warranty
13,15,DELL 15 (Previously Inspiron) AI Powered Intel Core Ultra 5 225H - (16 GB/512 GB SSD/Windows 11 Home) ...,"₹86,990",3.7,7 Ratings,https://rukminim2.flixcart.com/image/312/312/xif0q/computer/m/1/8/-original-imahmd8nvrtardw6.jpeg?q=70,https://www.flipkart.com/dell-15-previously-inspiron-ai-powered-intel-core-ultra-5-225h-16-gb-512-gb-ssd-windows-11-home-thin-light-laptop/p/itm3d19bf8ab4b69?pid=COMHM29DAFVUFDWE&lid=LSTCOMHM29DAFVUFDWEVKJ0QX&marketplace=FLIPKART&q=laptop&store=6bo%2Fb5g&srno=s_13_303&otracker=search&fm=organic&iid=f09932e0-8820-4a25-9511-0599facec6e1.COMHM29DAFVUFDWE.SEARCH&ppt=sp&ppn=sp&ssid=nhcg2z71dc0000001784730983127&qH=312f91285e048e09&ov_redirect=true,Intel Core Ultra 5 Processor | 16 GB DDR5 RAM | Windows 11 Home Operating System | 512 GB SSD | 39.62 cm (15.6 inch) Display | McAfee | 1 Year Onsite Service
13,16,ASUS Vivobook 16 (2025) with Office 2024 + M365 Basic* Intel Core i7 13th Gen 13620H - (16 GB/512 GB S...,"₹70,990",4.2,76 Ratings,https://rukminim2.flixcart.com/image/312/312/xif0q/computer/h/p/x/-original-imah2ger8fwg9raw.jpeg?q=70,https://www.flipkart.com/asus-vivobook-16-2025-office-2024-m365-basic-intel-core-i7-13th-gen-13620h-16-gb-512-gb-ssd-windows-11-home-x1605va-mb1628ws-thin-light-laptop/p/itm8069bd1c2fb5f?pid=COMH9SJ9BGMUNG2A&lid=LSTCOMH9SJ9BGMUNG2AX6FJBZ&marketplace=FLIPKART&q=laptop&store=6bo%2Fb5g&srno=s_13_304&otracker=search&fm=organic&iid=f09932e0-8820-4a25-9511-0599facec6e1.COMH9SJ9BGMUNG2A.SEARCH&ppt=sp&ppn=sp&ssid=nhcg2z71dc0000001784730983127&qH=312f91285e048e09&ov_redirect=true,"Intel Core i7 Processor (13th Gen) | 16 GB DDR4 RAM | Windows 11 Home Operating System | 512 GB SSD | 40.64 cm (16 Inch) Display | Microsoft Office Home 2024 (Lifetime Validity ) + Microsoft 365 Basic*(1-Year Validity), McAfee 1 year | 1 Year Onsite Warranty"
13,17,ZEBRONICS Pro Series Z Intel Core i7 12th Gen 1255U - (16 GB/512 GB SSD/Windows 11 Home) ZEB-NBC 5S Th...,"₹78,999",4,374 Ratings,https://rukminim2.flixcart.com/image/312/312/xif0q/computer/g/m/2/-original-imahg4pewzwtjhvu.jpeg?q=70,https://www.flipkart.com/zebronics-pro-series-z-intel-core-i7-12th-gen-1255u-16-gb-512-gb-ssd-windows-11-home-zeb-nbc-5s-thin-light-laptop/p/itmb605901c4d2a7?pid=COMGSZ8NYXVUZWZ8&lid=LSTCOMGSZ8NYXVUZWZ8950QCM&marketplace=FLIPKART&q=laptop&store=6bo%2Fb5g&srno=s_13_305&otracker=search&fm=organic&iid=f09932e0-8820-4a25-9511-0599facec6e1.COMGSZ8NYXVUZWZ8.SEARCH&ppt=sp&ppn=sp&ssid=nhcg2z71dc0000001784730983127&qH=312f91285e048e09&ov_redirect=true,Intel Core i7 Processor (12th Gen) | 16 GB DDR4 RAM | Windows 11 Operating System | 512 GB SSD | 39.62 cm (15.6 Inch) Display | 1 Year Carry-in Warranty
13,18,HP 15 (i3 14th Gen) Intel Core 3 100U - (16 GB/512 GB SSD/Windows 11 Home) 15-fd0885TU Thin and Light ...,"₹49,990",4.2,"1,654 Ratings",https://rukminim2.flixcart.com/image/312/312/xif0q/computer/n/d/h/-original-imahkrdfczexundv.jpeg?q=70,https://www.flipkart.com/hp-15-i3-14th-gen-intel-core-3-100u-16-gb-512-gb-ssd-windows-11-home-15-fd0885tu-thin-light-laptop/p/itm661ed697fa9ca?pid=COMHK4F734GZWHFM&lid=LSTCOMHK4F734GZWHFMN7EU3K&marketplace=FLIPKART&q=laptop&store=6bo%2Fb5g&srno=s_13_306&otracker=search&fm=organic&iid=f09932e0-8820-4a25-9511-0599facec6e1.COMHK4F734GZWHFM.SEARCH&ppt=sp&ppn=sp&ssid=nhcg2z71dc0000001784730983127&qH=312f91285e048e09&ov_redirect=true,Intel Core 3 Processor | 16 GB DDR4 RAM | Windows 11 Home Operating System | 512 GB SSD | 39.62 cm (15.6 inch) Display | MS Office Home 2024 + MISC PC Game Pass DA 3M | 1 Year Onsite Warranty
13,19,HP 14 AI PC Intel Core Ultra 7 155H - (16 GB/1 TB SSD/Windows 11 Home) 14-ep1152TU Thin and Light Lapt...,"₹85,990",4.1,790 Ratings,https://rukminim2.flixcart.com/image/312/312/xif0q/computer/a/h/z/-original-imahgh9exfmtg44y.jpeg?q=70,https://www.flipkart.com/hp-14-ai-pc-intel-core-ultra-7-155h-16-gb-1-tb-ssd-windows-11-home-14-ep1152tu-thin-light-laptop/p/itm448874079369f?pid=COMHG98EXZ3AJYZN&lid=LSTCOMHG98EXZ3AJYZNODD67U&marketplace=FLIPKART&q=laptop&store=6bo%2Fb5g&srno=s_13_307&otracker=search&fm=organic&iid=en_XfE-5MKU-EaqBVl1xBE8SR833clUp2JF4SPZ14ZDKOc9qhDa_6QjofQapaaPdWJUC6YBzjaUMmK47SGkba_3oSGkgDYpheMzpTOfbcb9jJr3mFl5qJxoBS3TaeX7fNYC&ppt=sp&ppn=sp&ssid=nhcg2z71dc0000001784730983127&qH=312f91285e048e09&ov_redirect=true,Intel Core Ultra 7 Processor | 16 GB DDR5 RAM | Windows 11 Home Operating System | 1 TB SSD | 35.56 cm (14 Inch) Display | 1 Year Onsite Warranty
13,20,Samsung Galaxy Book5 AI Metal Intel Core Ultra 5 225U - (16 GB/512 GB SSD/Windows 11 Home) NP750XHD Th...,"₹84,990",4.6,837 Ratings,https://rukminim2.flixcart.com/image/312/312/xif0q/computer/0/2/e/-original-imahzcf3jkkjkhgc.jpeg?q=70,https://www.flipkart.com/samsung-galaxy-book5-ai-metal-intel-core-ultra-5-225u-16-gb-512-gb-ssd-windows-11-home-np750xhd-thin-light-laptop/p/itmc33d2563d0ffc?pid=COMHE4ATPCZ9FXRP&lid=LSTCOMHE4ATPCZ9FXRP7N1GVG&marketplace=FLIPKART&q=laptop&store=6bo%2Fb5g&srno=s_13_308&otracker=search&fm=organic&iid=en_XfE-5MKU-EaqBVl1xBE8SR833clUp2JF4SPZ14ZDKOcCX07oVVXiG_pVVTyvoua03WHJiuMjlX0EHxFVCjPkyeUBYPBIqgZE3mSuDz4Hsbmtqkx2yUAhbhvt5LwoD8qU&ppt=sp&ppn=sp&ssid=nhcg2z71dc0000001784730983127&qH=312f91285e048e09&ov_redirect=true,Intel Core Ultra 5 Processor | 16 GB LPDDR5X RAM | 64 bit Windows 11 Operating System | 512 GB SSD | 39.62 cm (15.6 Inch) Display | MS Office Home and Student 2024 | 1 Year Manufacturer Warranty for Laptop and 6 Months for In-Box Accessories
13,21,Lenovo 100e Chromebook Gen 4 MediaTek Kompanio 520 - (8 GB/64 GB EMMC Storage/Chrome OS) 100e Chromebo...,"₹32,990",4,"3,211 Ratings",https://rukminim2.flixcart.com/image/312/312/xif0q/computer/c/g/4/-original-imahgfdyf6grkw9r.jpeg?q=70,https://www.flipkart.com/lenovo-100e-chromebook-gen-4-mediatek-kompanio-520-8-gb-64-gb-emmc-storage-chrome-os/p/itm338cfd61c4d4e?pid=COMHC5G9YPVUM34V&lid=LSTCOMHC5G9YPVUM34VZ0HVSZ&marketplace=FLIPKART&q=laptop&store=6bo%2Fb5g&srno=s_13_309&otracker=search&fm=organic&iid=f09932e0-8820-4a25-9511-0599facec6e1.COMHC5G9YPVUM34V.SEARCH&ppt=sp&ppn=sp&ssid=nhcg2z71dc0000001784730983127&qH=312f91285e048e09&ov_redirect=true,MediaTek Kompanio 520 Processor | 8 GB LPDDR4X RAM | Chrome Operating System | 29.46 cm (11.6 Inch) Display | 1 Year Carry In Warranty
13,22,Infinix ZEROBOOK 13 Intel Intel Core i9 13th Gen 13900H - (32 GB/1 TB SSD/Windows 11 Home) ZL513 Thin ...,"₹86,990",4,"1,430 Ratings",https://rukminim2.flixcart.com/image/312/312/xif0q/computer/j/r/c/-enriched-transparent-original-imahg53x5n2zk5gq.png?q=70,https://www.flipkart.com/infinix-zerobook-13-intel-core-i9-13th-gen-13900h-32-gb-1-tb-ssd-windows-11-home-zl513-thin-light-laptop/p/itmad7e026e8b8c5?pid=COMGRFPGYCKFSGZG&lid=LSTCOMGRFPGYCKFSGZGMBU4DX&marketplace=FLIPKART&q=laptop&store=6bo%2Fb5g&srno=s_13_310&otracker=search&fm=organic&iid=f09932e0-8820-4a25-9511-0599facec6e1.COMGRFPGYCKFSGZG.SEARCH&ppt=sp&ppn=sp&ssid=nhcg2z71dc0000001784730983127&qH=312f91285e048e09&ov_redirect=true,Intel Core i9 Processor (13th Gen) | 32 GB LPDDR5X RAM | 64 bit Windows 11 Operating System | 1 TB SSD | 39.62 cm (15.6 Inch) Display | 1 Year Onsite Warranty
13,23,Samsung Galaxy Book5 AI Metal Intel Core Ultra 7 255U - (16 GB/512 GB SSD/Windows 11 Home) NP750XHD Th...,"₹91,990",4.6,463 Ratings,https://rukminim2.flixcart.com/image/312/312/xif0q/computer/0/2/e/-original-imahzcf3jkkjkhgc.jpeg?q=70,https://www.flipkart.com/samsung-galaxy-book5-ai-metal-intel-core-ultra-7-255u-16-gb-512-gb-ssd-windows-11-home-np750xhd-thin-light-laptop/p/itma9c081cdbe95d?pid=COMHE4ATBCUTGUYT&lid=LSTCOMHE4ATBCUTGUYTJZ7NHN&marketplace=FLIPKART&q=laptop&store=6bo%2Fb5g&srno=s_13_311&otracker=search&fm=organic&iid=en_XfE-5MKU-EaqBVl1xBE8SR833clUp2JF4SPZ14ZDKOdyOksyw09QgZU1IMYoegTQ_54vlUw9QAlUFlRYR6QtY8H5LP6GMXD1iSKF2pPmS-Stqkx2yUAhbhvt5LwoD8qU&ppt=sp&ppn=sp&ssid=nhcg2z71dc0000001784730983127&qH=312f91285e048e09&ov_redirect=true,Intel Core Ultra 7 Processor | 16 GB LPDDR5X RAM | 64 bit Windows 11 Operating System | 512 GB SSD | 39.62 cm (15.6 Inch) Display | MS Office Home and Student 2024 | 1 Year Manufacturer Warranty for Laptop and 6 Months for In-Box Accessories
13,24,HP AMD Ryzen 5 Quad Core 7520U - (8 GB/512 GB SSD/Windows 11 Home) 15-fc0805AU Thin and Light Laptop,"₹61,990",4.2,518 Ratings,https://rukminim2.flixcart.com/image/312/312/xif0q/computer/u/y/1/-original-imahhw6hvptke89v.jpeg?q=70,https://www.flipkart.com/hp-amd-ryzen-5-quad-core-7520u-8-gb-512-gb-ssd-windows-11-home-15-fc0805au-thin-light-laptop/p/itm044828973e180?pid=COMHH6Q4E6HYUURM&lid=LSTCOMHH6Q4E6HYUURMEMAVL7&marketplace=FLIPKART&q=laptop&store=6bo%2Fb5g&srno=s_13_312&otracker=search&fm=organic&iid=en_XfE-5MKU-EaqBVl1xBE8SR833clUp2JF4SPZ14ZDKOeDD7KkyO_jus0hee6QKn8DsOd6KuVqwHDFy0J29HO5TOevpcpIWiH_FUztnfn_SSy4yJkkGb0tk6PQGYiEH9fB&ppt=sp&ppn=sp&ssid=nhcg2z71dc0000001784730983127&qH=312f91285e048e09&ov_redirect=true,AMD Ryzen 5 Quad Core Processor | 8 GB LPDDR5 RAM | Windows 11 Home Operating System | 512 GB SSD | 39.62 cm (15.6 inch) Display | MS Office Home 2024 + MISC PC Game Pass DA 3M | 1 Year Onsite Service
14,1,Lenovo THINKBOOK 16 AMD Ryzen 5 Hexa Core 7th Gen 7535HS - (8 GB/512 GB SSD/Windows 11 Home) 21MWA0AJI...,"₹61,999",4,3 Ratings,https://rukminim2.flixcart.com/image/312/312/xif0q/computer/0/5/e/thinbook-16-laptop-lenovo-original-imahgfzvcwvdy2zk.jpeg?q=70,https://www.flipkart.com/lenovo-thinkbook-16-amd-ryzen-5-hexa-core-7th-gen-7535hs-8-gb-512-gb-ssd-windows-11-home-21mwa0ajin-laptop/p/itmcbce731f301ec?pid=COMHGFZVG8YBFFYP&lid=LSTCOMHGFZVG8YBFFYPVQO2AL&marketplace=FLIPKART&q=laptop&store=6bo%2Fb5g&srno=s_14_313&otracker=search&fm=organic&iid=0b7fb816-0688-419e-b85c-f2c0a1c18eb9.COMHGFZVG8YBFFYP.SEARCH&ppt=sp&ppn=sp&ssid=bxhfipn0ow0000001784730988506&qH=312f91285e048e09&ov_redirect=true,AMD Ryzen 5 Hexa Core Processor (7th Gen) | 8 GB LPDDR5 RAM | 64 bit Windows 11 Home Operating System | 512 GB SSD | 40.64 cm (16 Inch) Display | WINDOWS 11 | 1 YEAR WARRANTY BY ONSITE
14,2,"ASUS Vivobook S14 OLED (2025), AI PC, Metal Body, Backlit Keyboard, Intel Core Ultra 7 256V - (16 GB/5...","₹94,990",4.4,10 Ratings,https://rukminim2.flixcart.com/image/312/312/xif0q/computer/v/j/s/-original-imahg5fuqcwakny9.jpeg?q=70,https://www.flipkart.com/asus-vivobook-s14-oled-2025-ai-pc-metal-body-backlit-keyboard-intel-core-ultra-7-256v-16-gb-512-gb-ssd-windows-11-home-s5406sa-qd094ws-thin-light-laptop/p/itmdbf3ebc3114d9?pid=COMH89EBVHHSCD5Z&lid=LSTCOMH89EBVHHSCD5ZFA1VUA&marketplace=FLIPKART&q=laptop&store=6bo%2Fb5g&srno=s_14_314&otracker=search&fm=organic&iid=0b7fb816-0688-419e-b85c-f2c0a1c18eb9.COMH89EBVHHSCD5Z.SEARCH&ppt=sp&ppn=sp&ssid=bxhfipn0ow0000001784730988506&qH=312f91285e048e09&ov_redirect=true,"Intel Core Ultra 7 Processor | 16 GB LPDDR5X RAM | Windows 11 Home Operating System | 512 GB SSD | 35.56 cm (14 Inch) Display | Microsoft Office Home 2024 (Lifetime Validity ) + Microsoft 365 Basic*(1-Year Validity), McAfee? 1 year | 1 Year Onsite warranty"
14,3,Acer Predator Helios Neo 16S AI Intel Core Ultra 7 255HX - (16 GB/1 TB SSD/Windows 11 Home/8 GB Graphi...,"₹1,85,999",4.8,8 Ratings,https://rukminim2.flixcart.com/image/312/312/xif0q/computer/v/u/i/-original-imahe9x9gyhggy6f.jpeg?q=70,https://www.flipkart.com/acer-predator-helios-neo-16s-ai-intel-core-ultra-7-255hx-16-gb-1-tb-ssd-windows-11-home-8-gb-graphics-nvidia-geforce-rtx-5050-phn16s-71-gaming-laptop/p/itm6dd371d875dbf?pid=COMHDT6GMMZPGGGP&lid=LSTCOMHDT6GMMZPGGGP4RV0PL&marketplace=FLIPKART&q=laptop&store=6bo%2Fb5g&srno=s_14_315&otracker=search&fm=organic&iid=0b7fb816-0688-419e-b85c-f2c0a1c18eb9.COMHDT6GMMZPGGGP.SEARCH&ppt=sp&ppn=sp&ssid=bxhfipn0ow0000001784730988506&qH=312f91285e048e09&ov_redirect=true,Intel Core Ultra 7 Processor | 16 GB DDR5 RAM | 64 bit Windows 11 Home Operating System | 1 TB SSD | 40.64 cm (16 Inch) Display | 1 Year Warranty
14,4,"ASUS Gaming V16 (2025) for Creator with Office 2024 + M365 Basic*, AI PC(i5 14th gen) Intel Core 5 210...","₹89,990",4.2,35 Ratings,https://rukminim2.flixcart.com/image/312/312/xif0q/computer/c/b/z/-original-imahgfdfjmgm2wn7.jpeg?q=70,https://www.flipkart.com/asus-gaming-v16-2025-creator-office-2024-m365-basic-ai-pc-i5-14th-gen-intel-core-5-210h-16-gb-512-gb-ssd-windows-11-home-8-graphics-nvidia-geforce-rtx-5050-144-hz-v3607vh-rp037ws-laptop/p/itm7d7ee6f36f528?pid=COMHDG7CPRBZSMSX&lid=LSTCOMHDG7CPRBZSMSXRFQ2SD&marketplace=FLIPKART&q=laptop&store=6bo%2Fb5g&srno=s_14_316&otracker=search&fm=organic&iid=0b7fb816-0688-419e-b85c-f2c0a1c18eb9.COMHDG7CPRBZSMSX.SEARCH&ppt=sp&ppn=sp&ssid=bxhfipn0ow0000001784730988506&qH=312f91285e048e09&ov_redirect=true,"Intel Core 5 Processor | 16 GB DDR5 RAM | Windows 11 Home Operating System | 512 GB SSD | 40.64 cm (16 Inch) Display | Microsoft Office Home 2024 (Lifetime Validity ) + Microsoft 365 Basic*(1-Year Validity), One-Month Membership of Adobe Creative Cloud All Apps, McAfee 1 year | 1 Year Onsite Warranty"
14,5,Samsung Galaxy Book4 Metal Intel Core i5 13th Gen 1335U - (8 GB/512 GB SSD/Windows 11 Home) NP750XGJ-K...,"₹56,990",4.4,"19,735 Ratings",https://rukminim2.flixcart.com/image/312/312/xif0q/computer/k/t/y/-enriched-transparent-original-imahg53xspmfrsdd.png?q=70,https://www.flipkart.com/samsung-galaxy-book4-metal-intel-core-i5-13th-gen-1335u-8-gb-512-gb-ssd-windows-11-home-np750xgj-kg1in-np750xgj-lg1in-np750xgj-lg6in-thin-light-laptop/p/itm1df5212efb9fc?pid=COMGZUYDFZXHWYWZ&lid=LSTCOMGZUYDFZXHWYWZJ6V2KW&marketplace=FLIPKART&q=laptop&store=6bo%2Fb5g&srno=s_14_317&otracker=search&fm=organic&iid=en_kGid06UdH4ZtfgZE_zfgLjemnkyCSgqg0kynhg7OxW-tf9egIJ47lHAfrvtqmE5MsfGME0kkMQMICwGxasfmZSpiZoP3ZcDDMuaOuWFYumOj-d5W6k1-w5DHZQyAGUOZ&ppt=sp&ppn=sp&ssid=bxhfipn0ow0000001784730988506&qH=312f91285e048e09&ov_redirect=true,Intel Core i5 Processor (13th Gen) | 8 GB LPDDR4X RAM | 64 bit Windows 11 Operating System | 512 GB SSD | 39.62 cm (15.6 Inch) Display | 1 Year Manufacturer Warranty for Laptop and 6 Months for In-Box Accessories
14,6,Samsung Galaxy Book4 Metal Intel Core i3 13th Gen 1315U - (8 GB/512 GB SSD/Windows 11 Home) NP750XGJ-L...,"₹57,490",4.4,"10,670 Ratings",https://rukminim2.flixcart.com/image/312/312/xif0q/computer/q/k/o/-enriched-transparent-original-imahg53xmzmtsynn.png?q=70,https://www.flipkart.com/samsung-galaxy-book4-metal-intel-core-i3-13th-gen-1315u-8-gb-512-gb-ssd-windows-11-home-np750xgj-lg9in-thin-light-laptop/p/itmc29d559898e6f?pid=COMH4Y6KKRC9YSWE&lid=LSTCOMH4Y6KKRC9YSWERDUMZD&marketplace=FLIPKART&q=laptop&store=6bo%2Fb5g&srno=s_14_318&otracker=search&fm=organic&iid=en_kGid06UdH4ZtfgZE_zfgLjemnkyCSgqg0kynhg7OxW8x0T8M1198QrtpEpiBSjKUVqKfzRTPmTYCvEc1OQ2_kCChg9vAnpscSdI7uOc1ZHWj-d5W6k1-w5DHZQyAGUOZ&ppt=sp&ppn=sp&ssid=bxhfipn0ow0000001784730988506&qH=312f91285e048e09&ov_redirect=true,Intel Core i3 Processor (13th Gen) | 8 GB LPDDR4X RAM | 64 bit Windows 11 Operating System | 512 GB SSD | 39.62 cm (15.6 Inch) Display | 1 Year Onsite Warranty
14,7,HP Pavilion Plus Metal Body Intel Core i5 13th Gen 1335U - (16 GB/512 GB SSD/Windows 11 Home) 14-EW010...,"₹92,746",4.2,30 Ratings,https://rukminim2.flixcart.com/image/312/312/xif0q/computer/g/5/y/-original-imahknx3gecq8dv8.jpeg?q=70,https://www.flipkart.com/hp-pavilion-plus-metal-body-intel-core-i5-13th-gen-1335u-16-gb-512-gb-ssd-windows-11-home-14-ew0107tu-thin-light-laptop/p/itmdeb02fb3f429e?pid=COMHFKPV6PUYZQMT&lid=LSTCOMHFKPV6PUYZQMT9IL6NN&marketplace=FLIPKART&q=laptop&store=6bo%2Fb5g&srno=s_14_319&otracker=search&fm=organic&iid=0b7fb816-0688-419e-b85c-f2c0a1c18eb9.COMHFKPV6PUYZQMT.SEARCH&ppt=sp&ppn=sp&ssid=bxhfipn0ow0000001784730988506&qH=312f91285e048e09&ov_redirect=true,Intel Core i5 Processor (13th Gen) | 16 GB DDR5 RAM | Windows 11 Home Operating System | 512 GB SSD | 35.56 cm (14 Inch) Display | 1 Year Warranty and Only 6 Months Warranty on Battery and Adaptor
14,8,"ASUS Vivobook 16 (2026) AI PC with Office 2024 + M365 Basic*, Copilot+ PC AMD Ryzen AI 7 Hexa Core 445...","₹88,990",4.8,5 Ratings,https://rukminim2.flixcart.com/image/312/312/xif0q/computer/h/a/e/-original-imahknwx8epnjxph.jpeg?q=70,https://www.flipkart.com/asus-vivobook-16-2026-ai-pc-office-2024-m365-basic-copilot-amd-ryzen-7-hexa-core-445-16-gb-512-gb-ssd-windows-11-home-m1607ga-mb030ws-thin-light-laptop/p/itmd56383b013987?pid=COMHJJ2HCUTYXY36&lid=LSTCOMHJJ2HCUTYXY36JLVRL0&marketplace=FLIPKART&q=laptop&store=6bo%2Fb5g&srno=s_14_320&otracker=search&fm=organic&iid=0b7fb816-0688-419e-b85c-f2c0a1c18eb9.COMHJJ2HCUTYXY36.SEARCH&ppt=sp&ppn=sp&ssid=bxhfipn0ow0000001784730988506&qH=312f91285e048e09&ov_redirect=true,"AMD Ryzen AI 7 Hexa Core Processor | 16 GB DDR5 RAM | Windows 11 Home Operating System | 512 GB SSD | 40.64 cm (16 inch) Display | Microsoft Office Home 2024 (Lifetime Validity ) + Microsoft 365 Basic*(1-Year Validity), One-Month Membership of Adobe Creative Cloud All Apps, McAfee 1 year | 1 Year Onsite Warranty"
14,9,HP Omnibook 3 2K WUXGA Snapdragon X - (16 GB/512 GB SSD/Windows 11 Home) Omnibook 3 14-hz0024QU Laptop,"₹72,990",4.1,11 Ratings,https://rukminim2.flixcart.com/image/312/312/xif0q/computer/u/e/9/-original-imahzvfcsqpynrcd.jpeg?q=70,https://www.flipkart.com/hp-omnibook-3-2k-wuxga-snapdragon-x-16-gb-512-gb-ssd-windows-11-home-14-hz0024qu-laptop/p/itmbd5346cd09abc?pid=COMHZGK2ACSECZB5&lid=LSTCOMHZGK2ACSECZB52ALLPO&marketplace=FLIPKART&q=laptop&store=6bo%2Fb5g&srno=s_14_321&otracker=search&fm=organic&iid=en_kGid06UdH4ZtfgZE_zfgLjemnkyCSgqg0kynhg7OxW_uVOymEEby8j9cdtwipqi9QDaMOpjaAqIhVlr2eDOqkK8WMJxc_eOD3pdFe_35DQWj-d5W6k1-w5DHZQyAGUOZ&ppt=sp&ppn=sp&ssid=bxhfipn0ow0000001784730988506&qH=312f91285e048e09&ov_redirect=true,Snapdragon X Processor | 16 GB LPDDR5X RAM | Windows 11 Home Operating System | 512 GB SSD | 35.56 cm (14 inch) Display | MS Office Home 2024 | 1 Year Onsite Service
14,10,DELL 15 (Previouly Inspiron) AMD Ryzen 5 Quad Core 7520U - (8 GB/512 GB SSD/Windows 11 Home) DC15255 T...,"₹57,990",4.5,6 Ratings,https://rukminim2.flixcart.com/image/312/312/xif0q/computer/m/x/0/-original-imahzv9agugnddrg.jpeg?q=70,https://www.flipkart.com/dell-15-previouly-inspiron-amd-ryzen-5-quad-core-7520u-8-gb-512-gb-ssd-windows-11-home-dc15255-thin-light-laptop/p/itmb80bb4e819164?pid=COMHDXXUHGDCHMQX&lid=LSTCOMHDXXUHGDCHMQXUEUE9X&marketplace=FLIPKART&q=laptop&store=6bo%2Fb5g&srno=s_14_322&otracker=search&fm=organic&iid=en_kGid06UdH4ZtfgZE_zfgLjemnkyCSgqg0kynhg7OxW9xg-9ggx9VAPabgy-qC0XGKS7KjhXWMehRCKPAR7kLILb6bL0Zx_kaK68EeWHdQeCj-d5W6k1-w5DHZQyAGUOZ&ppt=sp&ppn=sp&ssid=bxhfipn0ow0000001784730988506&qH=312f91285e048e09&ov_redirect=true,AMD Ryzen 5 Quad Core Processor | 8 GB LPDDR5 RAM | Windows 11 Operating System | 512 GB SSD | 38.1 cm (15 Inch) Display | 1 Year Onsite Warranty
14,11,Samsung Galaxy Book5 360 Next Gen AI PC Full Metal Chasis Intel Core Ultra 5 226V - (16 GB/512 GB SSD/...,"₹1,11,999",4.5,73 Ratings,https://rukminim2.flixcart.com/image/312/312/xif0q/computer/a/d/x/-original-imahzbehhvuhdzhf.jpeg?q=70,https://www.flipkart.com/samsung-galaxy-book5-360-next-gen-ai-pc-full-metal-chasis-intel-core-ultra-5-226v-16-gb-512-gb-ssd-windows-11-home-np750qha-2-1-laptop/p/itmc76ec3e8002b4?pid=COMH9PHPRY2KUCGG&lid=LSTCOMH9PHPRY2KUCGGLZSALD&marketplace=FLIPKART&q=laptop&store=6bo%2Fb5g&srno=s_14_323&otracker=search&fm=organic&iid=0b7fb816-0688-419e-b85c-f2c0a1c18eb9.COMH9PHPRY2KUCGG.SEARCH&ppt=sp&ppn=sp&ssid=bxhfipn0ow0000001784730988506&qH=312f91285e048e09&ov_redirect=true,Intel Core Ultra 5 Processor | 16 GB LPDDR5X RAM | Windows 11 Operating System | 512 GB SSD | 39.62 cm (15.6 Inch) Touchscreen Display | 1 Year Onsite Warranty
14,12,Acer Aspire Intel Core i5 13th Gen 13420H - (16 GB/512 GB SSD/Windows 11 Home) AL15-52H Thin and Light...,"₹62,990",3.7,14 Ratings,https://rukminim2.flixcart.com/image/312/312/xif0q/computer/0/6/k/aspire-lite-thin-and-light-laptop-acer-original-imahg6zgcgccmzah.jpeg?q=70,https://www.flipkart.com/acer-aspire-intel-core-i5-13th-gen-13420h-16-gb-512-gb-ssd-windows-11-home-al15-52h-thin-light-laptop/p/itm7d8c274d68fef?pid=COMHG6ZG28ZSCEAD&lid=LSTCOMHG6ZG28ZSCEADDQ5PYL&marketplace=FLIPKART&q=laptop&store=6bo%2Fb5g&srno=s_14_324&otracker=search&fm=organic&iid=0b7fb816-0688-419e-b85c-f2c0a1c18eb9.COMHG6ZG28ZSCEAD.SEARCH&ppt=sp&ppn=sp&ssid=bxhfipn0ow0000001784730988506&qH=312f91285e048e09&ov_redirect=true,Intel Core i5 Processor (13th Gen) | 16 GB LPDDR5 RAM | Windows 11 Home Operating System | 512 GB SSD | 39.62 cm (15.6 Inch) Display | 1 Year Carry-in Warranty
14,13,HP (i3 14th Gen) Intel Core 3 100U - (8 GB/512 GB SSD/Windows 11 Home) 15-fd1095TU Thin and Light Lapt...,"₹51,999",4.4,18 Ratings,https://rukminim2.flixcart.com/image/312/312/xif0q/computer/t/o/d/-original-imahg5ftpnyzgk7y.jpeg?q=70,https://www.flipkart.com/hp-i3-14th-gen-intel-core-3-100u-8-gb-512-gb-ssd-windows-11-home-15-fd1095tu-thin-light-laptop/p/itm95d048b532731?pid=COMHY9ZVDGZVWPFJ&lid=LSTCOMHY9ZVDGZVWPFJ5O95JC&marketplace=FLIPKART&q=laptop&store=6bo%2Fb5g&srno=s_14_325&otracker=search&fm=organic&iid=0b7fb816-0688-419e-b85c-f2c0a1c18eb9.COMHY9ZVDGZVWPFJ.SEARCH&ppt=sp&ppn=sp&ssid=bxhfipn0ow0000001784730988506&qH=312f91285e048e09&ov_redirect=true,Intel Core 3 Processor | 8 GB DDR4 RAM | Windows 11 Operating System | 512 GB SSD | 39.62 cm (15.6 Inch) Display | 1 Year Onsite Warranty
14,14,Acer Aspire Intel Core i3 13th Gen 1305U - (8 GB/512 GB SSD/Windows 11 Home) AL15-53 Notebook,"₹47,990",4.1,76 Ratings,https://rukminim2.flixcart.com/image/312/312/xif0q/computer/i/y/m/-original-imahcqeynxxzdhcy.jpeg?q=70,https://www.flipkart.com/acer-aspire-intel-core-i3-13th-gen-1305u-8-gb-512-gb-ssd-windows-11-home-al15-53-notebook/p/itm1bc0bcb4598e7?pid=COMH5WHP8HVDEHE8&lid=LSTCOMH5WHP8HVDEHE8YFCK5G&marketplace=FLIPKART&q=laptop&store=6bo%2Fb5g&srno=s_14_326&otracker=search&fm=organic&iid=0b7fb816-0688-419e-b85c-f2c0a1c18eb9.COMH5WHP8HVDEHE8.SEARCH&ppt=sp&ppn=sp&ssid=bxhfipn0ow0000001784730988506&qH=312f91285e048e09&ov_redirect=true,Intel Core i3 Processor (13th Gen) | 8 GB DDR4 RAM | 64 bit Windows 11 Home Operating System | 512 GB SSD | 39.62 cm (15.6 Inch) Display | 1 Year Warranty
14,15,HP 15 (i5 14th Gen) Intel Core 5 120U - (24 GB/512 GB SSD/Windows 11 Home) 15-fd0262TU Thin and Light ...,"₹82,990",4.2,195 Ratings,https://rukminim2.flixcart.com/image/312/312/xif0q/computer/z/i/b/-original-imahzu4rwxnezv9x.jpeg?q=70,https://www.flipkart.com/hp-15-i5-14th-gen-intel-core-5-120u-24-gb-512-gb-ssd-windows-11-home-15-fd0262tu-thin-light-laptop/p/itm027a3317f4ff9?pid=COMHM94A7PHVCQT7&lid=LSTCOMHM94A7PHVCQT7QTPOH7&marketplace=FLIPKART&q=laptop&store=6bo%2Fb5g&srno=s_14_327&otracker=search&fm=organic&iid=en_kGid06UdH4ZtfgZE_zfgLjemnkyCSgqg0kynhg7OxW8mFZIVQ7izG6S5tbkbTyIWajNODExQ3AD2YwLVEpFEnL-0TByd-y2aowfbZcqv2qCj-d5W6k1-w5DHZQyAGUOZ&ppt=sp&ppn=sp&ssid=bxhfipn0ow0000001784730988506&qH=312f91285e048e09&ov_redirect=true,Intel Core 5 Processor | 24 GB DDR5 RAM | Windows 11 Home Operating System | 512 GB SSD | 39.62 cm (15.6 inch) Display | Microsoft Office Home 2024 (Lifetime Validity ) + Microsoft 365(1-Year Validity) | 1 Year Onsite Service
14,16,HP 14 AI PC Intel Core Ultra 7 155H - (16 GB/1 TB SSD/Windows 11 Home) 14-ep1152TU Thin and Light Lapt...,"₹85,990",4.1,790 Ratings,https://rukminim2.flixcart.com/image/312/312/xif0q/computer/a/h/z/-original-imahgh9exfmtg44y.jpeg?q=70,https://www.flipkart.com/hp-14-ai-pc-intel-core-ultra-7-155h-16-gb-1-tb-ssd-windows-11-home-14-ep1152tu-thin-light-laptop/p/itm448874079369f?pid=COMHG98EXZ3AJYZN&lid=LSTCOMHG98EXZ3AJYZNODD67U&marketplace=FLIPKART&q=laptop&store=6bo%2Fb5g&srno=s_14_328&otracker=search&fm=organic&iid=en_kGid06UdH4ZtfgZE_zfgLjemnkyCSgqg0kynhg7OxW_Sk_UHqq5fHr84oQK0QlPsn9sG8qIKSbGwDcGdLV_LgSGkgDYpheMzpTOfbcb9jJr_ne335JTCYWezfUV2Phib&ppt=sp&ppn=sp&ssid=bxhfipn0ow0000001784730988506&qH=312f91285e048e09&ov_redirect=true,Intel Core Ultra 7 Processor | 16 GB DDR5 RAM | Windows 11 Home Operating System | 1 TB SSD | 35.56 cm (14 Inch) Display | 1 Year Onsite Warranty
14,17,ASUS ROG Zephyrus G14 (2025) with Office 2024 + M365 Basic* AMD Ryzen AI 9 12 Core HX 370 - (32 GB/2 T...,"₹2,79,990",4.3,8 Ratings,https://rukminim2.flixcart.com/image/312/312/xif0q/computer/v/z/m/-original-imahcymxkux5q3af.jpeg?q=70,https://www.flipkart.com/asus-rog-zephyrus-g14-2025-office-2024-m365-basic-amd-ryzen-ai-9-12-core-hx-370-32-gb-2-tb-ssd-windows-11-home-12-gb-graphics-nvidia-geforce-rtx-5070-ti-120-hz-120-w-ga403wr-qs123ws-gaming-laptop/p/itmbc252f9d7aae4?pid=COMHBGQ4YJHKMMPM&lid=LSTCOMHBGQ4YJHKMMPMZPTJXT&marketplace=FLIPKART&q=laptop&store=6bo%2Fb5g&srno=s_14_329&otracker=search&fm=organic&iid=0b7fb816-0688-419e-b85c-f2c0a1c18eb9.COMHBGQ4YJHKMMPM.SEARCH&ppt=sp&ppn=sp&ssid=bxhfipn0ow0000001784730988506&qH=312f91285e048e09&ov_redirect=true,"AMD Ryzen AI 9 12 Core Processor | 32 GB LPDDR5X RAM | Windows 11 Home Operating System | 2 TB SSD | 35.56 cm (14 Inch) Display | Microsoft Office Home 2024 (Lifetime Validity) + Microsoft 365 Basic*(1 Year Validity), McAfee 1 Year | 1 Year Onsite Warranty"
14,18,Acer One 14 AMD Ryzen 3 Quad Core 7320U - (8 GB/256 GB SSD/Windows 11 Home) A114-43 Thin and Light Lap...,"₹41,330",4,587 Ratings,https://rukminim2.flixcart.com/image/312/312/xif0q/computer/u/b/b/-original-imahnvpbk9usvxky.jpeg?q=70,https://www.flipkart.com/acer-one-14-amd-ryzen-3-quad-core-7320u-8-gb-256-gb-ssd-windows-11-home-a114-43-thin-light-laptop/p/itm283f44123aab0?pid=COMGFHMJFHEDTDD4&lid=LSTCOMGFHMJFHEDTDD4VIBQYM&marketplace=FLIPKART&q=laptop&store=6bo%2Fb5g&srno=s_14_330&otracker=search&fm=organic&iid=0b7fb816-0688-419e-b85c-f2c0a1c18eb9.COMGFHMJFHEDTDD4.SEARCH&ppt=sp&ppn=sp&ssid=bxhfipn0ow0000001784730988506&qH=312f91285e048e09&ov_redirect=true,AMD Ryzen 3 Quad Core Processor | 8 GB LPDDR5 RAM | 64 bit Windows 11 Operating System | 256 GB SSD | 35.56 cm (14 Inch) Display | 1 Year International Travelers Warranty (ITW)
14,19,HP 14 AI PC Intel Core Ultra 7 155H - (16 GB/512 GB SSD/Windows 11 Home) 14-ep1151TU/14-gr1036TU/14-ep...,"₹79,990",4.1,790 Ratings,https://rukminim2.flixcart.com/image/312/312/xif0q/computer/o/9/k/-original-imahgry8nwkejmae.jpeg?q=70,https://www.flipkart.com/hp-14-ai-pc-intel-core-ultra-7-155h-16-gb-512-gb-ssd-windows-11-home-14-ep1151tu-14-gr1036tu-14-ep1151tu-thin-light-laptop/p/itm4c681812b88bf?pid=COMHF8G932EYZAJF&lid=LSTCOMHF8G932EYZAJFOUI9CA&marketplace=FLIPKART&q=laptop&store=6bo%2Fb5g&srno=s_14_331&otracker=search&fm=organic&iid=en_kGid06UdH4ZtfgZE_zfgLjemnkyCSgqg0kynhg7OxW9gTqcXwcI-YbhRKhDJSfIf3zzcGhlXkGO1hWP1UU6KY6U4JGq2qGfuCYjFJWjKqlT_ne335JTCYWezfUV2Phib&ppt=sp&ppn=sp&ssid=bxhfipn0ow0000001784730988506&qH=312f91285e048e09&ov_redirect=true,Intel Core Ultra 7 Processor | 16 GB DDR5 RAM | Windows 11 Home Operating System | 512 GB SSD | 35.56 cm (14 Inch) Display | 1 Year Onsite Warranty
14,20,Samsung Galaxy Book5 AI Metal Intel Core Ultra 5 225U - (16 GB/512 GB SSD/Windows 11 Home) NP750XHD Th...,"₹84,990",4.6,837 Ratings,https://rukminim2.flixcart.com/image/312/312/xif0q/computer/0/2/e/-original-imahzcf3jkkjkhgc.jpeg?q=70,https://www.flipkart.com/samsung-galaxy-book5-ai-metal-intel-core-ultra-5-225u-16-gb-512-gb-ssd-windows-11-home-np750xhd-thin-light-laptop/p/itmc33d2563d0ffc?pid=COMHE4ATPCZ9FXRP&lid=LSTCOMHE4ATPCZ9FXRP7N1GVG&marketplace=FLIPKART&q=laptop&store=6bo%2Fb5g&srno=s_14_332&otracker=search&fm=organic&iid=en_kGid06UdH4ZtfgZE_zfgLjemnkyCSgqg0kynhg7OxW_84f_SbRTVCVDCh-tug-wz3WHJiuMjlX0EHxFVCjPkyeUBYPBIqgZE3mSuDz4Hsbmj-d5W6k1-w5DHZQyAGUOZ&ppt=sp&ppn=sp&ssid=bxhfipn0ow0000001784730988506&qH=312f91285e048e09&ov_redirect=true,Intel Core Ultra 5 Processor | 16 GB LPDDR5X RAM | 64 bit Windows 11 Operating System | 512 GB SSD | 39.62 cm (15.6 Inch) Display | MS Office Home and Student 2024 | 1 Year Manufacturer Warranty for Laptop and 6 Months for In-Box Accessories
14,21,"MICROSOFT Surface Laptop 13"" with Microsoft 365 for 6 Months* Snapdragon X Plus - (16 GB/256 GB SSD/Wi...","₹1,00,999",3.6,9 Ratings,https://rukminim2.flixcart.com/image/312/312/xif0q/computer/i/b/x/-original-imahhx4jc3rdptmf.jpeg?q=70,https://www.flipkart.com/microsoft-surface-laptop-13-365-6-months-snapdragon-x-plus-16-gb-256-gb-ssd-windows-11-home-ep2-36996/p/itm4ee6305cb4b81?pid=COMHHX3YYWYQHH2K&lid=LSTCOMHHX3YYWYQHH2KGKKUUB&marketplace=FLIPKART&q=laptop&store=6bo%2Fb5g&srno=s_14_333&otracker=search&fm=organic&iid=0b7fb816-0688-419e-b85c-f2c0a1c18eb9.COMHHX3YYWYQHH2K.SEARCH&ppt=sp&ppn=sp&ssid=bxhfipn0ow0000001784730988506&qH=312f91285e048e09&ov_redirect=true,Snapdragon X Plus Processor | 16 GB LPDDR5X RAM | 64 bit Windows 11 Operating System | 256 GB SSD | 33.02 cm (13 Inch) Touchscreen Display | NA | 1 Year Limited Warranty
14,22,DELL Inspiron 15 (2025) (Core i3 14th Gen) Intel Core 3 100U - (8 GB/512 GB SSD/Windows 11 Home) DC152...,"₹53,990",4.3,193 Ratings,https://rukminim2.flixcart.com/image/312/312/xif0q/computer/1/d/z/-original-imahzy9bu5cyw4qm.jpeg?q=70,https://www.flipkart.com/dell-inspiron-15-2025-core-i3-14th-gen-intel-core-3-100u-8-gb-512-gb-ssd-windows-11-home-dc15250-thin-light-laptop/p/itma84a498e740e1?pid=COMHFSGXNDCHA5QN&lid=LSTCOMHFSGXNDCHA5QN41PO5N&marketplace=FLIPKART&q=laptop&store=6bo%2Fb5g&srno=s_14_334&otracker=search&fm=organic&iid=0b7fb816-0688-419e-b85c-f2c0a1c18eb9.COMHFSGXNDCHA5QN.SEARCH&ppt=sp&ppn=sp&ssid=bxhfipn0ow0000001784730988506&qH=312f91285e048e09&ov_redirect=true,Intel Core 3 Processor | 8 GB DDR4 RAM | Windows 11 Home Operating System | 512 GB SSD | 38.1 cm (15 Inch) Display | 1 Year Onsite Hardware Service
14,23,Acer Nitro V 15 Intel Core i7 13th Gen 13620H - (16 GB/512 GB SSD/Windows 11 Home/8 GB Graphics/NVIDIA...,"₹1,10,000",4.4,93 Ratings,https://rukminim2.flixcart.com/image/312/312/xif0q/computer/h/l/d/-original-imahfvhztrehvhny.jpeg?q=70,https://www.flipkart.com/acer-nitro-v-15-intel-core-i7-13th-gen-13620h-16-gb-512-gb-ssd-windows-11-home-8-graphics-nvidia-geforce-rtx-5050-anv15-52-gaming-laptop/p/itmca41715d4a6d8?pid=COMHEAS2VRPZ8ZBC&lid=LSTCOMHEAS2VRPZ8ZBCDFCALC&marketplace=FLIPKART&q=laptop&store=6bo%2Fb5g&srno=s_14_335&otracker=search&fm=organic&iid=0b7fb816-0688-419e-b85c-f2c0a1c18eb9.COMHEAS2VRPZ8ZBC.SEARCH&ppt=sp&ppn=sp&ssid=bxhfipn0ow0000001784730988506&qH=312f91285e048e09&ov_redirect=true,Intel Core i7 Processor (13th Gen) | 16 GB DDR4 RAM | 64 bit Windows 11 Home Operating System | 512 GB SSD | 39.62 cm (15.6 Inch) Display | 1 Year Warranty
14,24,Currently unavailable,Not Found,4.1,"2,487 Ratings",https://rukminim2.flixcart.com/image/312/312/xif0q/computer/a/a/o/-original-imah7tknwg7brmfv.jpeg?q=70,https://www.flipkart.com/acer-aspire-intel-core-i5-12th-gen-12450h-12-gb-512-gb-ssd-windows-11-home-al15-52h-thin-light-laptop/p/itmc262e2fa338ce?pid=COMH59E4MRQZEJEH&q=laptop&store=6bo%2Fb5g&srno=s_14_336&otracker=search&fm=organic&iid=0b7fb816-0688-419e-b85c-f2c0a1c18eb9.COMH59E4MRQZEJEH.SEARCH&ppt=sp&ppn=sp&ssid=bxhfipn0ow0000001784730988506&qH=312f91285e048e09&ov_redirect=true,Intel Core i5 Processor (12th Gen) | 12 GB LPDDR5 RAM | Windows 11 Home Operating System | 512 GB SSD | 39.62 cm (15.6 Inch) Display | 1 Year Carry-in Warranty
15,1,Samsung Galaxy Book4 Metal Intel Core i5 13th Gen 1335U - (8 GB/512 GB SSD/Windows 11 Home) NP750XGJ-K...,"₹56,990",4.4,"19,735 Ratings",https://rukminim2.flixcart.com/image/312/312/xif0q/computer/k/t/y/-enriched-transparent-original-imahg53xspmfrsdd.png?q=70,https://www.flipkart.com/samsung-galaxy-book4-metal-intel-core-i5-13th-gen-1335u-8-gb-512-gb-ssd-windows-11-home-np750xgj-kg1in-np750xgj-lg1in-np750xgj-lg6in-thin-light-laptop/p/itm1df5212efb9fc?pid=COMGZUYDFZXHWYWZ&lid=LSTCOMGZUYDFZXHWYWZJ6V2KW&marketplace=FLIPKART&q=laptop&store=6bo%2Fb5g&srno=s_15_337&otracker=search&fm=organic&iid=en_RFDnxhq_JlXv5wx-gGB4zbp274nSpisxOiE2GKzehUjPLT5mh0eg3fYcwcRP-8YGsfGME0kkMQMICwGxasfmZSpiZoP3ZcDDMuaOuWFYumOXMCK_4HoiZlio1_iSe-aA&ppt=sp&ppn=sp&ssid=tl9a7tu19c0000001784730993943&qH=312f91285e048e09&ov_redirect=true,Intel Core i5 Processor (13th Gen) | 8 GB LPDDR4X RAM | 64 bit Windows 11 Operating System | 512 GB SSD | 39.62 cm (15.6 Inch) Display | 1 Year Manufacturer Warranty for Laptop and 6 Months for In-Box Accessories
15,2,Samsung Galaxy Book4 Metal Intel Core i3 13th Gen 1315U - (8 GB/512 GB SSD/Windows 11 Home) NP750XGJ-L...,"₹57,490",4.4,"10,670 Ratings",https://rukminim2.flixcart.com/image/312/312/xif0q/computer/q/k/o/-enriched-transparent-original-imahg53xmzmtsynn.png?q=70,https://www.flipkart.com/samsung-galaxy-book4-metal-intel-core-i3-13th-gen-1315u-8-gb-512-gb-ssd-windows-11-home-np750xgj-lg9in-thin-light-laptop/p/itmc29d559898e6f?pid=COMH4Y6KKRC9YSWE&lid=LSTCOMH4Y6KKRC9YSWERDUMZD&marketplace=FLIPKART&q=laptop&store=6bo%2Fb5g&srno=s_15_338&otracker=search&fm=organic&iid=en_RFDnxhq_JlXv5wx-gGB4zbp274nSpisxOiE2GKzehUgsa0dIiM1eB6u0-D12fOgyVqKfzRTPmTYCvEc1OQ2_kCChg9vAnpscSdI7uOc1ZHWXMCK_4HoiZlio1_iSe-aA&ppt=sp&ppn=sp&ssid=tl9a7tu19c0000001784730993943&qH=312f91285e048e09&ov_redirect=true,Intel Core i3 Processor (13th Gen) | 8 GB LPDDR4X RAM | 64 bit Windows 11 Operating System | 512 GB SSD | 39.62 cm (15.6 Inch) Display | 1 Year Onsite Warranty
15,3,Acer Intel Celeron Dual Core N4500 - (12 GB/512 GB SSD/Windows 11 Home) A325-45 Notebook,"₹41,990",3.7,28 Ratings,https://rukminim2.flixcart.com/image/312/312/xif0q/computer/y/u/b/-original-imah2z85brrevahw.jpeg?q=70,https://www.flipkart.com/acer-intel-celeron-dual-core-n4500-12-gb-512-gb-ssd-windows-11-home-a325-45-notebook/p/itm221ab1a19bc6a?pid=COMHJ7VTPXVM2HVY&lid=LSTCOMHJ7VTPXVM2HVY4XXLZD&marketplace=FLIPKART&q=laptop&store=6bo%2Fb5g&srno=s_15_339&otracker=search&fm=organic&iid=a690634d-23cb-40e1-a1d4-7d41119eba01.COMHJ7VTPXVM2HVY.SEARCH&ppt=sp&ppn=sp&ssid=tl9a7tu19c0000001784730993943&qH=312f91285e048e09&ov_redirect=true,Intel Celeron Dual Core Processor | 12 GB LPDDR4X RAM | 64 bit Windows 11 Home Operating System | 512 GB SSD | 39.62 cm (15.6 Inch) Display | 1 Year Limited Warranty
15,4,Lenovo IdeaPad Slim 3 Backlit Intel Core i5 12th Gen 12450H - (16 GB/512 GB SSD/Windows 11 Home) 15IAH...,"₹72,624",4.3,"1,300 Ratings",https://rukminim2.flixcart.com/image/312/312/xif0q/computer/c/c/e/-original-imahg5fytmgbbduv.jpeg?q=70,https://www.flipkart.com/lenovo-ideapad-slim-3-backlit-intel-core-i5-12th-gen-12450h-16-gb-512-gb-ssd-windows-11-home-15iah8-thin-light-laptop/p/itm76f0e5d975817?pid=COMGVQ2Y3ENU2RNV&lid=LSTCOMGVQ2Y3ENU2RNVYWHCRG&marketplace=FLIPKART&q=laptop&store=6bo%2Fb5g&srno=s_15_340&otracker=search&fm=organic&iid=a690634d-23cb-40e1-a1d4-7d41119eba01.COMGVQ2Y3ENU2RNV.SEARCH&ppt=sp&ppn=sp&ssid=tl9a7tu19c0000001784730993943&qH=312f91285e048e09&ov_redirect=true,Intel Core i5 Processor (12th Gen) | 16 GB LPDDR5 RAM | Windows 11 Operating System | 512 GB SSD | 39.62 cm (15.6 Inch) Display | 1 Yr. Onsite + 1 Yr. Accidental Damage Protection
15,5,HP Omnibook 3 2K WUXGA Snapdragon X - (16 GB/512 GB SSD/Windows 11 Home) Omnibook 3 14-hz0024QU Laptop,"₹72,990",4.1,11 Ratings,https://rukminim2.flixcart.com/image/312/312/xif0q/computer/u/e/9/-original-imahzvfcsqpynrcd.jpeg?q=70,https://www.flipkart.com/hp-omnibook-3-2k-wuxga-snapdragon-x-16-gb-512-gb-ssd-windows-11-home-14-hz0024qu-laptop/p/itmbd5346cd09abc?pid=COMHZGK2ACSECZB5&lid=LSTCOMHZGK2ACSECZB52ALLPO&marketplace=FLIPKART&q=laptop&store=6bo%2Fb5g&srno=s_15_341&otracker=search&fm=organic&iid=en_RFDnxhq_JlXv5wx-gGB4zbp274nSpisxOiE2GKzehUhueeRAjjSxVjIbSrU9d9JSQDaMOpjaAqIhVlr2eDOqkK8WMJxc_eOD3pdFe_35DQWXMCK_4HoiZlio1_iSe-aA&ppt=sp&ppn=sp&ssid=tl9a7tu19c0000001784730993943&qH=312f91285e048e09&ov_redirect=true,Snapdragon X Processor | 16 GB LPDDR5X RAM | Windows 11 Home Operating System | 512 GB SSD | 35.56 cm (14 inch) Display | MS Office Home 2024 | 1 Year Onsite Service
15,6,DELL 15 (Previouly Inspiron) AMD Ryzen 5 Quad Core 7520U - (8 GB/512 GB SSD/Windows 11 Home) DC15255 T...,"₹57,990",4.5,6 Ratings,https://rukminim2.flixcart.com/image/312/312/xif0q/computer/m/x/0/-original-imahzv9agugnddrg.jpeg?q=70,https://www.flipkart.com/dell-15-previouly-inspiron-amd-ryzen-5-quad-core-7520u-8-gb-512-gb-ssd-windows-11-home-dc15255-thin-light-laptop/p/itmb80bb4e819164?pid=COMHDXXUHGDCHMQX&lid=LSTCOMHDXXUHGDCHMQXUEUE9X&marketplace=FLIPKART&q=laptop&store=6bo%2Fb5g&srno=s_15_342&otracker=search&fm=organic&iid=en_RFDnxhq_JlXv5wx-gGB4zbp274nSpisxOiE2GKzehUh7ZBbwP0vxUX2yoaXH8AH7KS7KjhXWMehRCKPAR7kLILb6bL0Zx_kaK68EeWHdQeCXMCK_4HoiZlio1_iSe-aA&ppt=sp&ppn=sp&ssid=tl9a7tu19c0000001784730993943&qH=312f91285e048e09&ov_redirect=true,AMD Ryzen 5 Quad Core Processor | 8 GB LPDDR5 RAM | Windows 11 Operating System | 512 GB SSD | 38.1 cm (15 Inch) Display | 1 Year Onsite Warranty
15,7,Acer Aspire 7 Intel Core i5 12th Gen 12450H - (16 GB + 16 GB Optane/512 GB SSD/Windows 11 Home/4 GB Gr...,"₹49,990",4.2,"3,923 Ratings",https://rukminim2.flixcart.com/image/312/312/xif0q/computer/c/i/q/-enriched-transparent-original-imahg5fxrxmyynwg.png?q=70,https://www.flipkart.com/acer-aspire-7-intel-core-i5-12th-gen-12450h-16-gb-16-optane-512-ssd-windows-11-home-4-graphics-nvidia-geforce-rtx-2050-144-hz-50-w-a715-76g-52h4-a715-76g-gaming-laptop/p/itm45fad0c290245?pid=COMGRHJUCYY63HAA&lid=LSTCOMGRHJUCYY63HAA42YLKV&marketplace=FLIPKART&q=laptop&store=6bo%2Fb5g&srno=s_15_343&otracker=search&fm=organic&iid=a690634d-23cb-40e1-a1d4-7d41119eba01.COMGRHJUCYY63HAA.SEARCH&ppt=sp&ppn=sp&ssid=tl9a7tu19c0000001784730993943&qH=312f91285e048e09&ov_redirect=true,Intel Core i5 Processor (12th Gen) | 16 GB DDR4 RAM | Windows 11 Operating System | 512 GB SSD | 39.62 cm (15.6 Inch) Display | 1 Year Onsite Warranty
15,8,DELL Intel Core i5 12th Gen 1235U - (8 GB/512 GB SSD/Windows 11 Home) New Inspiron 15 Laptop Thin and ...,"₹62,626",4.1,694 Ratings,https://rukminim2.flixcart.com/image/312/312/xif0q/computer/r/k/c/-original-imahg4pa5r6wg5xt.jpeg?q=70,https://www.flipkart.com/dell-intel-core-i5-12th-gen-1235u-8-gb-512-gb-ssd-windows-11-home-new-inspiron-15-laptop-thin-light/p/itmbb62f4fcc7145?pid=COMGJ75HAXTTTV58&lid=LSTCOMGJ75HAXTTTV58DKOUI3&marketplace=FLIPKART&q=laptop&store=6bo%2Fb5g&srno=s_15_344&otracker=search&fm=organic&iid=a690634d-23cb-40e1-a1d4-7d41119eba01.COMGJ75HAXTTTV58.SEARCH&ppt=sp&ppn=sp&ssid=tl9a7tu19c0000001784730993943&qH=312f91285e048e09&ov_redirect=true,"Processor: Intel i5-1235U (Base- 3.30 GHz & Turbo up to 4.40 GHz) 10 Cores | RAM & Storage: 8GB DDR4 & 512GB SSD | Graphics & Keyboard: Integrated & Standard Keyboard | Display: 15.6"" FHD WVA AG 120Hz 250 nits Narrow Border | Intel Core i5 Processor (12th Gen) | 8 GB DDR4 RAM | 64 bit Windows 11 Operating System | 512 GB SSD | 38.0 cm (14.96 Inch) Display | 1 Year Onsite Hardware Service"
15,9,HP Omnibook 3 AMD Ryzen AI 5 Hexa Core - (16 GB/512 GB SSD/Windows 11 Home) 15-fn0007AU Thin and Light...,"₹62,090",4.1,40 Ratings,https://rukminim2.flixcart.com/image/312/312/xif0q/computer/f/o/u/omnibook-3-ngai-thin-and-light-laptop-hp-original-imahcxyrftbs73tg.jpeg?q=70,https://www.flipkart.com/hp-omnibook-3-amd-ryzen-ai-5-hexa-core-16-gb-512-gb-ssd-windows-11-home-15-fn0007au-thin-light-laptop/p/itm991fff3486d7e?pid=COMHCRP9G9TJHZZM&lid=LSTCOMHCRP9G9TJHZZMQEWJCQ&marketplace=FLIPKART&q=laptop&store=6bo%2Fb5g&srno=s_15_345&otracker=search&fm=organic&iid=a690634d-23cb-40e1-a1d4-7d41119eba01.COMHCRP9G9TJHZZM.SEARCH&ppt=sp&ppn=sp&ssid=tl9a7tu19c0000001784730993943&qH=312f91285e048e09&ov_redirect=true,"AMD Ryzen AI 5 Hexa Core Processor | 16 GB DDR5 RAM | Windows 11 Home Operating System | 512 GB SSD | 39.62 cm (15.6 Inch) Display | MS Office Home 2024, Misc PC Game Pass DA 3M | 1 Year Onsite Warranty"
15,10,Acer Swift Neo Office 2024 + M365 Basic Intel Core Ultra 5 115U - (16 GB/512 GB SSD/Windows 11 Home) S...,"₹62,990",4.2,"1,855 Ratings",https://rukminim2.flixcart.com/image/312/312/xif0q/computer/b/k/g/-original-imahgx8wgjy8ayth.jpeg?q=70,https://www.flipkart.com/acer-swift-neo-office-2024-m365-basic-intel-core-ultra-5-115u-16-gb-512-gb-ssd-windows-11-home-sfn14-54h-thin-light-laptop/p/itm336e8b0523178?pid=COMHFCR6Z9FAXPDG&lid=LSTCOMHFCR6Z9FAXPDG4ZSXU8&marketplace=FLIPKART&q=laptop&store=6bo%2Fb5g&srno=s_15_346&otracker=search&fm=organic&iid=a690634d-23cb-40e1-a1d4-7d41119eba01.COMHFCR6Z9FAXPDG.SEARCH&ppt=sp&ppn=sp&ssid=tl9a7tu19c0000001784730993943&qH=312f91285e048e09&ov_redirect=true,Intel Core Ultra 5 Processor | 16 GB LPDDR5 RAM | 64 bit Windows 11 Home Operating System | 512 GB SSD | 35.56 cm (14 Inch) Display | 1 Year Warranty
15,11,HP 15 (i5 14th Gen) Intel Core 5 120U - (24 GB/512 GB SSD/Windows 11 Home) 15-fd0262TU Thin and Light ...,"₹82,990",4.2,195 Ratings,https://rukminim2.flixcart.com/image/312/312/xif0q/computer/z/i/b/-original-imahzu4rwxnezv9x.jpeg?q=70,https://www.flipkart.com/hp-15-i5-14th-gen-intel-core-5-120u-24-gb-512-gb-ssd-windows-11-home-15-fd0262tu-thin-light-laptop/p/itm027a3317f4ff9?pid=COMHM94A7PHVCQT7&lid=LSTCOMHM94A7PHVCQT7QTPOH7&marketplace=FLIPKART&q=laptop&store=6bo%2Fb5g&srno=s_15_347&otracker=search&fm=organic&iid=en_RFDnxhq_JlXv5wx-gGB4zbp274nSpisxOiE2GKzehUhLyxbzv-k_m4_JnNHMq4zSajNODExQ3AD2YwLVEpFEnL-0TByd-y2aowfbZcqv2qCXMCK_4HoiZlio1_iSe-aA&ppt=sp&ppn=sp&ssid=tl9a7tu19c0000001784730993943&qH=312f91285e048e09&ov_redirect=true,Intel Core 5 Processor | 24 GB DDR5 RAM | Windows 11 Home Operating System | 512 GB SSD | 39.62 cm (15.6 inch) Display | Microsoft Office Home 2024 (Lifetime Validity ) + Microsoft 365(1-Year Validity) | 1 Year Onsite Service
15,12,HP 14 AI PC Intel Core Ultra 7 155H - (16 GB/512 GB SSD/Windows 11 Home) 14-ep1151TU/14-gr1036TU/14-ep...,"₹79,990",4.1,790 Ratings,https://rukminim2.flixcart.com/image/312/312/xif0q/computer/o/9/k/-original-imahgry8nwkejmae.jpeg?q=70,https://www.flipkart.com/hp-14-ai-pc-intel-core-ultra-7-155h-16-gb-512-gb-ssd-windows-11-home-14-ep1151tu-14-gr1036tu-14-ep1151tu-thin-light-laptop/p/itm4c681812b88bf?pid=COMHF8G932EYZAJF&lid=LSTCOMHF8G932EYZAJFOUI9CA&marketplace=FLIPKART&q=laptop&store=6bo%2Fb5g&srno=s_15_348&otracker=search&fm=organic&iid=en_RFDnxhq_JlXv5wx-gGB4zbp274nSpisxOiE2GKzehUj_bC4zsMvXV7xB11kIBcYfq1hjzYDbDbYctS2-qOIVIqU4JGq2qGfuCYjFJWjKqlTlCginEPHIewqA9Otky2wq&ppt=sp&ppn=sp&ssid=tl9a7tu19c0000001784730993943&qH=312f91285e048e09&ov_redirect=true,Intel Core Ultra 7 Processor | 16 GB DDR5 RAM | Windows 11 Home Operating System | 512 GB SSD | 35.56 cm (14 Inch) Display | 1 Year Onsite Warranty
15,13,ASUS Vivobook Go 15 AMD Ryzen 5 Quad Core 7520U - (16 GB/512 GB SSD/Windows 11 Home) E1504FA-NJ5542WS ...,"₹58,773",4.3,"1,845 Ratings",https://rukminim2.flixcart.com/image/312/312/xif0q/computer/f/6/r/-original-imahg53uvtcffmvf.jpeg?q=70,https://www.flipkart.com/asus-vivobook-go-15-amd-ryzen-5-quad-core-7520u-16-gb-512-gb-ssd-windows-11-home-e1504fa-nj5542ws-e1504fa-nj1505ws-e1504fa-bq2414ws-thin-light-laptop/p/itm1af16aa906cf4?pid=COMH8VXVXPVQTHHR&lid=LSTCOMH8VXVXPVQTHHR13JD7X&marketplace=FLIPKART&q=laptop&store=6bo%2Fb5g&srno=s_15_349&otracker=search&fm=organic&iid=a690634d-23cb-40e1-a1d4-7d41119eba01.COMH8VXVXPVQTHHR.SEARCH&ppt=sp&ppn=sp&ssid=tl9a7tu19c0000001784730993943&qH=312f91285e048e09&ov_redirect=true,AMD Ryzen 5 Quad Core Processor | 16 GB LPDDR5 RAM | Windows 11 Home Operating System | 512 GB SSD | 39.62 cm (15.6 Inch) Display | Microsoft Office Home 2024 + Microsoft 365 Basic | 1 Year Carry-in Warranty
15,14,MSI Vector A18 HX AMD Ryzen 9 16 Core 9955HX - (32 GB/2 TB SSD/Windows 11 Home/12 GB Graphics/NVIDIA G...,"₹2,69,990",4.1,9 Ratings,https://rukminim2.flixcart.com/image/312/312/xif0q/computer/z/f/s/-original-imahb8znz29g8fuu.jpeg?q=70,https://www.flipkart.com/msi-vector-a18-hx-amd-ryzen-9-16-core-9955hx-32-gb-2-tb-ssd-windows-11-home-12-gb-graphics-nvidia-geforce-rtx-5070-ti-240-hz-a9whg-033in-gaming-laptop/p/itm95880faba07ce?pid=COMH9DHFH29YBMED&lid=LSTCOMH9DHFH29YBMEDS6JTOX&marketplace=FLIPKART&q=laptop&store=6bo%2Fb5g&srno=s_15_350&otracker=search&fm=organic&iid=a690634d-23cb-40e1-a1d4-7d41119eba01.COMH9DHFH29YBMED.SEARCH&ppt=sp&ppn=sp&ssid=tl9a7tu19c0000001784730993943&qH=312f91285e048e09&ov_redirect=true,AMD Ryzen 9 16 Core Processor | 32 GB DDR5 RAM | 64 bit Windows 11 Operating System | 2 TB SSD | 45.72 cm (18 Inch) Display | 2 Year On-Site Warranty
15,15,HP 14 AI PC Intel Core Ultra 7 155H - (16 GB/1 TB SSD/Windows 11 Home) 14-ep1152TU Thin and Light Lapt...,"₹85,990",4.1,790 Ratings,https://rukminim2.flixcart.com/image/312/312/xif0q/computer/a/h/z/-original-imahgh9exfmtg44y.jpeg?q=70,https://www.flipkart.com/hp-14-ai-pc-intel-core-ultra-7-155h-16-gb-1-tb-ssd-windows-11-home-14-ep1152tu-thin-light-laptop/p/itm448874079369f?pid=COMHG98EXZ3AJYZN&lid=LSTCOMHG98EXZ3AJYZNODD67U&marketplace=FLIPKART&q=laptop&store=6bo%2Fb5g&srno=s_15_351&otracker=search&fm=organic&iid=en_RFDnxhq_JlXv5wx-gGB4zbp274nSpisxOiE2GKzehUiGeHe2aDiVJvIp27As6XAYC6YBzjaUMmK47SGkba_3oSGkgDYpheMzpTOfbcb9jJrlCginEPHIewqA9Otky2wq&ppt=sp&ppn=sp&ssid=tl9a7tu19c0000001784730993943&qH=312f91285e048e09&ov_redirect=true,Intel Core Ultra 7 Processor | 16 GB DDR5 RAM | Windows 11 Home Operating System | 1 TB SSD | 35.56 cm (14 Inch) Display | 1 Year Onsite Warranty
15,16,Samsung Galaxy Book5 AI Metal Intel Core Ultra 5 225U - (16 GB/512 GB SSD/Windows 11 Home) NP750XHD Th...,"₹84,990",4.6,837 Ratings,https://rukminim2.flixcart.com/image/312/312/xif0q/computer/0/2/e/-original-imahzcf3jkkjkhgc.jpeg?q=70,https://www.flipkart.com/samsung-galaxy-book5-ai-metal-intel-core-ultra-5-225u-16-gb-512-gb-ssd-windows-11-home-np750xhd-thin-light-laptop/p/itmc33d2563d0ffc?pid=COMHE4ATPCZ9FXRP&lid=LSTCOMHE4ATPCZ9FXRP7N1GVG&marketplace=FLIPKART&q=laptop&store=6bo%2Fb5g&srno=s_15_352&otracker=search&fm=organic&iid=en_RFDnxhq_JlXv5wx-gGB4zbp274nSpisxOiE2GKzehUjPadSWENYOrKM_hF8QHshY3WHJiuMjlX0EHxFVCjPkyeUBYPBIqgZE3mSuDz4HsbmXMCK_4HoiZlio1_iSe-aA&ppt=sp&ppn=sp&ssid=tl9a7tu19c0000001784730993943&qH=312f91285e048e09&ov_redirect=true,Intel Core Ultra 5 Processor | 16 GB LPDDR5X RAM | 64 bit Windows 11 Operating System | 512 GB SSD | 39.62 cm (15.6 Inch) Display | MS Office Home and Student 2024 | 1 Year Manufacturer Warranty for Laptop and 6 Months for In-Box Accessories
15,17,ASUS Vivobook Go 15 (2026) with Office 2024 + M365 Basic* AMD Ryzen 3 Quad Core 30 - (16 GB/512 GB SSD...,"₹57,990",4,25 Ratings,https://rukminim2.flixcart.com/image/312/312/xif0q/computer/1/y/h/-original-imahmeb3sxsjugfc.jpeg?q=70,https://www.flipkart.com/asus-vivobook-go-15-2026-office-2024-m365-basic-amd-ryzen-3-quad-core-30-16-gb-512-gb-ssd-windows-11-home-e1504fa-bq3468ws-thin-light-laptop/p/itma87dd7c7161b4?pid=COMHKDXBZBFHAFZY&lid=LSTCOMHKDXBZBFHAFZY7XEQGC&marketplace=FLIPKART&q=laptop&store=6bo%2Fb5g&srno=s_15_353&otracker=search&fm=organic&iid=a690634d-23cb-40e1-a1d4-7d41119eba01.COMHKDXBZBFHAFZY.SEARCH&ppt=sp&ppn=sp&ssid=tl9a7tu19c0000001784730993943&qH=312f91285e048e09&ov_redirect=true,"AMD Ryzen 3 Quad Core Processor | 16 GB DDR5 RAM | Windows 11 Home Operating System | 512 GB SSD | 39.62 cm (15.6 inch) Display | MSO 2024 for lifetime + Microsoft 365 Basic with 100GB Cloud Storage for 1 Year, One-Month Membership of Adobe Creative Cloud All Apps, McAfee 1 year | 1 Year Onsite Warranty"
15,18,HP 15s Intel Core i3 11th Gen 1115G4 - (8 GB/1 TB HDD/Windows 10 Home) 15s-dy3001TU Thin and Light Lap...,"₹48,933",3.7,15 Ratings,https://rukminim2.flixcart.com/image/312/312/xif0q/computer/1/q/r/-original-imagp7pfaahdfnur.jpeg?q=70,https://www.flipkart.com/hp-15s-intel-core-i3-11th-gen-1115g4-8-gb-1-tb-hdd-windows-10-home-15s-dy3001tu-thin-light-laptop/p/itm618e00eca4b48?pid=COMGYZPAMNSCMYFZ&lid=LSTCOMGYZPAMNSCMYFZLDXFOV&marketplace=FLIPKART&q=laptop&store=6bo%2Fb5g&srno=s_15_354&otracker=search&fm=organic&iid=a690634d-23cb-40e1-a1d4-7d41119eba01.COMGYZPAMNSCMYFZ.SEARCH&ppt=sp&ppn=sp&ssid=tl9a7tu19c0000001784730993943&qH=312f91285e048e09&ov_redirect=true,"Intel Core i3 Processor (11th Gen) | 8 GB DDR4 RAM | 64 bit Windows 10 Operating System | 1 TB HDD | 39.62 cm (15.6 Inch) Display | Microsoft Office Home & Student 2019, HP Documentation, HP BIOS Recovery, HP Smart | 1 Year Onsite Warranty"
15,19,Lenovo IdeaPad Slim 3 Intel Core i5 13th Gen 13420H - (16 GB/512 GB SSD/Windows 11 Home) 15IRH8 Thin a...,"₹72,624",4.3,847 Ratings,https://rukminim2.flixcart.com/image/312/312/xif0q/computer/d/n/9/-enriched-transparent-original-imahg4uttsgjbwez.png?q=70,https://www.flipkart.com/lenovo-ideapad-slim-3-intel-core-i5-13th-gen-13420h-16-gb-512-gb-ssd-windows-11-home-15irh8-thin-light-laptop/p/itm460c3a65056e4?pid=COMGVQ2YB9SU8KMF&lid=LSTCOMGVQ2YB9SU8KMFUATLYC&marketplace=FLIPKART&q=laptop&store=6bo%2Fb5g&srno=s_15_355&otracker=search&fm=organic&iid=a690634d-23cb-40e1-a1d4-7d41119eba01.COMGVQ2YB9SU8KMF.SEARCH&ppt=sp&ppn=sp&ssid=tl9a7tu19c0000001784730993943&qH=312f91285e048e09&ov_redirect=true,Intel Core i5 Processor (13th Gen) | 16 GB LPDDR5 RAM | 64 bit Windows 11 Operating System | 512 GB SSD | 39.62 cm (15.6 Inch) Display | 1 Yr. Onsite + 1 Yr. Accidental Damage Protection
15,20,"ASUS V16 (2025) for Creator with Office 2024 + M365 Basic*,AI PC (i5 14th Gen) Intel Core 5 210H - (16...","₹86,222",4.4,51 Ratings,https://rukminim2.flixcart.com/image/312/312/xif0q/computer/g/u/1/-original-imahjzm8xztrbesv.jpeg?q=70,https://www.flipkart.com/asus-v16-2025-creator-office-2024-m365-basic-ai-pc-i5-14th-gen-intel-core-5-210h-16-gb-512-gb-ssd-windows-11-home-6-graphics-intel-graphics-nvidia-geforce-rtx-3050-144-ghz-v3607vj-rp134ws-gaming-laptop/p/itm6b4d22acee621?pid=COMHGSA9XKTADPGD&lid=LSTCOMHGSA9XKTADPGDAZ5GW0&marketplace=FLIPKART&q=laptop&store=6bo%2Fb5g&srno=s_15_356&otracker=search&fm=organic&iid=a690634d-23cb-40e1-a1d4-7d41119eba01.COMHGSA9XKTADPGD.SEARCH&ppt=sp&ppn=sp&ssid=tl9a7tu19c0000001784730993943&qH=312f91285e048e09&ov_redirect=true,"Intel Core 5 Processor | 16 GB DDR5 RAM | Windows 11 Home Operating System | 512 GB SSD | 40.64 cm (16 Inch) Display | Microsoft Office Home 2024 (Lifetime Validity ) + Microsoft 365 Basic*(1-Year Validity), McAfee 1 year, Xbox Game Pass for 3 months | 1 Year Onsite Warranty"
15,21,Samsung Galaxy Book5 AI Metal Intel Core Ultra 7 255U - (16 GB/512 GB SSD/Windows 11 Home) NP750XHD Th...,"₹91,990",4.6,463 Ratings,https://rukminim2.flixcart.com/image/312/312/xif0q/computer/0/2/e/-original-imahzcf3jkkjkhgc.jpeg?q=70,https://www.flipkart.com/samsung-galaxy-book5-ai-metal-intel-core-ultra-7-255u-16-gb-512-gb-ssd-windows-11-home-np750xhd-thin-light-laptop/p/itma9c081cdbe95d?pid=COMHE4ATBCUTGUYT&lid=LSTCOMHE4ATBCUTGUYTJZ7NHN&marketplace=FLIPKART&q=laptop&store=6bo%2Fb5g&srno=s_15_357&otracker=search&fm=organic&iid=en_RFDnxhq_JlXv5wx-gGB4zbp274nSpisxOiE2GKzehUj6tImr8ouvt1ZKtc2F4iuY_54vlUw9QAlUFlRYR6QtY8H5LP6GMXD1iSKF2pPmS-SXMCK_4HoiZlio1_iSe-aA&ppt=sp&ppn=sp&ssid=tl9a7tu19c0000001784730993943&qH=312f91285e048e09&ov_redirect=true,Intel Core Ultra 7 Processor | 16 GB LPDDR5X RAM | 64 bit Windows 11 Operating System | 512 GB SSD | 39.62 cm (15.6 Inch) Display | MS Office Home and Student 2024 | 1 Year Manufacturer Warranty for Laptop and 6 Months for In-Box Accessories
15,22,HP AMD Ryzen 5 Quad Core 7520U - (8 GB/512 GB SSD/Windows 11 Home) 15-fc0805AU Thin and Light Laptop,"₹61,990",4.2,518 Ratings,https://rukminim2.flixcart.com/image/312/312/xif0q/computer/u/y/1/-original-imahhw6hvptke89v.jpeg?q=70,https://www.flipkart.com/hp-amd-ryzen-5-quad-core-7520u-8-gb-512-gb-ssd-windows-11-home-15-fc0805au-thin-light-laptop/p/itm044828973e180?pid=COMHH6Q4E6HYUURM&lid=LSTCOMHH6Q4E6HYUURMEMAVL7&marketplace=FLIPKART&q=laptop&store=6bo%2Fb5g&srno=s_15_358&otracker=search&fm=organic&iid=en_RFDnxhq_JlXv5wx-gGB4zbp274nSpisxOiE2GKzehUgwLOKTYulBpCSDP8_l8bCVsOd6KuVqwHDFy0J29HO5TOevpcpIWiH_FUztnfn_SSwSxSd2Yb3xCpOnMI31e8Dq&ppt=sp&ppn=sp&ssid=tl9a7tu19c0000001784730993943&qH=312f91285e048e09&ov_redirect=true,AMD Ryzen 5 Quad Core Processor | 8 GB LPDDR5 RAM | Windows 11 Home Operating System | 512 GB SSD | 39.62 cm (15.6 inch) Display | MS Office Home 2024 + MISC PC Game Pass DA 3M | 1 Year Onsite Service
15,23,ASUS Vivobook S14 OLED Intel Core i5 12th Gen 12500H - (16 GB/512 GB SSD/Windows 11 Home) S3402ZA-KM50...,"₹70,990",4.4,"4,756 Ratings",https://rukminim2.flixcart.com/image/312/312/xif0q/computer/g/a/h/-original-imahg533r37jz2wj.jpeg?q=70,https://www.flipkart.com/asus-vivobook-s14-oled-intel-core-i5-12th-gen-12500h-16-gb-512-gb-ssd-windows-11-home-s3402za-km501ws-thin-light-laptop/p/itm635eb6df61d1c?pid=COMGCG2GXUAAMYJF&lid=LSTCOMGCG2GXUAAMYJFOJKKYY&marketplace=FLIPKART&q=laptop&store=6bo%2Fb5g&srno=s_15_359&otracker=search&fm=organic&iid=a690634d-23cb-40e1-a1d4-7d41119eba01.COMGCG2GXUAAMYJF.SEARCH&ppt=sp&ppn=sp&ssid=tl9a7tu19c0000001784730993943&qH=312f91285e048e09&ov_redirect=true,Intel Core i5 Processor (12th Gen) | 16 GB DDR4 RAM | 64 bit Windows 11 Operating System | 512 GB SSD | 35.56 cm (14 Inch) Display | 1 Year Onsite Warranty
15,24,Infinix ZEROBOOK 13 Intel Intel Core i7 13th Gen 13700H - (16 GB/512 GB SSD/Windows 11 Home) ZL513 Thi...,"₹99,990",4.2,359 Ratings,https://rukminim2.flixcart.com/image/312/312/xif0q/computer/j/r/c/-enriched-transparent-original-imahg53x5n2zk5gq.png?q=70,https://www.flipkart.com/infinix-zerobook-13-intel-core-i7-13th-gen-13700h-16-gb-512-gb-ssd-windows-11-home-zl513-thin-light-laptop/p/itmad7e026e8b8c5?pid=COMGRFPGDHCJWAMX&lid=LSTCOMGRFPGDHCJWAMXVUROLP&marketplace=FLIPKART&q=laptop&store=6bo%2Fb5g&srno=s_15_360&otracker=search&fm=organic&iid=a690634d-23cb-40e1-a1d4-7d41119eba01.COMGRFPGDHCJWAMX.SEARCH&ppt=sp&ppn=sp&ssid=tl9a7tu19c0000001784730993943&qH=312f91285e048e09&ov_redirect=true,Intel Core i7 Processor (13th Gen) | 16 GB LPDDR5X RAM | Windows 11 Operating System | 512 GB SSD | 38.86 cm (15.3 Inch) Display | 1 Year Onsite Warranty
16,1,Samsung Galaxy Book4 Metal Intel Core i5 13th Gen 1335U - (8 GB/512 GB SSD/Windows 11 Home) NP750XGJ-K...,"₹56,990",4.4,"19,735 Ratings",https://rukminim2.flixcart.com/image/312/312/xif0q/computer/k/t/y/-enriched-transparent-original-imahg53xspmfrsdd.png?q=70,https://www.flipkart.com/samsung-galaxy-book4-metal-intel-core-i5-13th-gen-1335u-8-gb-512-gb-ssd-windows-11-home-np750xgj-kg1in-np750xgj-lg1in-np750xgj-lg6in-thin-light-laptop/p/itm1df5212efb9fc?pid=COMGZUYDFZXHWYWZ&lid=LSTCOMGZUYDFZXHWYWZJ6V2KW&marketplace=FLIPKART&q=laptop&store=6bo%2Fb5g&srno=s_16_361&otracker=search&fm=organic&iid=en_72249mJvPu-LQEMY4u6rcj498Mge8K3AXpxWZubNo7l2fD4yrISz7SB0dQWrUCTxsfGME0kkMQMICwGxasfmZSpiZoP3ZcDDMuaOuWFYumMXcHafzxkgImFZVj1dOosf&ppt=sp&ppn=sp&ssid=ev4ptcp0000000001784730999209&qH=312f91285e048e09&ov_redirect=true,Intel Core i5 Processor (13th Gen) | 8 GB LPDDR4X RAM | 64 bit Windows 11 Operating System | 512 GB SSD | 39.62 cm (15.6 Inch) Display | 1 Year Manufacturer Warranty for Laptop and 6 Months for In-Box Accessories
16,2,Samsung Galaxy Book4 Metal Intel Core i3 13th Gen 1315U - (8 GB/512 GB SSD/Windows 11 Home) NP750XGJ-L...,"₹57,490",4.4,"10,670 Ratings",https://rukminim2.flixcart.com/image/312/312/xif0q/computer/q/k/o/-enriched-transparent-original-imahg53xmzmtsynn.png?q=70,https://www.flipkart.com/samsung-galaxy-book4-metal-intel-core-i3-13th-gen-1315u-8-gb-512-gb-ssd-windows-11-home-np750xgj-lg9in-thin-light-laptop/p/itmc29d559898e6f?pid=COMH4Y6KKRC9YSWE&lid=LSTCOMH4Y6KKRC9YSWERDUMZD&marketplace=FLIPKART&q=laptop&store=6bo%2Fb5g&srno=s_16_362&otracker=search&fm=organic&iid=en_72249mJvPu-LQEMY4u6rcj498Mge8K3AXpxWZubNo7nrKokSw-y47LJ_X2uKyY0pVqKfzRTPmTYCvEc1OQ2_kCChg9vAnpscSdI7uOc1ZHUXcHafzxkgImFZVj1dOosf&ppt=sp&ppn=sp&ssid=ev4ptcp0000000001784730999209&qH=312f91285e048e09&ov_redirect=true,Intel Core i3 Processor (13th Gen) | 8 GB LPDDR4X RAM | 64 bit Windows 11 Operating System | 512 GB SSD | 39.62 cm (15.6 Inch) Display | 1 Year Onsite Warranty
16,3,Lenovo IdeaPad Slim 5 AMD Ryzen AI 5 Quad Core AI 5 330 - (16 GB/512 GB SSD/Windows 11 Home) 14AKP10 T...,"₹75,990",4,5 Ratings,https://rukminim2.flixcart.com/image/312/312/xif0q/computer/2/m/z/-original-imahg5zhk68kyxft.jpeg?q=70,https://www.flipkart.com/lenovo-ideapad-slim-5-amd-ryzen-ai-quad-core-330-16-gb-512-gb-ssd-windows-11-home-14akp10-thin-light-laptop/p/itma1b2b7a459656?pid=COMHG4WWVPST88B3&lid=LSTCOMHG4WWVPST88B3DBQZ1X&marketplace=FLIPKART&q=laptop&store=6bo%2Fb5g&srno=s_16_363&otracker=search&fm=organic&iid=ad76d888-6edf-4c0a-94e4-fbd4f6028269.COMHG4WWVPST88B3.SEARCH&ppt=sp&ppn=sp&ssid=ev4ptcp0000000001784730999209&qH=312f91285e048e09&ov_redirect=true,AMD Ryzen AI 5 Quad Core Processor | 16 GB DDR5 RAM | Windows 11 Home Operating System | 512 GB SSD | 35.56 cm (14 Inch) Display | Microsoft 365 Basic + Office Home 2024 | 1 Year Carry-in Warranty
16,4,DELL Inspiron 3530 (2026) Intel Core i5 13th Gen 1334U - (8 GB/512 GB SSD/Windows 11 Home) Inspiron 35...,"₹64,990",4.3,"1,450 Ratings",https://rukminim2.flixcart.com/image/312/312/xif0q/computer/u/m/v/-original-imah8pshmdu2fezx.jpeg?q=70,https://www.flipkart.com/dell-inspiron-3530-2026-intel-core-i5-13th-gen-1334u-8-gb-512-gb-ssd-windows-11-home-15-dc-15250-thin-light-laptop/p/itm672bf7685863c?pid=COMH8EPFKUECHFVR&lid=LSTCOMH8EPFKUECHFVRPWSCCI&marketplace=FLIPKART&q=laptop&store=6bo%2Fb5g&srno=s_16_364&otracker=search&fm=organic&iid=ad76d888-6edf-4c0a-94e4-fbd4f6028269.COMH8EPFKUECHFVR.SEARCH&ppt=sp&ppn=sp&ssid=ev4ptcp0000000001784730999209&qH=312f91285e048e09&ov_redirect=true,Intel Core i5 Processor (13th Gen) | 8 GB DDR4 RAM | Windows 11 Operating System | 512 GB SSD | 39.62 cm (15.6 Inch) Display | 1 Year Onsite Warranty
16,5,HP 15 G10 (2025) AMD Athlon Dual Core 7120U - (8 GB/256 GB SSD/Windows 11 Home) 15 G10 Thin and Light ...,"₹42,500",4,398 Ratings,https://rukminim2.flixcart.com/image/312/312/xif0q/computer/c/3/3/15-g10-thin-and-light-laptop-hp-original-imah9z2bfz8x4ysf.jpeg?q=70,https://www.flipkart.com/hp-15-g10-2025-amd-athlon-dual-core-7120u-8-gb-256-gb-ssd-windows-11-home-thin-light-laptop/p/itm0801fb35a64f2?pid=COMH9Z2CMDZNBKGS&lid=LSTCOMH9Z2CMDZNBKGSF0FJ0P&marketplace=FLIPKART&q=laptop&store=6bo%2Fb5g&srno=s_16_365&otracker=search&fm=organic&iid=ad76d888-6edf-4c0a-94e4-fbd4f6028269.COMH9Z2CMDZNBKGS.SEARCH&ppt=sp&ppn=sp&ssid=ev4ptcp0000000001784730999209&qH=312f91285e048e09&ov_redirect=true,"AMD Athlon Dual Core Processor | 8 GB DDR4 RAM | 64 bit Windows 11 Home Operating System | 256 GB SSD | 39.62 cm (15.6 Inch) Display | Microsoft Office 2021, Windows 11 Home | 1 Year Onsite Warranty"
16,6,Acer Aspire 7 Intel Core i5 12th Gen 12450H - (8 GB/512 GB SSD/Windows 11 Home/4 GB Graphics/NVIDIA Ge...,"₹83,999",4.2,"3,923 Ratings",https://rukminim2.flixcart.com/image/312/312/xif0q/computer/c/i/q/-enriched-transparent-original-imahg5fxrxmyynwg.png?q=70,https://www.flipkart.com/acer-aspire-7-intel-core-i5-12th-gen-12450h-8-gb-512-gb-ssd-windows-11-home-4-graphics-nvidia-geforce-rtx-nvidia-2050-144-hz-a715-76g-59wg-gaming-laptop/p/itm45fad0c290245?pid=COMGRHJUAHMRWTHH&lid=LSTCOMGRHJUAHMRWTHHCS64PV&marketplace=FLIPKART&q=laptop&store=6bo%2Fb5g&srno=s_16_366&otracker=search&fm=organic&iid=ad76d888-6edf-4c0a-94e4-fbd4f6028269.COMGRHJUAHMRWTHH.SEARCH&ppt=sp&ppn=sp&ssid=ev4ptcp0000000001784730999209&qH=312f91285e048e09&ov_redirect=true,Intel Core i5 Processor (12th Gen) | 8 GB DDR4 RAM | Windows 11 Operating System | 512 GB SSD | 39.62 cm (15.6 Inch) Display | 1 Year Onsite Warranty
16,7,HP Omnibook 3 2K WUXGA Snapdragon X - (16 GB/512 GB SSD/Windows 11 Home) Omnibook 3 14-hz0024QU Laptop,"₹72,990",4.1,11 Ratings,https://rukminim2.flixcart.com/image/312/312/xif0q/computer/u/e/9/-original-imahzvfcsqpynrcd.jpeg?q=70,https://www.flipkart.com/hp-omnibook-3-2k-wuxga-snapdragon-x-16-gb-512-gb-ssd-windows-11-home-14-hz0024qu-laptop/p/itmbd5346cd09abc?pid=COMHZGK2ACSECZB5&lid=LSTCOMHZGK2ACSECZB52ALLPO&marketplace=FLIPKART&q=laptop&store=6bo%2Fb5g&srno=s_16_367&otracker=search&fm=organic&iid=en_72249mJvPu-LQEMY4u6rcj498Mge8K3AXpxWZubNo7kCav6xTVKsnJAACBJXXZxlQDaMOpjaAqIhVlr2eDOqkK8WMJxc_eOD3pdFe_35DQUXcHafzxkgImFZVj1dOosf&ppt=sp&ppn=sp&ssid=ev4ptcp0000000001784730999209&qH=312f91285e048e09&ov_redirect=true,Snapdragon X Processor | 16 GB LPDDR5X RAM | Windows 11 Home Operating System | 512 GB SSD | 35.56 cm (14 inch) Display | MS Office Home 2024 | 1 Year Onsite Service
16,8,DELL 15 (Previouly Inspiron) AMD Ryzen 5 Quad Core 7520U - (8 GB/512 GB SSD/Windows 11 Home) DC15255 T...,"₹57,990",4.5,6 Ratings,https://rukminim2.flixcart.com/image/312/312/xif0q/computer/m/x/0/-original-imahzv9agugnddrg.jpeg?q=70,https://www.flipkart.com/dell-15-previouly-inspiron-amd-ryzen-5-quad-core-7520u-8-gb-512-gb-ssd-windows-11-home-dc15255-thin-light-laptop/p/itmb80bb4e819164?pid=COMHDXXUHGDCHMQX&lid=LSTCOMHDXXUHGDCHMQXUEUE9X&marketplace=FLIPKART&q=laptop&store=6bo%2Fb5g&srno=s_16_368&otracker=search&fm=organic&iid=en_72249mJvPu-LQEMY4u6rcj498Mge8K3AXpxWZubNo7nVUaXEVcaj8bjhlG5LRsOiKS7KjhXWMehRCKPAR7kLILb6bL0Zx_kaK68EeWHdQeAXcHafzxkgImFZVj1dOosf&ppt=sp&ppn=sp&ssid=ev4ptcp0000000001784730999209&qH=312f91285e048e09&ov_redirect=true,AMD Ryzen 5 Quad Core Processor | 8 GB LPDDR5 RAM | Windows 11 Operating System | 512 GB SSD | 38.1 cm (15 Inch) Display | 1 Year Onsite Warranty
16,9,"ASUS Vivobook 14 (2025) with Office 2024 + M365 Basic*, Backlit Keyboard, Snapdragon X - (16 GB/512 GB...","₹68,200",4.4,693 Ratings,https://rukminim2.flixcart.com/image/312/312/xif0q/computer/z/r/b/-original-imahgfdfczhas5eg.jpeg?q=70,https://www.flipkart.com/asus-vivobook-14-2025-office-2024-m365-basic-backlit-keyboard-snapdragon-x-16-gb-512-gb-ssd-windows-11-home-x1407qa-ly058ws-thin-light-laptop/p/itmdd8d45d692530?pid=COMHCQ5ED4R4MAEX&lid=LSTCOMHCQ5ED4R4MAEXTVKTLC&marketplace=FLIPKART&q=laptop&store=6bo%2Fb5g&srno=s_16_369&otracker=search&fm=organic&iid=ad76d888-6edf-4c0a-94e4-fbd4f6028269.COMHCQ5ED4R4MAEX.SEARCH&ppt=sp&ppn=sp&ssid=ev4ptcp0000000001784730999209&qH=312f91285e048e09&ov_redirect=true,"Snapdragon X Processor | 16 GB LPDDR5X RAM | Windows 11 Home Operating System | 512 GB SSD | 35.56 cm (14 Inch) Display | Microsoft Office Home 2024 (Lifetime Validity ) + Microsoft 365 Basic*(1-Year Validity), One-Month Membership of Adobe Creative Cloud All Apps | 1 Year Onsite Warranty"
16,10,MSI Modern 15 Intel Core i7 13th Gen 1355U - (8 GB/512 GB SSD/Windows 11 Home) Modern 15 B13M-290IN Th...,"₹61,990",4,63 Ratings,https://rukminim2.flixcart.com/image/312/312/xif0q/computer/p/w/n/-original-imahg5ftgtw64ahm.jpeg?q=70,https://www.flipkart.com/msi-modern-15-intel-core-i7-13th-gen-1355u-8-gb-512-gb-ssd-windows-11-home-b13m-290in-thin-light-laptop/p/itm0f94783eefc47?pid=COMGMV6VU38G9B7K&lid=LSTCOMGMV6VU38G9B7KCMW0HD&marketplace=FLIPKART&q=laptop&store=6bo%2Fb5g&srno=s_16_370&otracker=search&fm=organic&iid=ad76d888-6edf-4c0a-94e4-fbd4f6028269.COMGMV6VU38G9B7K.SEARCH&ppt=sp&ppn=sp&ssid=ev4ptcp0000000001784730999209&qH=312f91285e048e09&ov_redirect=true,Intel Core i7 Processor (13th Gen) | 8 GB DDR4 RAM | Windows 11 Operating System | 512 GB SSD | 39.62 cm (15.6 Inch) Display | 1 Year Carry-in Warranty
16,11,HP 15 (i5 14th Gen) Intel Core 5 120U - (24 GB/512 GB SSD/Windows 11 Home) 15-fd0262TU Thin and Light ...,"₹82,990",4.2,195 Ratings,https://rukminim2.flixcart.com/image/312/312/xif0q/computer/z/i/b/-original-imahzu4rwxnezv9x.jpeg?q=70,https://www.flipkart.com/hp-15-i5-14th-gen-intel-core-5-120u-24-gb-512-gb-ssd-windows-11-home-15-fd0262tu-thin-light-laptop/p/itm027a3317f4ff9?pid=COMHM94A7PHVCQT7&lid=LSTCOMHM94A7PHVCQT7QTPOH7&marketplace=FLIPKART&q=laptop&store=6bo%2Fb5g&srno=s_16_371&otracker=search&fm=organic&iid=en_72249mJvPu-LQEMY4u6rcj498Mge8K3AXpxWZubNo7kscytq7A7YiztWb3XN2KL4ajNODExQ3AD2YwLVEpFEnL-0TByd-y2aowfbZcqv2qAXcHafzxkgImFZVj1dOosf&ppt=sp&ppn=sp&ssid=ev4ptcp0000000001784730999209&qH=312f91285e048e09&ov_redirect=true,Intel Core 5 Processor | 24 GB DDR5 RAM | Windows 11 Home Operating System | 512 GB SSD | 39.62 cm (15.6 inch) Display | Microsoft Office Home 2024 (Lifetime Validity ) + Microsoft 365(1-Year Validity) | 1 Year Onsite Service
16,12,Samsung Galaxy Book5 AI Metal Intel Core Ultra 5 225U - (16 GB/512 GB SSD/Windows 11 Home) NP750XHD Th...,"₹84,990",4.6,837 Ratings,https://rukminim2.flixcart.com/image/312/312/xif0q/computer/0/2/e/-original-imahzcf3jkkjkhgc.jpeg?q=70,https://www.flipkart.com/samsung-galaxy-book5-ai-metal-intel-core-ultra-5-225u-16-gb-512-gb-ssd-windows-11-home-np750xhd-thin-light-laptop/p/itmc33d2563d0ffc?pid=COMHE4ATPCZ9FXRP&lid=LSTCOMHE4ATPCZ9FXRP7N1GVG&marketplace=FLIPKART&q=laptop&store=6bo%2Fb5g&srno=s_16_372&otracker=search&fm=organic&iid=en_72249mJvPu-LQEMY4u6rcj498Mge8K3AXpxWZubNo7l0y9CtQnRIET3VGIBxhtqZ3WHJiuMjlX0EHxFVCjPkyeBu1d32v--9VSkIFt_qqVQXcHafzxkgImFZVj1dOosf&ppt=sp&ppn=sp&ssid=ev4ptcp0000000001784730999209&qH=312f91285e048e09&ov_redirect=true,Intel Core Ultra 5 Processor | 16 GB LPDDR5X RAM | 64 bit Windows 11 Operating System | 512 GB SSD | 39.62 cm (15.6 Inch) Display | MS Office Home and Student 2024 | 1 Year Manufacturer Warranty for Laptop and 6 Months for In-Box Accessories
16,13,Lenovo LOQ Intel Core i5 12th Gen 12450HX - (12 GB/512 GB SSD/Windows 11 Home/4 GB Graphics/NVIDIA GeF...,"₹66,490",4.3,"2,023 Ratings",https://rukminim2.flixcart.com/image/312/312/xif0q/computer/y/7/k/-original-imahg5fwtdeyz5wa.jpeg?q=70,https://www.flipkart.com/lenovo-loq-intel-core-i5-12th-gen-12450hx-12-gb-512-gb-ssd-windows-11-home-4-graphics-nvidia-geforce-rtx-2050-144-hz-65-w-15iax9-gaming-laptop/p/itme3e94a3f73f71?pid=COMHY9Z8AFVPHVJF&lid=LSTCOMHY9Z8AFVPHVJFAMRSWH&marketplace=FLIPKART&q=laptop&store=6bo%2Fb5g&srno=s_16_373&otracker=search&fm=organic&iid=ad76d888-6edf-4c0a-94e4-fbd4f6028269.COMHY9Z8AFVPHVJF.SEARCH&ppt=sp&ppn=sp&ssid=ev4ptcp0000000001784730999209&qH=312f91285e048e09&ov_redirect=true,Intel Core i5 Processor (12th Gen) | 12 GB DDR5 RAM | 64 bit Windows 11 Operating System | 512 GB SSD | 39.62 cm (15.6 Inch) Display | 1Yr Warranty and 1 Yr Accidental Damage Protection
16,14,"ASUS Vivobook 14 (2025) with Office 2024 + M365 Basic*, Backlit Keyboard, Intel Core Ultra 5 225H - (1...","₹73,990",4.4,526 Ratings,https://rukminim2.flixcart.com/image/312/312/xif0q/computer/a/b/3/-original-imahfvsvv8qqkuhy.jpeg?q=70,https://www.flipkart.com/asus-vivobook-14-2025-office-2024-m365-basic-backlit-keyboard-intel-core-ultra-5-225h-16-gb-512-gb-ssd-windows-11-home-x1407ca-ly159ws-thin-light-laptop/p/itm88707104a2719?pid=COMHCQ5EYSZXV4AN&lid=LSTCOMHCQ5EYSZXV4ANXQSULY&marketplace=FLIPKART&q=laptop&store=6bo%2Fb5g&srno=s_16_374&otracker=search&fm=organic&iid=ad76d888-6edf-4c0a-94e4-fbd4f6028269.COMHCQ5EYSZXV4AN.SEARCH&ppt=sp&ppn=sp&ssid=ev4ptcp0000000001784730999209&qH=312f91285e048e09&ov_redirect=true,"Intel Core Ultra 5 Processor | 16 GB DDR5 RAM | Windows 11 Home Operating System | 512 GB SSD | 35.56 cm (14 Inch) Display | Microsoft Office Home 2024 (Lifetime Validity ) + Microsoft 365 Basic*(1-Year Validity), One-Month Membership of Adobe Creative Cloud All Apps, McAfee 1 year | 1 Year Onsite Warranty"
16,15,"ASUS Vivobook 14 (2025) with Office 2024 + M365 Basic*, Intel Core Ultra 5 225H - (16 GB/512 GB SSD/Wi...","₹73,990",4.4,526 Ratings,https://rukminim2.flixcart.com/image/312/312/xif0q/computer/l/4/7/-original-imahguaczyfjmugf.jpeg?q=70,https://www.flipkart.com/asus-vivobook-14-2025-office-2024-m365-basic-intel-core-ultra-5-225h-16-gb-512-gb-ssd-windows-11-home-x1407ca-ly160ws-thin-light-laptop/p/itmfeb2507e526d6?pid=COMHEZZTFGZGFEYX&lid=LSTCOMHEZZTFGZGFEYXCQRUXA&marketplace=FLIPKART&q=laptop&store=6bo%2Fb5g&srno=s_16_375&otracker=search&fm=organic&iid=ad76d888-6edf-4c0a-94e4-fbd4f6028269.COMHEZZTFGZGFEYX.SEARCH&ppt=sp&ppn=sp&ssid=ev4ptcp0000000001784730999209&qH=312f91285e048e09&ov_redirect=true,"Intel Core Ultra 5 Processor | 16 GB DDR5 RAM | Windows 11 Home Operating System | 512 GB SSD | 35.56 cm (14 Inch) Display | Microsoft Office Home 2024 (Lifetime Validity ) + Microsoft 365 Basic*(1-Year Validity), One-Month Membership of Adobe Creative Cloud All Apps, McAfee 1 year | 1 Year Onsite Warranty"
16,16,Lenovo Intel Core i5 13th Gen 1335U - (16 GB/512 GB SSD/Windows 11 Home) ThinkBook 16 G6 Thin and Ligh...,"₹49,990",4.5,11 Ratings,https://rukminim2.flixcart.com/image/312/312/xif0q/computer/o/p/o/thinkbook-16-g6-thin-and-light-laptop-lenovo-original-imagzh4zbzzzgvsk.jpeg?q=70,https://www.flipkart.com/lenovo-intel-core-i5-13th-gen-1335u-16-gb-512-gb-ssd-windows-11-home-thinkbook-16-g6-thin-light-laptop/p/itm01aaa84e12847?pid=COMH2755JQVCJ8JF&lid=LSTCOMH2755JQVCJ8JFGHP4D3&marketplace=FLIPKART&q=laptop&store=6bo%2Fb5g&srno=s_16_376&otracker=search&fm=organic&iid=ad76d888-6edf-4c0a-94e4-fbd4f6028269.COMH2755JQVCJ8JF.SEARCH&ppt=sp&ppn=sp&ssid=ev4ptcp0000000001784730999209&qH=312f91285e048e09&ov_redirect=true,Intel Core i5 Processor (13th Gen) | 16 GB DDR5 RAM | Windows 11 Home Operating System | 512 GB SSD | 40.64 cm (16 Inch) Display | 1Year Premier Support
16,17,HP 14 AI PC Intel Core Ultra 7 155H - (16 GB/512 GB SSD/Windows 11 Home) 14-ep1151TU/14-gr1036TU/14-ep...,"₹79,990",4.1,790 Ratings,https://rukminim2.flixcart.com/image/312/312/xif0q/computer/o/9/k/-original-imahgry8nwkejmae.jpeg?q=70,https://www.flipkart.com/hp-14-ai-pc-intel-core-ultra-7-155h-16-gb-512-gb-ssd-windows-11-home-14-ep1151tu-14-gr1036tu-14-ep1151tu-thin-light-laptop/p/itm4c681812b88bf?pid=COMHF8G932EYZAJF&lid=LSTCOMHF8G932EYZAJFOUI9CA&marketplace=FLIPKART&q=laptop&store=6bo%2Fb5g&srno=s_16_377&otracker=search&fm=organic&iid=en_72249mJvPu-LQEMY4u6rcj498Mge8K3AXpxWZubNo7mbMN4K9Mgwg4SMSg0WNkvh3zzcGhlXkGO1hWP1UU6KY6U4JGq2qGfuCYjFJWjKqlSnmLJ6Bti38mlBs7ddcIUY&ppt=sp&ppn=sp&ssid=ev4ptcp0000000001784730999209&qH=312f91285e048e09&ov_redirect=true,Intel Core Ultra 7 Processor | 16 GB DDR5 RAM | Windows 11 Home Operating System | 512 GB SSD | 35.56 cm (14 Inch) Display | 1 Year Onsite Warranty
16,18,HP 14 AI PC Intel Core Ultra 7 155H - (16 GB/1 TB SSD/Windows 11 Home) 14-ep1152TU Thin and Light Lapt...,"₹85,990",4.1,790 Ratings,https://rukminim2.flixcart.com/image/312/312/xif0q/computer/a/h/z/-original-imahgh9exfmtg44y.jpeg?q=70,https://www.flipkart.com/hp-14-ai-pc-intel-core-ultra-7-155h-16-gb-1-tb-ssd-windows-11-home-14-ep1152tu-thin-light-laptop/p/itm448874079369f?pid=COMHG98EXZ3AJYZN&lid=LSTCOMHG98EXZ3AJYZNODD67U&marketplace=FLIPKART&q=laptop&store=6bo%2Fb5g&srno=s_16_378&otracker=search&fm=organic&iid=en_72249mJvPu-LQEMY4u6rcj498Mge8K3AXpxWZubNo7mb48CZmgfMJ4vblEatnU4wa95Ym7PGNlW2mSQwI-DoQCGkgDYpheMzpTOfbcb9jJqnmLJ6Bti38mlBs7ddcIUY&ppt=sp&ppn=sp&ssid=ev4ptcp0000000001784730999209&qH=312f91285e048e09&ov_redirect=true,Intel Core Ultra 7 Processor | 16 GB DDR5 RAM | Windows 11 Home Operating System | 1 TB SSD | 35.56 cm (14 Inch) Display | 1 Year Onsite Warranty
16,19,"ASUS Vivobook S14 (2026) with Metallic Design, Gaming Grade CPU AMD Ryzen 5 220 - (16 GB/512 GB SSD/Wi...","₹74,990",4.4,38 Ratings,https://rukminim2.flixcart.com/image/312/312/xif0q/computer/u/0/x/-original-imahzgnhpvqne4vf.jpeg?q=70,https://www.flipkart.com/asus-vivobook-s14-2026-metallic-design-gaming-grade-cpu-amd-ryzen-5-220-16-gb-512-gb-ssd-windows-11-home-m3407ha-ly136ws-thin-light-laptop/p/itm445af2e30cd63?pid=COMHHHBZF5ZZGCK7&lid=LSTCOMHHHBZF5ZZGCK7SYOVJA&marketplace=FLIPKART&q=laptop&store=6bo%2Fb5g&srno=s_16_379&otracker=search&fm=organic&iid=ad76d888-6edf-4c0a-94e4-fbd4f6028269.COMHHHBZF5ZZGCK7.SEARCH&ppt=sp&ppn=sp&ssid=ev4ptcp0000000001784730999209&qH=312f91285e048e09&ov_redirect=true,"AMD Ryzen 5 Processor | 16 GB DDR5 RAM | Windows 11 Home Operating System | 512 GB SSD | 35.56 cm (14 inch) Display | MSO 2024 for lifetime + Microsoft 365 Basic with 100GB Cloud Storage for 1 Year, McAfee 1 year | 1 Year Onsite Warranty"
16,20,Acer Aspire Lite Intel Core i5 12th Gen 1235U - (8 GB/512 GB SSD/Windows 11 Home) AL15-52 Thin and Lig...,"₹63,574",3.8,276 Ratings,https://rukminim2.flixcart.com/image/312/312/xif0q/computer/u/p/m/-original-imah2pf2u98xefzx.jpeg?q=70,https://www.flipkart.com/acer-aspire-lite-intel-core-i5-12th-gen-1235u-8-gb-512-gb-ssd-windows-11-home-al15-52-thin-light-laptop/p/itm1bc0bcb4598e7?pid=COMGXPH6NHHZFKTZ&lid=LSTCOMGXPH6NHHZFKTZEMQSJ8&marketplace=FLIPKART&q=laptop&store=6bo%2Fb5g&srno=s_16_380&otracker=search&fm=organic&iid=ad76d888-6edf-4c0a-94e4-fbd4f6028269.COMGXPH6NHHZFKTZ.SEARCH&ppt=sp&ppn=sp&ssid=ev4ptcp0000000001784730999209&qH=312f91285e048e09&ov_redirect=true,Intel Core i5 Processor (12th Gen) | 8 GB DDR4 RAM | Windows 11 Operating System | 512 GB SSD | 39.62 cm (15.6 Inch) Display | 1 Year Carry-in Warranty
16,21,Samsung Galaxy Book5 AI Metal Intel Core Ultra 7 255U - (16 GB/512 GB SSD/Windows 11 Home) NP750XHD Th...,"₹91,990",4.6,463 Ratings,https://rukminim2.flixcart.com/image/312/312/xif0q/computer/0/2/e/-original-imahzcf3jkkjkhgc.jpeg?q=70,https://www.flipkart.com/samsung-galaxy-book5-ai-metal-intel-core-ultra-7-255u-16-gb-512-gb-ssd-windows-11-home-np750xhd-thin-light-laptop/p/itma9c081cdbe95d?pid=COMHE4ATBCUTGUYT&lid=LSTCOMHE4ATBCUTGUYTJZ7NHN&marketplace=FLIPKART&q=laptop&store=6bo%2Fb5g&srno=s_16_381&otracker=search&fm=organic&iid=en_72249mJvPu-LQEMY4u6rcj498Mge8K3AXpxWZubNo7k9x-9bqdYYk4hb0vV2s822_54vlUw9QAlUFlRYR6QtY8H5LP6GMXD1iSKF2pPmS-QXcHafzxkgImFZVj1dOosf&ppt=sp&ppn=sp&ssid=ev4ptcp0000000001784730999209&qH=312f91285e048e09&ov_redirect=true,Intel Core Ultra 7 Processor | 16 GB LPDDR5X RAM | 64 bit Windows 11 Operating System | 512 GB SSD | 39.62 cm (15.6 Inch) Display | MS Office Home and Student 2024 | 1 Year Manufacturer Warranty for Laptop and 6 Months for In-Box Accessories
16,22,HP OMEN AI AMD Ryzen AI 7 Octa Core AI 7 350 - (24 GB/1 TB SSD/Windows 11 Home/8 GB Graphics/NVIDIA Ge...,"₹1,34,990",4.5,112 Ratings,https://rukminim2.flixcart.com/image/312/312/xif0q/computer/1/a/f/-original-imahgfdy8czyaypq.jpeg?q=70,https://www.flipkart.com/hp-omen-ai-amd-ryzen-7-octa-core-350-24-gb-1-tb-ssd-windows-11-home-8-gb-graphics-nvidia-geforce-rtx-5050-16-ap0165ax-gaming-laptop/p/itm5661c90728083?pid=COMHEHHXKFQSABXZ&lid=LSTCOMHEHHXKFQSABXZEF3JCN&marketplace=FLIPKART&q=laptop&store=6bo%2Fb5g&srno=s_16_382&otracker=search&fm=organic&iid=en_72249mJvPu-LQEMY4u6rcj498Mge8K3AXpxWZubNo7nyxsSCBpZtWefB-U7H65PjSt8s0FwzStmVNuDw0YIb7vRQYaQqNgqexXd2bqUccoJO3-Lk_YPBnhl9NQwZIcxq&ppt=sp&ppn=sp&ssid=ev4ptcp0000000001784730999209&qH=312f91285e048e09&ov_redirect=true,AMD Ryzen AI 7 Octa Core Processor | 24 GB DDR5 RAM | Windows 11 Home Operating System | 1 TB SSD | 40.64 cm (16 Inch) Display | 1 Year Onsite Warranty
16,23,Lenovo LOQ Intel Core i5 12th Gen 12450HX - (16 GB/512 GB SSD/Windows 11 Home/6 GB Graphics/NVIDIA GeF...,"₹1,05,090",4.3,"1,435 Ratings",https://rukminim2.flixcart.com/image/312/312/xif0q/computer/s/d/v/-enriched-transparent-original-imahg5fxjqdxnmwh.png?q=70,https://www.flipkart.com/lenovo-loq-intel-core-i5-12th-gen-12450hx-16-gb-512-gb-ssd-windows-11-home-6-graphics-nvidia-geforce-rtx-4050-144-hz-105-w-15iax9-15iax9d2-gaming-laptop/p/itme3e94a3f73f71?pid=COMHYXVABRPB2XQ5&lid=LSTCOMHYXVABRPB2XQ57M1XQE&marketplace=FLIPKART&q=laptop&store=6bo%2Fb5g&srno=s_16_383&otracker=search&fm=organic&iid=ad76d888-6edf-4c0a-94e4-fbd4f6028269.COMHYXVABRPB2XQ5.SEARCH&ppt=sp&ppn=sp&ssid=ev4ptcp0000000001784730999209&qH=312f91285e048e09&ov_redirect=true,Intel Core i5 Processor (12th Gen) | 16 GB DDR5 RAM | 64 bit Windows 11 Operating System | 512 GB SSD | 39.62 cm (15.6 Inch) Display | 1Yr Warranty and 1 Yr Accidental Damage Protection
16,24,Lenovo LOQ Intel Core i7 13th Gen 13650HX - (16 GB/512 GB SSD/Windows 11 Home/6 GB Graphics/NVIDIA GeF...,"₹1,18,990",4.4,96 Ratings,https://rukminim2.flixcart.com/image/312/312/xif0q/computer/i/g/y/-original-imahewcysrcvgazs.jpeg?q=70,https://www.flipkart.com/lenovo-loq-intel-core-i7-13th-gen-13650hx-16-gb-512-gb-ssd-windows-11-home-6-graphics-nvidia-geforce-rtx-4050-15irx9d2-15irx9-gaming-laptop/p/itme3e94a3f73f71?pid=COMGWU8YHUDDTCQ5&lid=LSTCOMGWU8YHUDDTCQ5SIZ0BZ&marketplace=FLIPKART&q=laptop&store=6bo%2Fb5g&srno=s_16_384&otracker=search&fm=organic&iid=ad76d888-6edf-4c0a-94e4-fbd4f6028269.COMGWU8YHUDDTCQ5.SEARCH&ppt=sp&ppn=sp&ssid=ev4ptcp0000000001784730999209&qH=312f91285e048e09&ov_redirect=true,Intel Core i7 Processor (13th Gen) | 16 GB DDR5 RAM | Windows 11 Home Operating System | 512 GB SSD | 39.62 cm (15.6 Inch) Display | 1 Year Onsite Warranty
17,1,Lenovo V15 Series AMD Ryzen 5 Quad Core 7520U - (8 GB/512 GB SSD/Windows 11 Home) V15 Thin and Light L...,"₹54,878",3.9,57 Ratings,https://rukminim2.flixcart.com/image/312/312/xif0q/computer/u/t/s/-original-imah4dcj8ntvrttf.jpeg?q=70,https://www.flipkart.com/lenovo-v15-series-amd-ryzen-5-quad-core-7520u-8-gb-512-gb-ssd-windows-11-home-thin-light-laptop/p/itmdcccd5f5d1865?pid=COMGWB8RZZHCZGMA&lid=LSTCOMGWB8RZZHCZGMAJIWUEZ&marketplace=FLIPKART&q=laptop&store=6bo%2Fb5g&srno=s_17_385&otracker=search&fm=organic&iid=bb24dd92-a6b9-4717-aa1f-2d4169dd5fa8.COMGWB8RZZHCZGMA.SEARCH&ppt=sp&ppn=sp&ssid=d5jlwz2asg0000001784731004443&qH=312f91285e048e09&ov_redirect=true,AMD Ryzen 5 Quad Core Processor | 8 GB DDR5 RAM | Windows 11 Operating System | 512 GB SSD | 39.62 cm (15.6 Inch) Display | 1 Year Onsite Warranty
17,2,MOTOROLA Motobook 60 Full Metal OLED (i7 14th Gen) Intel Core 7 Series 2 240H - (16 GB/512 GB SSD/Wind...,"₹72,990",4.4,"1,197 Ratings",https://rukminim2.flixcart.com/image/312/312/xif0q/computer/c/n/p/-original-imahg5fvzkgrh5ky.jpeg?q=70,https://www.flipkart.com/motorola-motobook-60-full-metal-oled-i7-14th-gen-intel-core-7-series-2-240h-16-gb-512-gb-ssd-windows-11-home-14irh10r-thin-light-laptop/p/itmf0b4d7c55543d?pid=COMHAUZWUZNATFET&lid=LSTCOMHAUZWUZNATFETMS2VMV&marketplace=FLIPKART&q=laptop&store=6bo%2Fb5g&srno=s_17_386&otracker=search&fm=organic&iid=bb24dd92-a6b9-4717-aa1f-2d4169dd5fa8.COMHAUZWUZNATFET.SEARCH&ppt=sp&ppn=sp&ssid=d5jlwz2asg0000001784731004443&qH=312f91285e048e09&ov_redirect=true,Intel Core 7 Processor (Series 2) | 16 GB DDR5 RAM | 64 bit Windows 11 Operating System | 512 GB SSD | 35.56 cm (14 Inch) Display | Office Home 2024 | 1 Year Onsite Warranty
17,3,Samsung Galaxy Book4 Metal Intel Core i5 13th Gen 1335U - (8 GB/512 GB SSD/Windows 11 Home) NP750XGJ-K...,"₹56,990",4.4,"19,735 Ratings",https://rukminim2.flixcart.com/image/312/312/xif0q/computer/k/t/y/-enriched-transparent-original-imahg53xspmfrsdd.png?q=70,https://www.flipkart.com/samsung-galaxy-book4-metal-intel-core-i5-13th-gen-1335u-8-gb-512-gb-ssd-windows-11-home-np750xgj-kg1in-np750xgj-lg1in-np750xgj-lg6in-thin-light-laptop/p/itm1df5212efb9fc?pid=COMGZUYDFZXHWYWZ&lid=LSTCOMGZUYDFZXHWYWZJ6V2KW&marketplace=FLIPKART&q=laptop&store=6bo%2Fb5g&srno=s_17_387&otracker=search&fm=organic&iid=en_oBHvg-1T8Y95Zlcwidac2aI2P_hPpCfXrqFyz49Z5Q3UkMjQ-izvxugOiMRhHcH5sfGME0kkMQMICwGxasfmZSpiZoP3ZcDDMuaOuWFYumPG8fggMkp7s6FL6Qbnk5v9&ppt=sp&ppn=sp&ssid=d5jlwz2asg0000001784731004443&qH=312f91285e048e09&ov_redirect=true,Intel Core i5 Processor (13th Gen) | 8 GB LPDDR4X RAM | 64 bit Windows 11 Operating System | 512 GB SSD | 39.62 cm (15.6 Inch) Display | 1 Year Manufacturer Warranty for Laptop and 6 Months for In-Box Accessories
17,4,Samsung Galaxy Book4 Metal Intel Core i3 13th Gen 1315U - (8 GB/512 GB SSD/Windows 11 Home) NP750XGJ-L...,"₹57,490",4.4,"10,670 Ratings",https://rukminim2.flixcart.com/image/312/312/xif0q/computer/q/k/o/-enriched-transparent-original-imahg53xmzmtsynn.png?q=70,https://www.flipkart.com/samsung-galaxy-book4-metal-intel-core-i3-13th-gen-1315u-8-gb-512-gb-ssd-windows-11-home-np750xgj-lg9in-thin-light-laptop/p/itmc29d559898e6f?pid=COMH4Y6KKRC9YSWE&lid=LSTCOMH4Y6KKRC9YSWERDUMZD&marketplace=FLIPKART&q=laptop&store=6bo%2Fb5g&srno=s_17_388&otracker=search&fm=organic&iid=en_oBHvg-1T8Y95Zlcwidac2aI2P_hPpCfXrqFyz49Z5Q2EzfX3ulcK4aiGz06sERURVqKfzRTPmTYCvEc1OQ2_kCChg9vAnpscSdI7uOc1ZHXG8fggMkp7s6FL6Qbnk5v9&ppt=sp&ppn=sp&ssid=d5jlwz2asg0000001784731004443&qH=312f91285e048e09&ov_redirect=true,Intel Core i3 Processor (13th Gen) | 8 GB LPDDR4X RAM | 64 bit Windows 11 Operating System | 512 GB SSD | 39.62 cm (15.6 Inch) Display | 1 Year Onsite Warranty
17,5,HP Pavilion 15 AMD Ryzen 7 Octa Core 7730U - (16 GB/512 GB SSD/Windows 11 Home) 15-eh3101AU Thin and L...,"₹68,338",4.7,3 Ratings,https://rukminim2.flixcart.com/image/312/312/xif0q/computer/8/p/b/-original-imahg4utjwvr6bxs.jpeg?q=70,https://www.flipkart.com/hp-pavilion-15-amd-ryzen-7-octa-core-7730u-16-gb-512-gb-ssd-windows-11-home-15-eh3101au-thin-light-laptop/p/itm644a41c66520c?pid=COMGYH8GSGTZZ2CF&lid=LSTCOMGYH8GSGTZZ2CFKO5GJS&marketplace=FLIPKART&q=laptop&store=6bo%2Fb5g&srno=s_17_389&otracker=search&fm=organic&iid=bb24dd92-a6b9-4717-aa1f-2d4169dd5fa8.COMGYH8GSGTZZ2CF.SEARCH&ppt=sp&ppn=sp&ssid=d5jlwz2asg0000001784731004443&qH=312f91285e048e09&ov_redirect=true,AMD Ryzen 7 Octa Core Processor | 16 GB DDR4 RAM | 64 bit Windows 11 Operating System | 512 GB SSD | 39.62 cm (15.6 Inch) Display | 1 Year Onsite Warranty
17,6,Lenovo Legion Pro 5 WQXGA OLED Intel Core Ultra 9 275HX - (32 GB/1 TB SSD/Windows 11 Home/8 GB Graphic...,"₹2,31,490",4.7,43 Ratings,https://rukminim2.flixcart.com/image/312/312/xif0q/computer/t/k/f/-original-imahhvcvhvhtzwrx.jpeg?q=70,https://www.flipkart.com/lenovo-legion-pro-5-wqxga-oled-intel-core-ultra-9-275hx-32-gb-1-tb-ssd-windows-11-home-8-gb-graphics-nvidia-geforce-rtx-5070-16iax10-gaming-laptop/p/itm0968b6925c1fe?pid=COMHHDHYSNJ5R7YY&lid=LSTCOMHHDHYSNJ5R7YYN3FELH&marketplace=FLIPKART&q=laptop&store=6bo%2Fb5g&srno=s_17_390&otracker=search&fm=organic&iid=bb24dd92-a6b9-4717-aa1f-2d4169dd5fa8.COMHHDHYSNJ5R7YY.SEARCH&ppt=sp&ppn=sp&ssid=d5jlwz2asg0000001784731004443&qH=312f91285e048e09&ov_redirect=true,Intel Core Ultra 9 Processor | 32 GB DDR5 RAM | Windows 11 Home Operating System | 1 TB SSD | 40.64 cm (16 inch) Display | Office Home 2024 + Lenovo AI Now | 1 Year Onsite Service
17,7,HP Omnibook 3 2K WUXGA Snapdragon X - (16 GB/512 GB SSD/Windows 11 Home) Omnibook 3 14-hz0024QU Laptop,"₹72,990",4.1,11 Ratings,https://rukminim2.flixcart.com/image/312/312/xif0q/computer/u/e/9/-original-imahzvfcsqpynrcd.jpeg?q=70,https://www.flipkart.com/hp-omnibook-3-2k-wuxga-snapdragon-x-16-gb-512-gb-ssd-windows-11-home-14-hz0024qu-laptop/p/itmbd5346cd09abc?pid=COMHZGK2ACSECZB5&lid=LSTCOMHZGK2ACSECZB52ALLPO&marketplace=FLIPKART&q=laptop&store=6bo%2Fb5g&srno=s_17_391&otracker=search&fm=organic&iid=en_oBHvg-1T8Y95Zlcwidac2aI2P_hPpCfXrqFyz49Z5Q3AikdI454RNmIhPNV4TCfTQDaMOpjaAqIhVlr2eDOqkK8WMJxc_eOD3pdFe_35DQXG8fggMkp7s6FL6Qbnk5v9&ppt=sp&ppn=sp&ssid=d5jlwz2asg0000001784731004443&qH=312f91285e048e09&ov_redirect=true,Snapdragon X Processor | 16 GB LPDDR5X RAM | Windows 11 Home Operating System | 512 GB SSD | 35.56 cm (14 inch) Display | MS Office Home 2024 | 1 Year Onsite Service
17,8,DELL 15 (Previouly Inspiron) AMD Ryzen 5 Quad Core 7520U - (8 GB/512 GB SSD/Windows 11 Home) DC15255 T...,"₹57,990",4.5,6 Ratings,https://rukminim2.flixcart.com/image/312/312/xif0q/computer/m/x/0/-original-imahzv9agugnddrg.jpeg?q=70,https://www.flipkart.com/dell-15-previouly-inspiron-amd-ryzen-5-quad-core-7520u-8-gb-512-gb-ssd-windows-11-home-dc15255-thin-light-laptop/p/itmb80bb4e819164?pid=COMHDXXUHGDCHMQX&lid=LSTCOMHDXXUHGDCHMQXUEUE9X&marketplace=FLIPKART&q=laptop&store=6bo%2Fb5g&srno=s_17_392&otracker=search&fm=organic&iid=en_oBHvg-1T8Y95Zlcwidac2aI2P_hPpCfXrqFyz49Z5Q08wxItT9b8neoKWuU_zYFAKS7KjhXWMehRCKPAR7kLILb6bL0Zx_kaK68EeWHdQeDG8fggMkp7s6FL6Qbnk5v9&ppt=sp&ppn=sp&ssid=d5jlwz2asg0000001784731004443&qH=312f91285e048e09&ov_redirect=true,AMD Ryzen 5 Quad Core Processor | 8 GB LPDDR5 RAM | Windows 11 Operating System | 512 GB SSD | 38.1 cm (15 Inch) Display | 1 Year Onsite Warranty
17,9,Acer Aspire Lite AMD Ryzen 3 Quad Core 5300U - (8 GB/256 GB SSD/Windows 11 Home) AL15-41 Thin and Ligh...,"₹56,699",4.2,118 Ratings,https://rukminim2.flixcart.com/image/312/312/xif0q/computer/u/p/m/-original-imah2pf2u98xefzx.jpeg?q=70,https://www.flipkart.com/acer-aspire-lite-amd-ryzen-3-quad-core-5300u-8-gb-256-gb-ssd-windows-11-home-al15-41-thin-light-laptop/p/itm1bc0bcb4598e7?pid=COMH2TPSVSGUVKY4&lid=LSTCOMH2TPSVSGUVKY4NUNJEJ&marketplace=FLIPKART&q=laptop&store=6bo%2Fb5g&srno=s_17_393&otracker=search&fm=organic&iid=bb24dd92-a6b9-4717-aa1f-2d4169dd5fa8.COMH2TPSVSGUVKY4.SEARCH&ppt=sp&ppn=sp&ssid=d5jlwz2asg0000001784731004443&qH=312f91285e048e09&ov_redirect=true,AMD Ryzen 3 Quad Core Processor | 8 GB DDR4 RAM | Windows 11 Operating System | 256 GB SSD | 39.62 cm (15.6 Inch) Display | 1 Year Carry-in Warranty
17,10,Samsung Galaxy Book3 Pro 360 EVO AMOLED Intel Core i7 13th Gen 1360P - (16 GB/1 TB SSD/Windows 11 Home...,"₹1,98,710",4.3,16 Ratings,https://rukminim2.flixcart.com/image/312/312/xif0q/computer/i/b/c/-original-imahg5fubyjzcqag.jpeg?q=70,https://www.flipkart.com/samsung-galaxy-book3-pro-360-evo-amoled-intel-core-i7-13th-gen-1360p-16-gb-1-tb-ssd-windows-11-home-np960qfg-ka3in-thin-light-laptop/p/itm5c25f62dc7f48?pid=COMGPXFFSA2W5ZXD&lid=LSTCOMGPXFFSA2W5ZXD6F38M9&marketplace=FLIPKART&q=laptop&store=6bo%2Fb5g&srno=s_17_394&otracker=search&fm=organic&iid=bb24dd92-a6b9-4717-aa1f-2d4169dd5fa8.COMGPXFFSA2W5ZXD.SEARCH&ppt=sp&ppn=sp&ssid=d5jlwz2asg0000001784731004443&qH=312f91285e048e09&ov_redirect=true,Intel Core i7 Processor (13th Gen) | 16 GB DDR5 RAM | Windows 11 Operating System | 1 TB SSD | 40.64 cm (16 Inch) Touchscreen Display | 1 Year Onsite Warranty
17,11,Lenovo V 14 (2025) Intel Core i5 13th Gen 13420H - (8 GB/512 GB SSD/Windows 11 Home) V14 Thin and Ligh...,"₹57,461",3,6 Ratings,https://rukminim2.flixcart.com/image/312/312/xif0q/computer/b/n/r/v-14-thin-and-light-laptop-lenovo-original-imahg54yxkykf6yw.jpeg?q=70,https://www.flipkart.com/lenovo-v-14-2025-intel-core-i5-13th-gen-13420h-8-gb-512-gb-ssd-windows-11-home-v14-thin-light-laptop/p/itm77a8152131636?pid=COMHG54YSCYZKZJ6&lid=LSTCOMHG54YSCYZKZJ6S82FED&marketplace=FLIPKART&q=laptop&store=6bo%2Fb5g&srno=s_17_395&otracker=search&fm=organic&iid=bb24dd92-a6b9-4717-aa1f-2d4169dd5fa8.COMHG54YSCYZKZJ6.SEARCH&ppt=sp&ppn=sp&ssid=d5jlwz2asg0000001784731004443&qH=312f91285e048e09&ov_redirect=true,"Intel Core i5 Processor (13th Gen) | 8 GB DDR4 RAM | 64 bit Windows 11 Home Operating System | 512 GB SSD | 35.56 cm (14 Inch) Display | Microsoft Office 2021, Windows 11 Home | 1 Year Onsite Warranty"
17,12,Lenovo IdeaPad Slim 1 AMD Ryzen 5 Quad Core 7520U - (8 GB/512 GB SSD/Windows 11 Home) 15AMN7 Thin and ...,"₹59,999",4.1,302 Ratings,https://rukminim2.flixcart.com/image/312/312/xif0q/computer/j/3/b/-enriched-transparent-original-imahg4uttu9ehf6z.png?q=70,https://www.flipkart.com/lenovo-ideapad-slim-1-amd-ryzen-5-quad-core-7520u-8-gb-512-gb-ssd-windows-11-home-15amn7-thin-light-laptop/p/itm3680fb576eb7b?pid=COMGRU9ZMYRQWDH5&lid=LSTCOMGRU9ZMYRQWDH5SF17O1&marketplace=FLIPKART&q=laptop&store=6bo%2Fb5g&srno=s_17_396&otracker=search&fm=organic&iid=bb24dd92-a6b9-4717-aa1f-2d4169dd5fa8.COMGRU9ZMYRQWDH5.SEARCH&ppt=sp&ppn=sp&ssid=d5jlwz2asg0000001784731004443&qH=312f91285e048e09&ov_redirect=true,AMD Ryzen 5 Quad Core Processor | 8 GB LPDDR5 RAM | Windows 11 Operating System | 512 GB SSD | 39.62 cm (15.6 Inch) Display | Microsoft Office Home & Student 2021 | 1 Year Carry-in Warranty
17,13,HP 15 (i5 14th Gen) Intel Core 5 120U - (24 GB/512 GB SSD/Windows 11 Home) 15-fd0262TU Thin and Light ...,"₹82,990",4.2,195 Ratings,https://rukminim2.flixcart.com/image/312/312/xif0q/computer/z/i/b/-original-imahzu4rwxnezv9x.jpeg?q=70,https://www.flipkart.com/hp-15-i5-14th-gen-intel-core-5-120u-24-gb-512-gb-ssd-windows-11-home-15-fd0262tu-thin-light-laptop/p/itm027a3317f4ff9?pid=COMHM94A7PHVCQT7&lid=LSTCOMHM94A7PHVCQT7QTPOH7&marketplace=FLIPKART&q=laptop&store=6bo%2Fb5g&srno=s_17_397&otracker=search&fm=organic&iid=en_oBHvg-1T8Y95Zlcwidac2aI2P_hPpCfXrqFyz49Z5Q1rws0aLLWxkFlW-MMVGPipajNODExQ3AD2YwLVEpFEnL-0TByd-y2aowfbZcqv2qDG8fggMkp7s6FL6Qbnk5v9&ppt=sp&ppn=sp&ssid=d5jlwz2asg0000001784731004443&qH=312f91285e048e09&ov_redirect=true,Intel Core 5 Processor | 24 GB DDR5 RAM | Windows 11 Home Operating System | 512 GB SSD | 39.62 cm (15.6 inch) Display | Microsoft Office Home 2024 (Lifetime Validity ) + Microsoft 365(1-Year Validity) | 1 Year Onsite Service
17,14,Samsung Galaxy Book5 AI Metal Intel Core Ultra 5 225U - (16 GB/512 GB SSD/Windows 11 Home) NP750XHD Th...,"₹84,990",4.6,837 Ratings,https://rukminim2.flixcart.com/image/312/312/xif0q/computer/0/2/e/-original-imahzcf3jkkjkhgc.jpeg?q=70,https://www.flipkart.com/samsung-galaxy-book5-ai-metal-intel-core-ultra-5-225u-16-gb-512-gb-ssd-windows-11-home-np750xhd-thin-light-laptop/p/itmc33d2563d0ffc?pid=COMHE4ATPCZ9FXRP&lid=LSTCOMHE4ATPCZ9FXRP7N1GVG&marketplace=FLIPKART&q=laptop&store=6bo%2Fb5g&srno=s_17_398&otracker=search&fm=organic&iid=en_oBHvg-1T8Y95Zlcwidac2aI2P_hPpCfXrqFyz49Z5Q1ne1UL0Wbr_7EQ_o8plJ9d3WHJiuMjlX0EHxFVCjPkyeBu1d32v--9VSkIFt_qqVTG8fggMkp7s6FL6Qbnk5v9&ppt=sp&ppn=sp&ssid=d5jlwz2asg0000001784731004443&qH=312f91285e048e09&ov_redirect=true,Intel Core Ultra 5 Processor | 16 GB LPDDR5X RAM | 64 bit Windows 11 Operating System | 512 GB SSD | 39.62 cm (15.6 Inch) Display | MS Office Home and Student 2024 | 1 Year Manufacturer Warranty for Laptop and 6 Months for In-Box Accessories
17,15,HP 15s AMD Ryzen 3 Quad Core 5300U - (8 GB/512 GB SSD/Windows 11 Home) 15s-eq2143au Thin and Light Lap...,"₹49,980",4.3,"5,979 Ratings",https://rukminim2.flixcart.com/image/312/312/xif0q/computer/p/r/h/-enriched-transparent-original-imahg5fwhzmp2qnh.png?q=70,https://www.flipkart.com/hp-15s-amd-ryzen-3-quad-core-5300u-8-gb-512-gb-ssd-windows-11-home-15s-eq2143au-thin-light-laptop/p/itm59e288d010cef?pid=COMGAX8EEYFKCESS&lid=LSTCOMGAX8EEYFKCESSIOLRG0&marketplace=FLIPKART&q=laptop&store=6bo%2Fb5g&srno=s_17_399&otracker=search&fm=organic&iid=bb24dd92-a6b9-4717-aa1f-2d4169dd5fa8.COMGAX8EEYFKCESS.SEARCH&ppt=sp&ppn=sp&ssid=d5jlwz2asg0000001784731004443&qH=312f91285e048e09&ov_redirect=true,"AMD Ryzen 3 Quad Core Processor | 8 GB DDR4 RAM | 64 bit Windows 11 Operating System | 512 GB SSD | 39.62 cm (15.6 Inch) Display | Microsoft Office 2019 & Office 365, HP Documentation, HP BIOS recovery, HP Smart | 1 Year Onsite Warranty"
17,16,Lenovo IdeaPad Slim 5 with 1Yr ADP Intel Core Ultra 5 125 H - (16 GB/512 GB SSD/Windows 11 Home) IdeaP...,"₹74,990",4.5,11 Ratings,https://rukminim2.flixcart.com/image/312/312/xif0q/computer/u/o/b/-original-imahkbzgzgzyxw4p.jpeg?q=70,https://www.flipkart.com/lenovo-ideapad-slim-5-1yr-adp-intel-core-ultra-125-h-16-gb-512-gb-ssd-windows-11-home-16imh9-thin-light-laptop/p/itm651f6b2bf844a?pid=COMHJJFGDYUCHKW3&lid=LSTCOMHJJFGDYUCHKW39NKIUN&marketplace=FLIPKART&q=laptop&store=6bo%2Fb5g&srno=s_17_400&otracker=search&fm=organic&iid=bb24dd92-a6b9-4717-aa1f-2d4169dd5fa8.COMHJJFGDYUCHKW3.SEARCH&ppt=sp&ppn=sp&ssid=d5jlwz2asg0000001784731004443&qH=312f91285e048e09&ov_redirect=true,Intel Core Ultra 5 Processor | 16 GB LPDDR5X RAM | Windows 11 Home Operating System | 512 GB SSD | 40.64 cm (16 inch) Display | Microsoft 365 Basic + Office Home 2024 | 1 Year Onsite Warranty
17,17,Samsung Galaxy Book5 AI Metal Intel Core Ultra 7 255U - (16 GB/512 GB SSD/Windows 11 Home) NP750XHD Th...,"₹91,990",4.6,463 Ratings,https://rukminim2.flixcart.com/image/312/312/xif0q/computer/0/2/e/-original-imahzcf3jkkjkhgc.jpeg?q=70,https://www.flipkart.com/samsung-galaxy-book5-ai-metal-intel-core-ultra-7-255u-16-gb-512-gb-ssd-windows-11-home-np750xhd-thin-light-laptop/p/itma9c081cdbe95d?pid=COMHE4ATBCUTGUYT&lid=LSTCOMHE4ATBCUTGUYTJZ7NHN&marketplace=FLIPKART&q=laptop&store=6bo%2Fb5g&srno=s_17_401&otracker=search&fm=organic&iid=en_oBHvg-1T8Y95Zlcwidac2aI2P_hPpCfXrqFyz49Z5Q2vmoYigv9Yc3ENlr0TiBd2_54vlUw9QAlUFlRYR6QtY3cnLvZDRQqekr8yDtqYWd3G8fggMkp7s6FL6Qbnk5v9&ppt=sp&ppn=sp&ssid=d5jlwz2asg0000001784731004443&qH=312f91285e048e09&ov_redirect=true,Intel Core Ultra 7 Processor | 16 GB LPDDR5X RAM | 64 bit Windows 11 Operating System | 512 GB SSD | 39.62 cm (15.6 Inch) Display | MS Office Home and Student 2024 | 1 Year Manufacturer Warranty for Laptop and 6 Months for In-Box Accessories
17,18,HP 14 AI PC Intel Core Ultra 7 155H - (16 GB/512 GB SSD/Windows 11 Home) 14-ep1151TU/14-gr1036TU/14-ep...,"₹79,990",4.1,790 Ratings,https://rukminim2.flixcart.com/image/312/312/xif0q/computer/o/9/k/-original-imahgry8nwkejmae.jpeg?q=70,https://www.flipkart.com/hp-14-ai-pc-intel-core-ultra-7-155h-16-gb-512-gb-ssd-windows-11-home-14-ep1151tu-14-gr1036tu-14-ep1151tu-thin-light-laptop/p/itm4c681812b88bf?pid=COMHF8G932EYZAJF&lid=LSTCOMHF8G932EYZAJFOUI9CA&marketplace=FLIPKART&q=laptop&store=6bo%2Fb5g&srno=s_17_402&otracker=search&fm=organic&iid=en_oBHvg-1T8Y95Zlcwidac2aI2P_hPpCfXrqFyz49Z5Q2YEb4NugZhTvWmr4rTG_tCWhvkrgYyY8XL-uErF8970aU4JGq2qGfuCYjFJWjKqlTuqIONvV4T0YNDDd5Ax2bB&ppt=sp&ppn=sp&ssid=d5jlwz2asg0000001784731004443&qH=312f91285e048e09&ov_redirect=true,Intel Core Ultra 7 Processor | 16 GB DDR5 RAM | Windows 11 Home Operating System | 512 GB SSD | 35.56 cm (14 Inch) Display | 1 Year Onsite Warranty
17,19,Lenovo Ideapad Intel Core i5 12th Gen 12450H - (16 GB/512 GB SSD/Windows 11 Home/4 GB Graphics) 15IAH8...,"₹69,980",4.1,153 Ratings,https://rukminim2.flixcart.com/image/312/312/xif0q/computer/z/p/f/-original-imahex3uzm8x2gsk.jpeg?q=70,https://www.flipkart.com/lenovo-ideapad-intel-core-i5-12th-gen-12450h-16-gb-512-gb-ssd-windows-11-home-4-graphics-15iah8-thin-light-laptop/p/itm76f0e5d975817?pid=COMGYSFGJKSCNDDC&lid=LSTCOMGYSFGJKSCNDDCDTHDSB&marketplace=FLIPKART&q=laptop&store=6bo%2Fb5g&srno=s_17_403&otracker=search&fm=organic&iid=bb24dd92-a6b9-4717-aa1f-2d4169dd5fa8.COMGYSFGJKSCNDDC.SEARCH&ppt=sp&ppn=sp&ssid=d5jlwz2asg0000001784731004443&qH=312f91285e048e09&ov_redirect=true,Intel Core i5 Processor (12th Gen) | 16 GB LPDDR5 RAM | Windows 11 Operating System | 512 GB SSD | 39.62 cm (15.6 Inch) Display | Office Home & Student 2021 | 1 Yr. Onsite + 1 Yr. Accidental Damage Protection
17,20,Lenovo Ideapad Slim 3 OLED with 1Yr ADP Snapdragon X - (16 GB/512 GB SSD/Windows 11 Home) 15Q8X10 Lapt...,"₹71,900",4.7,20 Ratings,https://rukminim2.flixcart.com/image/312/312/xif0q/computer/f/8/x/-original-imahjqzfg8mjn9ep.jpeg?q=70,https://www.flipkart.com/lenovo-ideapad-slim-3-oled-1yr-adp-snapdragon-x-16-gb-512-gb-ssd-windows-11-home-15q8x10-laptop/p/itm5306716cd0f2f?pid=COMHGMMWNG4ME6GT&lid=LSTCOMHGMMWNG4ME6GTU7EFB5&marketplace=FLIPKART&q=laptop&store=6bo%2Fb5g&srno=s_17_404&otracker=search&fm=organic&iid=bb24dd92-a6b9-4717-aa1f-2d4169dd5fa8.COMHGMMWNG4ME6GT.SEARCH&ppt=sp&ppn=sp&ssid=d5jlwz2asg0000001784731004443&qH=312f91285e048e09&ov_redirect=true,Snapdragon X Processor | 16 GB LPDDR5X RAM | 64 bit Windows 11 Home Operating System | 512 GB SSD | 38.35 cm (15.1 Inch) Display | 1 Year Limited Warranty
17,21,"ASUS Vivobook S14 (2025) with Office 2024 + M365 Basic*, AI PC, Backlit Keyboard, Snapdragon X - (16 G...","₹65,990",4.5,"1,398 Ratings",https://rukminim2.flixcart.com/image/312/312/xif0q/computer/y/l/y/-original-imahgfdfj7hkyhr6.jpeg?q=70,https://www.flipkart.com/asus-vivobook-s14-2025-office-2024-m365-basic-ai-pc-backlit-keyboard-snapdragon-x-16-gb-512-gb-ssd-windows-11-home-s3407qa-kp027ws-thin-light-laptop/p/itmafafdebe9e0fe?pid=COMH9SJ9R2XPUEKZ&lid=LSTCOMH9SJ9R2XPUEKZ5XQBHY&marketplace=FLIPKART&q=laptop&store=6bo%2Fb5g&srno=s_17_405&otracker=search&fm=organic&iid=bb24dd92-a6b9-4717-aa1f-2d4169dd5fa8.COMH9SJ9R2XPUEKZ.SEARCH&ppt=sp&ppn=sp&ssid=d5jlwz2asg0000001784731004443&qH=312f91285e048e09&ov_redirect=true,"Snapdragon X Processor | 16 GB LPDDR5X RAM | Windows 11 Home Operating System | 512 GB SSD | 35.56 cm (14 Inch) Display | Microsoft Office Home 2024 (Lifetime Validity ) + Microsoft 365 Basic*(1-Year Validity), One-Month Membership of Adobe Creative Cloud All Apps | 1 Year Onsite Warranty"
17,22,Lenovo LOQ Essential Intel Core i7 12650HX - (16 GB/512 GB SSD/Windows 11 Home/6 GB Graphics/NVIDIA Ge...,"₹1,19,990",4.2,375 Ratings,https://rukminim2.flixcart.com/image/312/312/xif0q/computer/4/z/i/-original-imahbzhpaggvytyz.jpeg?q=70,https://www.flipkart.com/lenovo-loq-essential-intel-core-i7-12650hx-16-gb-512-gb-ssd-windows-11-home-6-graphics-nvidia-geforce-rtx-4050-15iax9e-gaming-laptop/p/itmd07e54ebaf097?pid=COMHGEQVUDH5RKJH&lid=LSTCOMHGEQVUDH5RKJH2MWT2P&marketplace=FLIPKART&q=laptop&store=6bo%2Fb5g&srno=s_17_406&otracker=search&fm=organic&iid=bb24dd92-a6b9-4717-aa1f-2d4169dd5fa8.COMHGEQVUDH5RKJH.SEARCH&ppt=sp&ppn=sp&ssid=d5jlwz2asg0000001784731004443&qH=312f91285e048e09&ov_redirect=true,Intel Core i7 Processor | 16 GB DDR5 RAM | Windows 11 Home Operating System | 512 GB SSD | 39.62 cm (15.6 Inch) Display | 1 Year Carry-in Warranty
17,23,HP 14 AI PC Intel Core Ultra 7 155H - (16 GB/1 TB SSD/Windows 11 Home) 14-ep1152TU Thin and Light Lapt...,"₹85,990",4.1,790 Ratings,https://rukminim2.flixcart.com/image/312/312/xif0q/computer/a/h/z/-original-imahgh9exfmtg44y.jpeg?q=70,https://www.flipkart.com/hp-14-ai-pc-intel-core-ultra-7-155h-16-gb-1-tb-ssd-windows-11-home-14-ep1152tu-thin-light-laptop/p/itm448874079369f?pid=COMHG98EXZ3AJYZN&lid=LSTCOMHG98EXZ3AJYZNODD67U&marketplace=FLIPKART&q=laptop&store=6bo%2Fb5g&srno=s_17_407&otracker=search&fm=organic&iid=en_oBHvg-1T8Y95Zlcwidac2aI2P_hPpCfXrqFyz49Z5Q1X7Af_c5Zm1trbD1IwzprNh5G6U5aEaI_enC8f768AnyGkgDYpheMzpTOfbcb9jJruqIONvV4T0YNDDd5Ax2bB&ppt=sp&ppn=sp&ssid=d5jlwz2asg0000001784731004443&qH=312f91285e048e09&ov_redirect=true,Intel Core Ultra 7 Processor | 16 GB DDR5 RAM | Windows 11 Home Operating System | 1 TB SSD | 35.56 cm (14 Inch) Display | 1 Year Onsite Warranty
17,24,HP OMEN AI AMD Ryzen AI 7 Octa Core AI 7 350 - (24 GB/1 TB SSD/Windows 11 Home/8 GB Graphics/NVIDIA Ge...,"₹1,34,990",4.5,112 Ratings,https://rukminim2.flixcart.com/image/312/312/xif0q/computer/1/a/f/-original-imahgfdy8czyaypq.jpeg?q=70,https://www.flipkart.com/hp-omen-ai-amd-ryzen-7-octa-core-350-24-gb-1-tb-ssd-windows-11-home-8-gb-graphics-nvidia-geforce-rtx-5050-16-ap0165ax-gaming-laptop/p/itm5661c90728083?pid=COMHEHHXKFQSABXZ&lid=LSTCOMHEHHXKFQSABXZEF3JCN&marketplace=FLIPKART&q=laptop&store=6bo%2Fb5g&srno=s_17_408&otracker=search&fm=organic&iid=en_oBHvg-1T8Y95Zlcwidac2aI2P_hPpCfXrqFyz49Z5Q0EtMJxDFxLpOUnMqeuh0Z8St8s0FwzStmVNuDw0YIb7vRQYaQqNgqexXd2bqUccoKMuspXSXAAzU2qTaLHlcRd&ppt=sp&ppn=sp&ssid=d5jlwz2asg0000001784731004443&qH=312f91285e048e09&ov_redirect=true,AMD Ryzen AI 7 Octa Core Processor | 24 GB DDR5 RAM | Windows 11 Home Operating System | 1 TB SSD | 40.64 cm (16 Inch) Display | 1 Year Onsite Warranty
18,1,ASUS Vivobook 15 Intel Core i5 12th Gen 1235U - (16 GB/512 GB SSD/Windows 11 Home) X1502ZA-EJ545WS Thi...,"₹51,990",4.2,"8,891 Ratings",https://rukminim2.flixcart.com/image/312/312/xif0q/computer/c/3/a/-enriched-transparent-original-imahg5fxdapjw9dk.png?q=70,https://www.flipkart.com/asus-vivobook-15-intel-core-i5-12th-gen-1235u-16-gb-512-gb-ssd-windows-11-home-x1502za-ej545ws-thin-light-laptop/p/itm3b11f9400fcd8?pid=COMGR5QEDDTGGUBX&lid=LSTCOMGR5QEDDTGGUBXOVXZAO&marketplace=FLIPKART&q=laptop&store=6bo%2Fb5g&srno=s_18_409&otracker=search&fm=organic&iid=43dd9580-ddf3-4c56-8071-7458d2cedd3c.COMGR5QEDDTGGUBX.SEARCH&ppt=sp&ppn=sp&ssid=6lo1vfwtgg0000001784731009769&qH=312f91285e048e09&ov_redirect=true,Intel Core i5 Processor (12th Gen) | 16 GB DDR4 RAM | 64 bit Windows 11 Operating System | 512 GB SSD | 39.62 cm (15.6 Inch) Display | 1 Year Onsite Warranty
18,2,Currently unavailable,Not Found,4.1,758 Ratings,https://rukminim2.flixcart.com/image/312/312/xif0q/computer/6/j/d/255-g10-thin-and-light-laptop-hp-original-imahfbzaghyxz8xh.jpeg?q=70,https://www.flipkart.com/hp-255-g10-2025-amd-ryzen-7-octa-core-7730u-16-gb-512-gb-ssd-windows-11-home-thin-light-laptop/p/itmf172b414a55c6?pid=COMHFBNTHHWGNG37&q=laptop&store=6bo%2Fb5g&srno=s_18_410&otracker=search&fm=organic&iid=43dd9580-ddf3-4c56-8071-7458d2cedd3c.COMHFBNTHHWGNG37.SEARCH&ppt=sp&ppn=sp&ssid=6lo1vfwtgg0000001784731009769&qH=312f91285e048e09&ov_redirect=true,AMD Ryzen 7 Octa Core Processor | 16 GB DDR4 RAM | Windows 11 Home Operating System | 512 GB SSD | 39.62 cm (15.6 Inch) Display | Windows 11 | 1 Year Onsite Warranty
18,3,Samsung Galaxy Book4 Metal Intel Core i5 13th Gen 1335U - (8 GB/512 GB SSD/Windows 11 Home) NP750XGJ-K...,"₹56,990",4.4,"19,735 Ratings",https://rukminim2.flixcart.com/image/312/312/xif0q/computer/k/t/y/-enriched-transparent-original-imahg53xspmfrsdd.png?q=70,https://www.flipkart.com/samsung-galaxy-book4-metal-intel-core-i5-13th-gen-1335u-8-gb-512-gb-ssd-windows-11-home-np750xgj-kg1in-np750xgj-lg1in-np750xgj-lg6in-thin-light-laptop/p/itm1df5212efb9fc?pid=COMGZUYDFZXHWYWZ&lid=LSTCOMGZUYDFZXHWYWZJ6V2KW&marketplace=FLIPKART&q=laptop&store=6bo%2Fb5g&srno=s_18_411&otracker=search&fm=organic&iid=en_dzLPY4pnpNMVQrkyfsvxES7Kpcwh3j7rECMCcgoCq39OtbgOACYmYSD6iKZnsqHcsfGME0kkMQMICwGxasfmZSpiZoP3ZcDDMuaOuWFYumO1pqIjakK5kxC2EBRKHV4h&ppt=sp&ppn=sp&ssid=6lo1vfwtgg0000001784731009769&qH=312f91285e048e09&ov_redirect=true,Intel Core i5 Processor (13th Gen) | 8 GB LPDDR4X RAM | 64 bit Windows 11 Operating System | 512 GB SSD | 39.62 cm (15.6 Inch) Display | 1 Year Manufacturer Warranty for Laptop and 6 Months for In-Box Accessories
18,4,Samsung Galaxy Book4 Metal Intel Core i3 13th Gen 1315U - (8 GB/512 GB SSD/Windows 11 Home) NP750XGJ-L...,"₹57,490",4.4,"10,670 Ratings",https://rukminim2.flixcart.com/image/312/312/xif0q/computer/q/k/o/-enriched-transparent-original-imahg53xmzmtsynn.png?q=70,https://www.flipkart.com/samsung-galaxy-book4-metal-intel-core-i3-13th-gen-1315u-8-gb-512-gb-ssd-windows-11-home-np750xgj-lg9in-thin-light-laptop/p/itmc29d559898e6f?pid=COMH4Y6KKRC9YSWE&lid=LSTCOMH4Y6KKRC9YSWERDUMZD&marketplace=FLIPKART&q=laptop&store=6bo%2Fb5g&srno=s_18_412&otracker=search&fm=organic&iid=en_dzLPY4pnpNMVQrkyfsvxES7Kpcwh3j7rECMCcgoCq39CnRhYxjI5yTWWB965y_OYVqKfzRTPmTYCvEc1OQ2_kCChg9vAnpscSdI7uOc1ZHW1pqIjakK5kxC2EBRKHV4h&ppt=sp&ppn=sp&ssid=6lo1vfwtgg0000001784731009769&qH=312f91285e048e09&ov_redirect=true,Intel Core i3 Processor (13th Gen) | 8 GB LPDDR4X RAM | 64 bit Windows 11 Operating System | 512 GB SSD | 39.62 cm (15.6 Inch) Display | 1 Year Onsite Warranty
18,5,ASUS TUF Gaming A15 AMD Ryzen 7 Hexa Core - (16 GB/512 GB SSD/Windows 11 Home/4 GB Graphics/NVIDIA GeF...,"₹81,844",5,3 Ratings,https://rukminim2.flixcart.com/image/312/312/xif0q/computer/j/n/b/fa506ncg-hn199w-gaming-laptop-asus-original-imahhnhhc6avyxdd.jpeg?q=70,https://www.flipkart.com/asus-tuf-gaming-a15-amd-ryzen-7-hexa-core-16-gb-512-gb-ssd-windows-11-home-4-graphics-nvidia-geforce-rtx-3050-144-hz-fa506ncg-hn199w-laptop/p/itmca7ce1e457d2f?pid=COMHHNHHCY3K6BNG&lid=LSTCOMHHNHHCY3K6BNGWSYD9N&marketplace=FLIPKART&q=laptop&store=6bo%2Fb5g&srno=s_18_413&otracker=search&fm=organic&iid=43dd9580-ddf3-4c56-8071-7458d2cedd3c.COMHHNHHCY3K6BNG.SEARCH&ppt=sp&ppn=sp&ssid=6lo1vfwtgg0000001784731009769&qH=312f91285e048e09&ov_redirect=true,AMD Ryzen 7 Hexa Core Processor | 16 GB DDR5 RAM | Windows 11 Home Operating System | 512 GB SSD | 39.62 cm (15.6 inch) Display | 1 Year warranty
18,6,Acer Aspire Intel Celeron Dual Core N4500 - (12 GB/256 GB SSD/Windows 11 Home) A324-45-V2 Thin and Lig...,"₹29,999",3.8,"2,061 Ratings",https://rukminim2.flixcart.com/image/312/312/xif0q/computer/b/1/f/-enriched-transparent-original-imahg4uuqzzvgjnz.png?q=70,https://www.flipkart.com/acer-aspire-intel-celeron-dual-core-n4500-12-gb-256-gb-ssd-windows-11-home-a324-45-v2-thin-light-laptop/p/itmbbfe217e40d59?pid=COMHFZYZHA5YJHS3&lid=LSTCOMHFZYZHA5YJHS30OEKLM&marketplace=FLIPKART&q=laptop&store=6bo%2Fb5g&srno=s_18_414&otracker=search&fm=organic&iid=43dd9580-ddf3-4c56-8071-7458d2cedd3c.COMHFZYZHA5YJHS3.SEARCH&ppt=sp&ppn=sp&ssid=6lo1vfwtgg0000001784731009769&qH=312f91285e048e09&ov_redirect=true,Intel Celeron Dual Core Processor | 12 GB LPDDR4X RAM | 64 bit Windows 11 Operating System | 256 GB SSD | 35.56 cm (14 Inch) Display | 1 Year Carry-in Warranty
18,7,DELL Inspiron 5440 - 100U Intel Core i3 14th Gen - (8 GB/512 GB SSD/Windows 11 Pro) 7FN5J Laptop,"₹49,389",3.7,3 Ratings,https://rukminim2.flixcart.com/image/312/312/xif0q/computer/x/f/7/inspiron-5440-laptop-dell-original-imahm5dhhhkhswdj.jpeg?q=70,https://www.flipkart.com/dell-inspiron-5440-100u-intel-core-i3-14th-gen-8-gb-512-gb-ssd-windows-11-pro-7fn5j-laptop/p/itmad6efd206c154?pid=COMHM5DHZ6WACGCY&lid=LSTCOMHM5DHZ6WACGCYBQKGMS&marketplace=FLIPKART&q=laptop&store=6bo%2Fb5g&srno=s_18_415&otracker=search&fm=organic&iid=43dd9580-ddf3-4c56-8071-7458d2cedd3c.COMHM5DHZ6WACGCY.SEARCH&ppt=sp&ppn=sp&ssid=6lo1vfwtgg0000001784731009769&qH=312f91285e048e09&ov_redirect=true,Intel Core i3 Processor (14th Gen) | 8 GB DDR4 RAM | DOS Operating System | 512 GB SSD | 35.56 cm (14 inch) Display | 1 YEAR
18,8,ASUS Pro P5 Intel Core i7 8th Gen 8565U - (8 GB/1 TB HDD/256 GB SSD/Windows 10 Pro) Pro P5 P5440FA Thi...,"₹66,990",Not Found,Not Found,https://rukminim2.flixcart.com/image/312/312/kf8kvbk0/computer/f/x/f/asus-original-imafvq243ppg4hax.jpeg?q=70,https://www.flipkart.com/asus-pro-p5-intel-core-i7-8th-gen-8565u-8-gb-1-tb-hdd-256-gb-ssd-windows-10-pro-p5440fa-thin-light-laptop/p/itm3004afbd3a221?pid=COMFVKZG7PEB2J5N&lid=LSTCOMFVKZG7PEB2J5N0UBPGT&marketplace=FLIPKART&q=laptop&store=6bo%2Fb5g&srno=s_18_416&otracker=search&fm=organic&iid=43dd9580-ddf3-4c56-8071-7458d2cedd3c.COMFVKZG7PEB2J5N.SEARCH&ppt=sp&ppn=sp&ssid=6lo1vfwtgg0000001784731009769&qH=312f91285e048e09&ov_redirect=true,Intel Core i7 Processor (8th Gen) | 8 GB DDR4 RAM | 64 bit Windows 10 Operating System | 1 TB HDD|256 GB SSD | 35.56 cm (14 Inch) Display | 1 Year Manufacturer Warranty on the Device and 6 Months Manufacturer Warranty on Included Accessories from the Date of Purchase
18,9,HP Omnibook 3 2K WUXGA Snapdragon X - (16 GB/512 GB SSD/Windows 11 Home) Omnibook 3 14-hz0024QU Laptop,"₹72,990",4.1,11 Ratings,https://rukminim2.flixcart.com/image/312/312/xif0q/computer/u/e/9/-original-imahzvfcsqpynrcd.jpeg?q=70,https://www.flipkart.com/hp-omnibook-3-2k-wuxga-snapdragon-x-16-gb-512-gb-ssd-windows-11-home-14-hz0024qu-laptop/p/itmbd5346cd09abc?pid=COMHZGK2ACSECZB5&lid=LSTCOMHZGK2ACSECZB52ALLPO&marketplace=FLIPKART&q=laptop&store=6bo%2Fb5g&srno=s_18_417&otracker=search&fm=organic&iid=en_dzLPY4pnpNMVQrkyfsvxES7Kpcwh3j7rECMCcgoCq38jUh7sAIPz24EWzlecPPoFQDaMOpjaAqIhVlr2eDOqkK8WMJxc_eOD3pdFe_35DQW1pqIjakK5kxC2EBRKHV4h&ppt=sp&ppn=sp&ssid=6lo1vfwtgg0000001784731009769&qH=312f91285e048e09&ov_redirect=true,Snapdragon X Processor | 16 GB LPDDR5X RAM | Windows 11 Home Operating System | 512 GB SSD | 35.56 cm (14 inch) Display | MS Office Home 2024 | 1 Year Onsite Service
18,10,DELL 15 (Previouly Inspiron) AMD Ryzen 5 Quad Core 7520U - (8 GB/512 GB SSD/Windows 11 Home) DC15255 T...,"₹57,990",4.5,6 Ratings,https://rukminim2.flixcart.com/image/312/312/xif0q/computer/m/x/0/-original-imahzv9agugnddrg.jpeg?q=70,https://www.flipkart.com/dell-15-previouly-inspiron-amd-ryzen-5-quad-core-7520u-8-gb-512-gb-ssd-windows-11-home-dc15255-thin-light-laptop/p/itmb80bb4e819164?pid=COMHDXXUHGDCHMQX&lid=LSTCOMHDXXUHGDCHMQXUEUE9X&marketplace=FLIPKART&q=laptop&store=6bo%2Fb5g&srno=s_18_418&otracker=search&fm=organic&iid=en_dzLPY4pnpNMVQrkyfsvxES7Kpcwh3j7rECMCcgoCq39bX9_CAVdD3e5CqlERCeaKKS7KjhXWMehRCKPAR7kLILb6bL0Zx_kaK68EeWHdQeC1pqIjakK5kxC2EBRKHV4h&ppt=sp&ppn=sp&ssid=6lo1vfwtgg0000001784731009769&qH=312f91285e048e09&ov_redirect=true,AMD Ryzen 5 Quad Core Processor | 8 GB LPDDR5 RAM | Windows 11 Operating System | 512 GB SSD | 38.1 cm (15 Inch) Display | 1 Year Onsite Warranty
18,11,Lenovo Yoga 6 with 1Yr ADP AMD Ryzen 7 Octa Core 7730U - (16 GB/1 TB SSD/Windows 11 Home) 13ABR8 2 in ...,"₹1,21,690",4.1,153 Ratings,https://rukminim2.flixcart.com/image/312/312/xif0q/computer/w/y/m/-enriched-transparent-original-imahg5fydy9gnhkt.png?q=70,https://www.flipkart.com/lenovo-yoga-6-1yr-adp-amd-ryzen-7-octa-core-7730u-16-gb-1-tb-ssd-windows-11-home-13abr8-2-1-laptop/p/itm0a5d2a15938e8?pid=COMGSVFES2XSYQYY&lid=LSTCOMGSVFES2XSYQYYYK27H0&marketplace=FLIPKART&q=laptop&store=6bo%2Fb5g&srno=s_18_419&otracker=search&fm=organic&iid=43dd9580-ddf3-4c56-8071-7458d2cedd3c.COMGSVFES2XSYQYY.SEARCH&ppt=sp&ppn=sp&ssid=6lo1vfwtgg0000001784731009769&qH=312f91285e048e09&ov_redirect=true,AMD Ryzen 7 Octa Core Processor | 16 GB LPDDR4X RAM | 64 bit Windows 11 Operating System | 1 TB SSD | 33.78 cm (13.3 Inch) Touchscreen Display | 1Yr Warranty + 1 Yr Premium Care and 1 Yr Accidental Damage Protection
18,12,ASUS ROG Strix G16 (2025) with Office 2024 + M365 Basic* Intel Core Ultra 9 275HX - (32 GB/1 TB SSD/Wi...,"₹3,29,990",4.8,40 Ratings,https://rukminim2.flixcart.com/image/312/312/xif0q/computer/5/8/n/-original-imahpdyhhutbcxea.jpeg?q=70,https://www.flipkart.com/asus-rog-strix-g16-2025-office-2024-m365-basic-intel-core-ultra-9-275hx-32-gb-1-tb-ssd-windows-11-home-16-gb-graphics-nvidia-geforce-rtx-5080-165-hz-175-w-g615lw-rv148ws-gaming-laptop/p/itm20b5d68f8b36e?pid=COMHBGQ4KHERYNBA&lid=LSTCOMHBGQ4KHERYNBAV2GZ0Q&marketplace=FLIPKART&q=laptop&store=6bo%2Fb5g&srno=s_18_420&otracker=search&fm=organic&iid=43dd9580-ddf3-4c56-8071-7458d2cedd3c.COMHBGQ4KHERYNBA.SEARCH&ppt=sp&ppn=sp&ssid=6lo1vfwtgg0000001784731009769&qH=312f91285e048e09&ov_redirect=true,"Intel Core Ultra 9 Processor | 32 GB DDR5 RAM | Windows 11 Home Operating System | 1 TB SSD | 40.64 cm (16 Inch) Display | Microsoft Office Home 2024 (Lifetime Validity) + Microsoft 365 Basic*(1 Year Validity), McAfee 1 Year | 1 Year Onsite Warranty"
18,13,HP 15 (i5 14th Gen) Intel Core 5 120U - (24 GB/512 GB SSD/Windows 11 Home) 15-fd0262TU Thin and Light ...,"₹82,990",4.2,195 Ratings,https://rukminim2.flixcart.com/image/312/312/xif0q/computer/z/i/b/-original-imahzu4rwxnezv9x.jpeg?q=70,https://www.flipkart.com/hp-15-i5-14th-gen-intel-core-5-120u-24-gb-512-gb-ssd-windows-11-home-15-fd0262tu-thin-light-laptop/p/itm027a3317f4ff9?pid=COMHM94A7PHVCQT7&lid=LSTCOMHM94A7PHVCQT7QTPOH7&marketplace=FLIPKART&q=laptop&store=6bo%2Fb5g&srno=s_18_421&otracker=search&fm=organic&iid=en_dzLPY4pnpNMVQrkyfsvxES7Kpcwh3j7rECMCcgoCq398RhYCGhvj3DZow0sasJ09ajNODExQ3AD2YwLVEpFEnL-0TByd-y2aowfbZcqv2qC1pqIjakK5kxC2EBRKHV4h&ppt=sp&ppn=sp&ssid=6lo1vfwtgg0000001784731009769&qH=312f91285e048e09&ov_redirect=true,Intel Core 5 Processor | 24 GB DDR5 RAM | Windows 11 Home Operating System | 512 GB SSD | 39.62 cm (15.6 inch) Display | Microsoft Office Home 2024 (Lifetime Validity ) + Microsoft 365(1-Year Validity) | 1 Year Onsite Service
18,14,HP 14 AI PC Intel Core Ultra 7 155H - (16 GB/512 GB SSD/Windows 11 Home) 14-ep1151TU/14-gr1036TU/14-ep...,"₹79,990",4.1,790 Ratings,https://rukminim2.flixcart.com/image/312/312/xif0q/computer/o/9/k/-original-imahgry8nwkejmae.jpeg?q=70,https://www.flipkart.com/hp-14-ai-pc-intel-core-ultra-7-155h-16-gb-512-gb-ssd-windows-11-home-14-ep1151tu-14-gr1036tu-14-ep1151tu-thin-light-laptop/p/itm4c681812b88bf?pid=COMHF8G932EYZAJF&lid=LSTCOMHF8G932EYZAJFOUI9CA&marketplace=FLIPKART&q=laptop&store=6bo%2Fb5g&srno=s_18_422&otracker=search&fm=organic&iid=en_dzLPY4pnpNMVQrkyfsvxES7Kpcwh3j7rECMCcgoCq384JemXMMAPLNTPhcdYfQKrq1hjzYDbDbYctS2-qOIVIqU4JGq2qGfuCYjFJWjKqlRI5S7eIFelvXoRIoxGqFu7&ppt=sp&ppn=sp&ssid=6lo1vfwtgg0000001784731009769&qH=312f91285e048e09&ov_redirect=true,Intel Core Ultra 7 Processor | 16 GB DDR5 RAM | Windows 11 Home Operating System | 512 GB SSD | 35.56 cm (14 Inch) Display | 1 Year Onsite Warranty
18,15,"ASUS Vivobook 14 Flip OLED (2026) with Touch Screen, Metallic Design, Intel Core Ultra 5 226V - (16 GB...","₹98,990",5,3 Ratings,https://rukminim2.flixcart.com/image/312/312/xif0q/computer/l/r/p/-original-imahmbf85auqsmex.jpeg?q=70,https://www.flipkart.com/asus-vivobook-14-flip-oled-2026-touch-screen-metallic-design-intel-core-ultra-5-226v-16-gb-512-gb-ssd-windows-11-home-tp3407sa-sg183ws-2-1-laptop/p/itmffd74b3d38344?pid=COMHHAFFYEGZUXG8&lid=LSTCOMHHAFFYEGZUXG8KRCSCI&marketplace=FLIPKART&q=laptop&store=6bo%2Fb5g&srno=s_18_423&otracker=search&fm=organic&iid=43dd9580-ddf3-4c56-8071-7458d2cedd3c.COMHHAFFYEGZUXG8.SEARCH&ppt=sp&ppn=sp&ssid=6lo1vfwtgg0000001784731009769&qH=312f91285e048e09&ov_redirect=true,"Intel Core Ultra 5 Processor | 16 GB LPDDR5X RAM | Windows 11 Home Operating System | 512 GB SSD | 35.56 cm (14 inch) Touchscreen Display | Microsoft Office Home 2024 (Lifetime Validity ) + Microsoft 365 Basic(1-Year Validity), One-Month Membership of Adobe Creative Cloud All Apps, McAfee 1 year | 1 Year Onsite Service"
18,16,MOTOROLA Motobook 60 Pro Full Metal AI PC WUXGA OLED Intel Core Ultra 5 225H - (16 GB/512 GB SSD/Windo...,"₹79,990",4.5,642 Ratings,https://rukminim2.flixcart.com/image/312/312/xif0q/computer/f/b/7/-original-imahmazjdpcgnkrq.jpeg?q=70,https://www.flipkart.com/motorola-motobook-60-pro-full-metal-ai-pc-wuxga-oled-intel-core-ultra-5-225h-16-gb-512-gb-ssd-windows-11-home-14iah101-thin-light-laptop/p/itm9a8f7e63c313f?pid=COMHZJ49GZXD9CQG&lid=LSTCOMHZJ49GZXD9CQGFQSK5V&marketplace=FLIPKART&q=laptop&store=6bo%2Fb5g&srno=s_18_424&otracker=search&fm=organic&iid=43dd9580-ddf3-4c56-8071-7458d2cedd3c.COMHZJ49GZXD9CQG.SEARCH&ppt=sp&ppn=sp&ssid=6lo1vfwtgg0000001784731009769&qH=312f91285e048e09&ov_redirect=true,Intel Core Ultra 5 Processor | 16 GB DDR5 RAM | 64 bit Windows 11 Operating System | 512 GB SSD | 35.56 cm (14 inch) Display | Office Home & Student 2024 | 1 Year Onsite Service
18,17,"ASUS Vivobook S16 OLED (2025) with Backlit Keyboard, Metal Body*, Snapdragon X - (16 GB/512 GB SSD/Win...","₹69,982",4.5,"1,398 Ratings",https://rukminim2.flixcart.com/image/312/312/xif0q/computer/v/w/q/-original-imahg9qzyba9szzs.jpeg?q=70,https://www.flipkart.com/asus-vivobook-s16-oled-2025-backlit-keyboard-metal-body-snapdragon-x-16-gb-512-gb-ssd-windows-11-home-s3607qa-sh075ws-thin-light-laptop/p/itm521c22c1a77f5?pid=COMHCQ5E5A5TZUVJ&lid=LSTCOMHCQ5E5A5TZUVJFZXRGF&marketplace=FLIPKART&q=laptop&store=6bo%2Fb5g&srno=s_18_425&otracker=search&fm=organic&iid=43dd9580-ddf3-4c56-8071-7458d2cedd3c.COMHCQ5E5A5TZUVJ.SEARCH&ppt=sp&ppn=sp&ssid=6lo1vfwtgg0000001784731009769&qH=312f91285e048e09&ov_redirect=true,"Snapdragon X Processor | 16 GB LPDDR5X RAM | Windows 11 Home Operating System | 512 GB SSD | 40.64 cm (16 Inch) Display | Microsoft Office Home 2024 (Lifetime Validity ) + Microsoft 365 Basic*(1-Year Validity), One-Month Membership of Adobe Creative Cloud All Apps | 1 Year Onsite Warranty"
18,18,HP 240 G10 Backlit + FingerPrint (2025) Professional Intel Core i5 13th Gen 1334U - (16 GB/512 GB SSD/...,"₹63,990",3.5,6 Ratings,https://rukminim2.flixcart.com/image/312/312/xif0q/computer/t/r/e/240-g10-thin-and-light-laptop-hp-original-imahg5fgtttjm5ms.jpeg?q=70,https://www.flipkart.com/hp-240-g10-backlit-fingerprint-2025-professional-intel-core-i5-13th-gen-1334u-16-gb-512-gb-ssd-windows-11-pro-thin-light-laptop/p/itm89ee5334db645?pid=COMHG5FGCVZNGHPS&lid=LSTCOMHG5FGCVZNGHPSFPYVWI&marketplace=FLIPKART&q=laptop&store=6bo%2Fb5g&srno=s_18_426&otracker=search&fm=organic&iid=43dd9580-ddf3-4c56-8071-7458d2cedd3c.COMHG5FGCVZNGHPS.SEARCH&ppt=sp&ppn=sp&ssid=6lo1vfwtgg0000001784731009769&qH=312f91285e048e09&ov_redirect=true,"Intel Core i5 Processor (13th Gen) | 16 GB DDR4 RAM | 64 bit Windows 11 Operating System | 512 GB SSD | 35.56 cm (14 Inch) Display | Microsoft Office 2021, Windows 11 Pro | 1 Year Warranty"
18,19,HP 14 AI PC Intel Core Ultra 7 155H - (16 GB/1 TB SSD/Windows 11 Home) 14-ep1152TU Thin and Light Lapt...,"₹85,990",4.1,790 Ratings,https://rukminim2.flixcart.com/image/312/312/xif0q/computer/a/h/z/-original-imahgh9exfmtg44y.jpeg?q=70,https://www.flipkart.com/hp-14-ai-pc-intel-core-ultra-7-155h-16-gb-1-tb-ssd-windows-11-home-14-ep1152tu-thin-light-laptop/p/itm448874079369f?pid=COMHG98EXZ3AJYZN&lid=LSTCOMHG98EXZ3AJYZNODD67U&marketplace=FLIPKART&q=laptop&store=6bo%2Fb5g&srno=s_18_427&otracker=search&fm=organic&iid=en_dzLPY4pnpNMVQrkyfsvxES7Kpcwh3j7rECMCcgoCq39r1jyF8vZRmUdtZPDNLbnIC6YBzjaUMmK47SGkba_3oSGkgDYpheMzpTOfbcb9jJpI5S7eIFelvXoRIoxGqFu7&ppt=sp&ppn=sp&ssid=6lo1vfwtgg0000001784731009769&qH=312f91285e048e09&ov_redirect=true,Intel Core Ultra 7 Processor | 16 GB DDR5 RAM | Windows 11 Home Operating System | 1 TB SSD | 35.56 cm (14 Inch) Display | 1 Year Onsite Warranty
18,20,Samsung Galaxy Book5 AI Metal Intel Core Ultra 5 225U - (16 GB/512 GB SSD/Windows 11 Home) NP750XHD Th...,"₹84,990",4.6,837 Ratings,https://rukminim2.flixcart.com/image/312/312/xif0q/computer/0/2/e/-original-imahzcf3jkkjkhgc.jpeg?q=70,https://www.flipkart.com/samsung-galaxy-book5-ai-metal-intel-core-ultra-5-225u-16-gb-512-gb-ssd-windows-11-home-np750xhd-thin-light-laptop/p/itmc33d2563d0ffc?pid=COMHE4ATPCZ9FXRP&lid=LSTCOMHE4ATPCZ9FXRP7N1GVG&marketplace=FLIPKART&q=laptop&store=6bo%2Fb5g&srno=s_18_428&otracker=search&fm=organic&iid=en_dzLPY4pnpNMVQrkyfsvxES7Kpcwh3j7rECMCcgoCq3-PEJ93u3YXB-sB4AsGXJqG3WHJiuMjlX0EHxFVCjPkyeUBYPBIqgZE3mSuDz4Hsbm1pqIjakK5kxC2EBRKHV4h&ppt=sp&ppn=sp&ssid=6lo1vfwtgg0000001784731009769&qH=312f91285e048e09&ov_redirect=true,Intel Core Ultra 5 Processor | 16 GB LPDDR5X RAM | 64 bit Windows 11 Operating System | 512 GB SSD | 39.62 cm (15.6 Inch) Display | MS Office Home and Student 2024 | 1 Year Manufacturer Warranty for Laptop and 6 Months for In-Box Accessories
18,21,DELL PRO 15 (2026) DDR5 5600Mhz (i3 14th Gen) Intel Core 3 14th Gen 100U - (8 GB/512 GB SSD/Windows 11...,"₹52,990",3.8,44 Ratings,https://rukminim2.flixcart.com/image/312/312/xif0q/computer/v/p/c/pro-15-thin-and-light-laptop-dell-original-imahk5avmhwszzga.jpeg?q=70,https://www.flipkart.com/dell-pro-15-2026-ddr5-5600mhz-i3-14th-gen-intel-core-3-gen-100u-8-gb-512-gb-ssd-windows-11-pro-thin-light-laptop/p/itm51b9615f85177?pid=COMHK5AVXDWD9WBJ&lid=LSTCOMHK5AVXDWD9WBJ0ZKAJM&marketplace=FLIPKART&q=laptop&store=6bo%2Fb5g&srno=s_18_429&otracker=search&fm=organic&iid=43dd9580-ddf3-4c56-8071-7458d2cedd3c.COMHK5AVXDWD9WBJ.SEARCH&ppt=sp&ppn=sp&ssid=6lo1vfwtgg0000001784731009769&qH=312f91285e048e09&ov_redirect=true,"Intel Core 3 Processor (14th Gen) | 8 GB DDR5 RAM | 64 bit Windows 11 Operating System | 512 GB SSD | 39.62 cm (15.6 inch) Display | Microsoft Office 2021, Windows 11 Pro | 1 Year"
18,22,ASUS Chromebook CX14 Intel Celeron Dual Core N4500 - (4 GB/64 GB EMMC Storage/Chrome OS) CX1405CKA-NK0...,"₹27,290",3.9,611 Ratings,https://rukminim2.flixcart.com/image/312/312/xif0q/computer/9/u/w/-original-imahf69hwz6gnedj.jpeg?q=70,https://www.flipkart.com/asus-chromebook-cx14-intel-celeron-dual-core-n4500-4-gb-64-gb-emmc-storage-chrome-os-cx1405cka-nk0154-cx1405cka-s60342/p/itm076cdd51ac69a?pid=COMHDDZ7PYJZSGUZ&lid=LSTCOMHDDZ7PYJZSGUZDQ7ISM&marketplace=FLIPKART&q=laptop&store=6bo%2Fb5g&srno=s_18_430&otracker=search&fm=organic&iid=43dd9580-ddf3-4c56-8071-7458d2cedd3c.COMHDDZ7PYJZSGUZ.SEARCH&ppt=sp&ppn=sp&ssid=6lo1vfwtgg0000001784731009769&qH=312f91285e048e09&ov_redirect=true,Intel Celeron Dual Core Processor | 4 GB LPDDR4X RAM | Chrome Operating System | 35.56 cm (14 Inch) Display | MyASUS | 1 Year Onsite Warranty
18,23,Samsung Galaxy Book5 AI Metal Intel Core Ultra 7 255U - (16 GB/512 GB SSD/Windows 11 Home) NP750XHD Th...,"₹91,990",4.6,463 Ratings,https://rukminim2.flixcart.com/image/312/312/xif0q/computer/0/2/e/-original-imahzcf3jkkjkhgc.jpeg?q=70,https://www.flipkart.com/samsung-galaxy-book5-ai-metal-intel-core-ultra-7-255u-16-gb-512-gb-ssd-windows-11-home-np750xhd-thin-light-laptop/p/itma9c081cdbe95d?pid=COMHE4ATBCUTGUYT&lid=LSTCOMHE4ATBCUTGUYTJZ7NHN&marketplace=FLIPKART&q=laptop&store=6bo%2Fb5g&srno=s_18_431&otracker=search&fm=organic&iid=en_dzLPY4pnpNMVQrkyfsvxES7Kpcwh3j7rECMCcgoCq3-PxT_xrIqfgMloxzFR2QeM_54vlUw9QAlUFlRYR6QtY8H5LP6GMXD1iSKF2pPmS-S1pqIjakK5kxC2EBRKHV4h&ppt=sp&ppn=sp&ssid=6lo1vfwtgg0000001784731009769&qH=312f91285e048e09&ov_redirect=true,Intel Core Ultra 7 Processor | 16 GB LPDDR5X RAM | 64 bit Windows 11 Operating System | 512 GB SSD | 39.62 cm (15.6 Inch) Display | MS Office Home and Student 2024 | 1 Year Manufacturer Warranty for Laptop and 6 Months for In-Box Accessories
18,24,HP OMEN AI AMD Ryzen AI 7 Octa Core AI 7 350 - (24 GB/1 TB SSD/Windows 11 Home/8 GB Graphics/NVIDIA Ge...,"₹1,34,990",4.5,112 Ratings,https://rukminim2.flixcart.com/image/312/312/xif0q/computer/1/a/f/-original-imahgfdy8czyaypq.jpeg?q=70,https://www.flipkart.com/hp-omen-ai-amd-ryzen-7-octa-core-350-24-gb-1-tb-ssd-windows-11-home-8-gb-graphics-nvidia-geforce-rtx-5050-16-ap0165ax-gaming-laptop/p/itm5661c90728083?pid=COMHEHHXKFQSABXZ&lid=LSTCOMHEHHXKFQSABXZEF3JCN&marketplace=FLIPKART&q=laptop&store=6bo%2Fb5g&srno=s_18_432&otracker=search&fm=organic&iid=en_dzLPY4pnpNMVQrkyfsvxES7Kpcwh3j7rECMCcgoCq388XkjfIaVSxRWptQUYwlCsSt8s0FwzStmVNuDw0YIb7vRQYaQqNgqexXd2bqUccoILIgQdc0E64KrUimsgKWK_&ppt=sp&ppn=sp&ssid=6lo1vfwtgg0000001784731009769&qH=312f91285e048e09&ov_redirect=true,AMD Ryzen AI 7 Octa Core Processor | 24 GB DDR5 RAM | Windows 11 Home Operating System | 1 TB SSD | 40.64 cm (16 Inch) Display | 1 Year Onsite Warranty
19,1,"ASUS Vivobook 16 (2025), Copilot + PC with Backlit Keyboard, AI PC, Snapdragon X - (16 GB/512 GB SSD/W...","₹84,990",Not Found,Not Found,https://rukminim2.flixcart.com/image/312/312/xif0q/computer/n/z/n/x1607qa-mb049ws-thin-and-light-laptop-asus-original-imahh3ngyjazgvj4.jpeg?q=70,https://www.flipkart.com/asus-vivobook-16-2025-copilot-pc-backlit-keyboard-ai-pc-snapdragon-x-16-gb-512-gb-ssd-windows-11-home-x1607qa-mb049ws-thin-light-laptop/p/itmaff92a0acb4ff?pid=COMHHWCK4TGQVGGH&lid=LSTCOMHHWCK4TGQVGGHCHAQ2C&marketplace=FLIPKART&q=laptop&store=6bo%2Fb5g&srno=s_19_433&otracker=search&fm=organic&iid=30383f2a-1812-4086-abe4-9acfbbeb9cab.COMHHWCK4TGQVGGH.SEARCH&ppt=sp&ppn=sp&ssid=t9qb32qx1c0000001784731015021&qH=312f91285e048e09&ov_redirect=true,"Snapdragon X Processor | 16 GB LPDDR5X RAM | Windows 11 Home Operating System | 512 GB SSD | 40.64 cm (16 inch) Display | Microsoft Office Home 2024 (Lifetime Validity ) + Microsoft 365 Basic*(1-Year Validity), One-Month Membership of Adobe Creative Cloud All Apps | 1 Year Onsite Warranty"
19,2,HP Laptop Intel Core i5 12th Gen 1235U - (8 GB/512 GB SSD/Windows 11 Home) 15s-fq5329TU Thin and Light...,"₹62,466",4.2,470 Ratings,https://rukminim2.flixcart.com/image/312/312/xif0q/computer/g/w/f/-original-imahg52jgcpks9zf.jpeg?q=70,https://www.flipkart.com/hp-laptop-intel-core-i5-12th-gen-1235u-8-gb-512-gb-ssd-windows-11-home-15s-fq5329tu-thin-light/p/itm7d7024d1947e9?pid=COMGYZVFY8MFJ8QA&lid=LSTCOMGYZVFY8MFJ8QADSP2MN&marketplace=FLIPKART&q=laptop&store=6bo%2Fb5g&srno=s_19_434&otracker=search&fm=organic&iid=30383f2a-1812-4086-abe4-9acfbbeb9cab.COMGYZVFY8MFJ8QA.SEARCH&ppt=sp&ppn=sp&ssid=t9qb32qx1c0000001784731015021&qH=312f91285e048e09&ov_redirect=true,Intel Core i5 Processor (12th Gen) | 8 GB DDR4 RAM | 64 bit Windows 11 Operating System | 512 GB SSD | 39.62 cm (15.6 Inch) Display | 1 Year Onsite Warranty
19,3,HP Victus Intel Core i5 12th Gen 12450H - (8 GB/512 GB SSD/Windows 11 Home/4 GB Graphics/NVIDIA GeForc...,"₹72,718",4.3,"3,171 Ratings",https://rukminim2.flixcart.com/image/312/312/xif0q/computer/5/e/k/-enriched-transparent-original-imahg52nyjnkbrfx.png?q=70,https://www.flipkart.com/hp-victus-intel-core-i5-12th-gen-12450h-8-gb-512-gb-ssd-windows-11-home-4-graphics-nvidia-geforce-rtx-2050-144-hz-75-w-15-fa1226tx-gaming-laptop/p/itm9ad6649afe111?pid=COMHY8KVEKZVERUA&lid=LSTCOMHY8KVEKZVERUAB5OFP8&marketplace=FLIPKART&q=laptop&store=6bo%2Fb5g&srno=s_19_435&otracker=search&fm=organic&iid=30383f2a-1812-4086-abe4-9acfbbeb9cab.COMHY8KVEKZVERUA.SEARCH&ppt=sp&ppn=sp&ssid=t9qb32qx1c0000001784731015021&qH=312f91285e048e09&ov_redirect=true,Intel Core i5 Processor (12th Gen) | 8 GB DDR4 RAM | 64 bit Windows 11 Operating System | 512 GB SSD | 39.62 cm (15.6 Inch) Display | 1 Year Onsite Warranty
19,4,DELL Intel Core i3 13th Gen - (8 GB/512 GB SSD/Windows 11 Home) INSPIRON 5440 Laptop,"₹53,999",4.1,33 Ratings,https://rukminim2.flixcart.com/image/312/312/xif0q/computer/r/x/c/5440-laptop-dell-original-imahe33vfgjfz9ck.jpeg?q=70,https://www.flipkart.com/dell-intel-core-i3-13th-gen-8-gb-512-gb-ssd-windows-11-home-inspiron-5440-laptop/p/itm6d47525d5a661?pid=COMHE33VQAH8EHKJ&lid=LSTCOMHE33VQAH8EHKJO63UW6&marketplace=FLIPKART&q=laptop&store=6bo%2Fb5g&srno=s_19_436&otracker=search&fm=organic&iid=30383f2a-1812-4086-abe4-9acfbbeb9cab.COMHE33VQAH8EHKJ.SEARCH&ppt=sp&ppn=sp&ssid=t9qb32qx1c0000001784731015021&qH=312f91285e048e09&ov_redirect=true,Intel Core i3 Processor (13th Gen) | 8 GB DDR4 RAM | Windows 11 Home Operating System | 512 GB SSD | 35.56 cm (14 Inch) Display | 1 Year
19,5,Samsung Galaxy Book4 Metal Intel Core i5 13th Gen 1335U - (8 GB/512 GB SSD/Windows 11 Home) NP750XGJ-K...,"₹56,990",4.4,"19,735 Ratings",https://rukminim2.flixcart.com/image/312/312/xif0q/computer/k/t/y/-enriched-transparent-original-imahg53xspmfrsdd.png?q=70,https://www.flipkart.com/samsung-galaxy-book4-metal-intel-core-i5-13th-gen-1335u-8-gb-512-gb-ssd-windows-11-home-np750xgj-kg1in-np750xgj-lg1in-np750xgj-lg6in-thin-light-laptop/p/itm1df5212efb9fc?pid=COMGZUYDFZXHWYWZ&lid=LSTCOMGZUYDFZXHWYWZJ6V2KW&marketplace=FLIPKART&q=laptop&store=6bo%2Fb5g&srno=s_19_437&otracker=search&fm=organic&iid=en_Jbb7R7PVRr5Zjj8kJiy-DCgNRr7Ov9HCwDoRwgKp0prVbnVnD6RbUnUhFdfH55TwsfGME0kkMQMICwGxasfmZSpiZoP3ZcDDMuaOuWFYumO3OD5aGuQpTKF5ThNj2L5D&ppt=sp&ppn=sp&ssid=t9qb32qx1c0000001784731015021&qH=312f91285e048e09&ov_redirect=true,Intel Core i5 Processor (13th Gen) | 8 GB LPDDR4X RAM | 64 bit Windows 11 Operating System | 512 GB SSD | 39.62 cm (15.6 Inch) Display | 1 Year Manufacturer Warranty for Laptop and 6 Months for In-Box Accessories
19,6,Samsung Galaxy Book4 Metal Intel Core i3 13th Gen 1315U - (8 GB/512 GB SSD/Windows 11 Home) NP750XGJ-L...,"₹57,490",4.4,"10,670 Ratings",https://rukminim2.flixcart.com/image/312/312/xif0q/computer/q/k/o/-enriched-transparent-original-imahg53xmzmtsynn.png?q=70,https://www.flipkart.com/samsung-galaxy-book4-metal-intel-core-i3-13th-gen-1315u-8-gb-512-gb-ssd-windows-11-home-np750xgj-lg9in-thin-light-laptop/p/itmc29d559898e6f?pid=COMH4Y6KKRC9YSWE&lid=LSTCOMH4Y6KKRC9YSWERDUMZD&marketplace=FLIPKART&q=laptop&store=6bo%2Fb5g&srno=s_19_438&otracker=search&fm=organic&iid=en_Jbb7R7PVRr5Zjj8kJiy-DCgNRr7Ov9HCwDoRwgKp0pp8VJqguHr_mzpoOMfS6tNUVqKfzRTPmTYCvEc1OQ2_kCChg9vAnpscSdI7uOc1ZHW3OD5aGuQpTKF5ThNj2L5D&ppt=sp&ppn=sp&ssid=t9qb32qx1c0000001784731015021&qH=312f91285e048e09&ov_redirect=true,Intel Core i3 Processor (13th Gen) | 8 GB LPDDR4X RAM | 64 bit Windows 11 Operating System | 512 GB SSD | 39.62 cm (15.6 Inch) Display | 1 Year Onsite Warranty
19,7,Infinix Intel Core i7 10th Gen 1065G7 - (8 GB/512 GB SSD/Windows 11 Home/128 MB Graphics) XL21 Thin an...,"₹47,490",3.3,3 Ratings,https://rukminim2.flixcart.com/image/312/312/xif0q/computer/e/m/3/-original-imahg5fwdny3yfpb.jpeg?q=70,https://www.flipkart.com/infinix-intel-core-i7-10th-gen-1065g7-8-gb-512-gb-ssd-windows-11-home-128-mb-graphics-xl21-thin-light-laptop/p/itm0452c602301ca?pid=COMGQHVMJGQYHTUQ&lid=LSTCOMGQHVMJGQYHTUQGXSADC&marketplace=FLIPKART&q=laptop&store=6bo%2Fb5g&srno=s_19_439&otracker=search&fm=organic&iid=30383f2a-1812-4086-abe4-9acfbbeb9cab.COMGQHVMJGQYHTUQ.SEARCH&ppt=sp&ppn=sp&ssid=t9qb32qx1c0000001784731015021&qH=312f91285e048e09&ov_redirect=true,Intel Core i7 Processor (10th Gen) | 8 GB LPDDR4X RAM | Windows 11 Operating System | 512 GB SSD | 35.56 cm (14 Inch) Display | 1 Year Onsite Warranty
19,8,HP Omnibook 5 2K OLED Snapdragon X - (16 GB/1 TB SSD/Windows 11 Home) 16-fb0001QU Thin and Light Lapto...,"₹90,990",4.5,34 Ratings,https://rukminim2.flixcart.com/image/312/312/xif0q/computer/c/p/u/-original-imahzv8abngw7ngf.jpeg?q=70,https://www.flipkart.com/hp-omnibook-5-2k-oled-snapdragon-x-16-gb-1-tb-ssd-windows-11-home-16-fb0001qu-thin-light-laptop/p/itmb3931d2ae1ddf?pid=COMHGYBW4GEYPD9M&lid=LSTCOMHGYBW4GEYPD9MGJHCAX&marketplace=FLIPKART&q=laptop&store=6bo%2Fb5g&srno=s_19_440&otracker=search&fm=organic&iid=30383f2a-1812-4086-abe4-9acfbbeb9cab.COMHGYBW4GEYPD9M.SEARCH&ppt=sp&ppn=sp&ssid=t9qb32qx1c0000001784731015021&qH=312f91285e048e09&ov_redirect=true,Snapdragon X Processor | 16 GB LPDDR5X RAM | Windows 11 Home Operating System | 1 TB SSD | 40.64 cm (16 Inch) Display | MS Office Home 2024 + MISC PC Game Pass DA 3M | 1 Year Onsite Warranty
19,9,HP Omnibook 3 2K WUXGA Snapdragon X - (16 GB/512 GB SSD/Windows 11 Home) Omnibook 3 14-hz0024QU Laptop,"₹72,990",4.1,11 Ratings,https://rukminim2.flixcart.com/image/312/312/xif0q/computer/u/e/9/-original-imahzvfcsqpynrcd.jpeg?q=70,https://www.flipkart.com/hp-omnibook-3-2k-wuxga-snapdragon-x-16-gb-512-gb-ssd-windows-11-home-14-hz0024qu-laptop/p/itmbd5346cd09abc?pid=COMHZGK2ACSECZB5&lid=LSTCOMHZGK2ACSECZB52ALLPO&marketplace=FLIPKART&q=laptop&store=6bo%2Fb5g&srno=s_19_441&otracker=search&fm=organic&iid=en_Jbb7R7PVRr5Zjj8kJiy-DCgNRr7Ov9HCwDoRwgKp0poV_oRmn4zeA5x_k1ql5YHmQDaMOpjaAqIhVlr2eDOqkK8WMJxc_eOD3pdFe_35DQW3OD5aGuQpTKF5ThNj2L5D&ppt=sp&ppn=sp&ssid=t9qb32qx1c0000001784731015021&qH=312f91285e048e09&ov_redirect=true,Snapdragon X Processor | 16 GB LPDDR5X RAM | Windows 11 Home Operating System | 512 GB SSD | 35.56 cm (14 inch) Display | MS Office Home 2024 | 1 Year Onsite Service
19,10,DELL 15 (Previouly Inspiron) AMD Ryzen 5 Quad Core 7520U - (8 GB/512 GB SSD/Windows 11 Home) DC15255 T...,"₹57,990",4.5,6 Ratings,https://rukminim2.flixcart.com/image/312/312/xif0q/computer/m/x/0/-original-imahzv9agugnddrg.jpeg?q=70,https://www.flipkart.com/dell-15-previouly-inspiron-amd-ryzen-5-quad-core-7520u-8-gb-512-gb-ssd-windows-11-home-dc15255-thin-light-laptop/p/itmb80bb4e819164?pid=COMHDXXUHGDCHMQX&lid=LSTCOMHDXXUHGDCHMQXUEUE9X&marketplace=FLIPKART&q=laptop&store=6bo%2Fb5g&srno=s_19_442&otracker=search&fm=organic&iid=en_Jbb7R7PVRr5Zjj8kJiy-DCgNRr7Ov9HCwDoRwgKp0ppULdtEVapdEzBUN_K8vAZhKS7KjhXWMehRCKPAR7kLILb6bL0Zx_kaK68EeWHdQeC3OD5aGuQpTKF5ThNj2L5D&ppt=sp&ppn=sp&ssid=t9qb32qx1c0000001784731015021&qH=312f91285e048e09&ov_redirect=true,AMD Ryzen 5 Quad Core Processor | 8 GB LPDDR5 RAM | Windows 11 Operating System | 512 GB SSD | 38.1 cm (15 Inch) Display | 1 Year Onsite Warranty
19,11,DELL Inspiron 5440 (2026) (i3 14th Gen) Intel Core 3 14th Gen 100U - (8 GB/512 GB SSD/Windows 11 Home)...,"₹52,980",4.2,108 Ratings,https://rukminim2.flixcart.com/image/312/312/xif0q/computer/6/8/p/inspiron-5440-thin-and-light-laptop-dell-original-imahjsfmjxbvc7zr.jpeg?q=70,https://www.flipkart.com/dell-inspiron-5440-2026-i3-14th-gen-intel-core-3-gen-100u-8-gb-512-gb-ssd-windows-11-home-thin-light-laptop/p/itm0587042bee5d3?pid=COMHJSFMJDAUGGRG&lid=LSTCOMHJSFMJDAUGGRGSYXXHU&marketplace=FLIPKART&q=laptop&store=6bo%2Fb5g&srno=s_19_443&otracker=search&fm=organic&iid=30383f2a-1812-4086-abe4-9acfbbeb9cab.COMHJSFMJDAUGGRG.SEARCH&ppt=sp&ppn=sp&ssid=t9qb32qx1c0000001784731015021&qH=312f91285e048e09&ov_redirect=true,"Intel Core 3 Processor (14th Gen) | 8 GB DDR5 RAM | 64 bit Windows 11 Home Operating System | 512 GB SSD | 35.56 cm (14 inch) Display | Microsoft Office 2021, Windows 11 Home | 1 Year Warranty"
19,12,ASUS Pro P5 Intel Core i5 8th Gen 8265U - (8 GB/512 GB SSD/Windows 10 Pro) Pro P5 P5440FA Thin and Lig...,"₹88,990",Not Found,Not Found,https://rukminim2.flixcart.com/image/312/312/kf8kvbk0/computer/f/x/f/asus-original-imafvq243ppg4hax.jpeg?q=70,https://www.flipkart.com/asus-pro-p5-intel-core-i5-8th-gen-8265u-8-gb-512-gb-ssd-windows-10-pro-p5440fa-thin-light-laptop/p/itm3004afbd3a221?pid=COMFVKZG5G4Y99G7&lid=LSTCOMFVKZG5G4Y99G7BZO6G9&marketplace=FLIPKART&q=laptop&store=6bo%2Fb5g&srno=s_19_444&otracker=search&fm=organic&iid=30383f2a-1812-4086-abe4-9acfbbeb9cab.COMFVKZG5G4Y99G7.SEARCH&ppt=sp&ppn=sp&ssid=t9qb32qx1c0000001784731015021&qH=312f91285e048e09&ov_redirect=true,Intel Core i5 Processor (8th Gen) | 8 GB DDR4 RAM | 64 bit Windows 10 Operating System | 512 GB SSD | 35.56 cm (14 Inch) Display | 1 Year Manufacturer Warranty on the Device and 6 Months Manufacturer Warranty on Included Accessories from the Date of Purchase
19,13,Acer Aspire Lite Intel Core i5 12th Gen 1235U - (16 GB/512 GB SSD/Windows 11 Home) AL15-52 Thin and Li...,"₹63,009",3.8,276 Ratings,https://rukminim2.flixcart.com/image/312/312/xif0q/computer/u/p/m/-original-imah2pf2u98xefzx.jpeg?q=70,https://www.flipkart.com/acer-aspire-lite-intel-core-i5-12th-gen-1235u-16-gb-512-gb-ssd-windows-11-home-al15-52-thin-light-laptop/p/itm1bc0bcb4598e7?pid=COMGX8GMZJRP6QRK&lid=LSTCOMGX8GMZJRP6QRKARPISP&marketplace=FLIPKART&q=laptop&store=6bo%2Fb5g&srno=s_19_445&otracker=search&fm=organic&iid=30383f2a-1812-4086-abe4-9acfbbeb9cab.COMGX8GMZJRP6QRK.SEARCH&ppt=sp&ppn=sp&ssid=t9qb32qx1c0000001784731015021&qH=312f91285e048e09&ov_redirect=true,Intel Core i5 Processor (12th Gen) | 16 GB DDR4 RAM | Windows 11 Operating System | 512 GB SSD | 39.62 cm (15.6 Inch) Display | 1 Year Carry-in Warranty
19,14,HP AMD Ryzen 5 Quad Core 7520U - (8 GB/512 GB SSD/Windows 11 Home) 15-fc0805AU Thin and Light Laptop,"₹61,990",4.2,518 Ratings,https://rukminim2.flixcart.com/image/312/312/xif0q/computer/u/y/1/-original-imahhw6hvptke89v.jpeg?q=70,https://www.flipkart.com/hp-amd-ryzen-5-quad-core-7520u-8-gb-512-gb-ssd-windows-11-home-15-fc0805au-thin-light-laptop/p/itm044828973e180?pid=COMHH6Q4E6HYUURM&lid=LSTCOMHH6Q4E6HYUURMEMAVL7&marketplace=FLIPKART&q=laptop&store=6bo%2Fb5g&srno=s_19_446&otracker=search&fm=organic&iid=30383f2a-1812-4086-abe4-9acfbbeb9cab.COMHH6Q4E6HYUURM.SEARCH&ppt=sp&ppn=sp&ssid=t9qb32qx1c0000001784731015021&qH=312f91285e048e09&ov_redirect=true,AMD Ryzen 5 Quad Core Processor | 8 GB LPDDR5 RAM | Windows 11 Home Operating System | 512 GB SSD | 39.62 cm (15.6 inch) Display | MS Office Home 2024 + MISC PC Game Pass DA 3M | 1 Year Onsite Service
19,15,HP 15 (i5 14th Gen) Intel Core 5 120U - (24 GB/512 GB SSD/Windows 11 Home) 15-fd0262TU Thin and Light ...,"₹82,990",4.2,195 Ratings,https://rukminim2.flixcart.com/image/312/312/xif0q/computer/z/i/b/-original-imahzu4rwxnezv9x.jpeg?q=70,https://www.flipkart.com/hp-15-i5-14th-gen-intel-core-5-120u-24-gb-512-gb-ssd-windows-11-home-15-fd0262tu-thin-light-laptop/p/itm027a3317f4ff9?pid=COMHM94A7PHVCQT7&lid=LSTCOMHM94A7PHVCQT7QTPOH7&marketplace=FLIPKART&q=laptop&store=6bo%2Fb5g&srno=s_19_447&otracker=search&fm=organic&iid=en_Jbb7R7PVRr5Zjj8kJiy-DCgNRr7Ov9HCwDoRwgKp0poB2CxdNu7JaX1DNUAPhwvYajNODExQ3AD2YwLVEpFEnL-0TByd-y2aowfbZcqv2qC3OD5aGuQpTKF5ThNj2L5D&ppt=sp&ppn=sp&ssid=t9qb32qx1c0000001784731015021&qH=312f91285e048e09&ov_redirect=true,Intel Core 5 Processor | 24 GB DDR5 RAM | Windows 11 Home Operating System | 512 GB SSD | 39.62 cm (15.6 inch) Display | Microsoft Office Home 2024 (Lifetime Validity ) + Microsoft 365(1-Year Validity) | 1 Year Onsite Service
19,16,HP 14 AI PC Intel Core Ultra 7 155H - (16 GB/512 GB SSD/Windows 11 Home) 14-ep1151TU/14-gr1036TU/14-ep...,"₹79,990",4.1,790 Ratings,https://rukminim2.flixcart.com/image/312/312/xif0q/computer/o/9/k/-original-imahgry8nwkejmae.jpeg?q=70,https://www.flipkart.com/hp-14-ai-pc-intel-core-ultra-7-155h-16-gb-512-gb-ssd-windows-11-home-14-ep1151tu-14-gr1036tu-14-ep1151tu-thin-light-laptop/p/itm4c681812b88bf?pid=COMHF8G932EYZAJF&lid=LSTCOMHF8G932EYZAJFOUI9CA&marketplace=FLIPKART&q=laptop&store=6bo%2Fb5g&srno=s_19_448&otracker=search&fm=organic&iid=en_Jbb7R7PVRr5Zjj8kJiy-DCgNRr7Ov9HCwDoRwgKp0prsvLZaHerFZFDbSnkECfQ9q1hjzYDbDbYctS2-qOIVIqU4JGq2qGfuCYjFJWjKqlS1usvrJoEx7xfZVFwcYrJS&ppt=sp&ppn=sp&ssid=t9qb32qx1c0000001784731015021&qH=312f91285e048e09&ov_redirect=true,Intel Core Ultra 7 Processor | 16 GB DDR5 RAM | Windows 11 Home Operating System | 512 GB SSD | 35.56 cm (14 Inch) Display | 1 Year Onsite Warranty
19,17,HP AMD Ryzen 5 Hexa Core 5500U - (8 GB/512 GB SSD/Windows 11 Home) 15s- eq2304au Thin and Light Laptop,"₹53,873",4.4,396 Ratings,https://rukminim2.flixcart.com/image/312/312/xif0q/computer/o/d/j/-original-imahg5fxcgfmvs2k.jpeg?q=70,https://www.flipkart.com/hp-amd-ryzen-5-hexa-core-5500u-8-gb-512-gb-ssd-windows-11-home-15s-eq2304au-thin-light-laptop/p/itm79cd7879eb1f2?pid=COMGYHP5UVCYJFJY&lid=LSTCOMGYHP5UVCYJFJY1LD6EZ&marketplace=FLIPKART&q=laptop&store=6bo%2Fb5g&srno=s_19_449&otracker=search&fm=organic&iid=30383f2a-1812-4086-abe4-9acfbbeb9cab.COMGYHP5UVCYJFJY.SEARCH&ppt=sp&ppn=sp&ssid=t9qb32qx1c0000001784731015021&qH=312f91285e048e09&ov_redirect=true,AMD Ryzen 5 Hexa Core Processor | 8 GB DDR4 RAM | 64 bit Windows 11 Operating System | 512 GB SSD | 39.62 cm (15.6 Inch) Display | Microsoft Office 2021 Home & Student | 1 Year Onsite Warranty
19,18,"ASUS Vivobook 15 (2025) with Office 2024 + M365 Basic*, Intel Core i3 13th Gen 1315U - (16 GB/512 GB S...","₹46,990",4.5,124 Ratings,https://rukminim2.flixcart.com/image/312/312/xif0q/computer/q/y/3/-original-imahfcztmzr9wkhd.jpeg?q=70,https://www.flipkart.com/asus-vivobook-15-2025-office-2024-m365-basic-intel-core-i3-13th-gen-1315u-16-gb-512-gb-ssd-windows-11-home-x1504va-nj2324ws-x1504va-bq341ws-thin-light-laptop/p/itmf0e6514a56cbf?pid=COMHEZZTHYZ3DUK5&lid=LSTCOMHEZZTHYZ3DUK5GYZOBP&marketplace=FLIPKART&q=laptop&store=6bo%2Fb5g&srno=s_19_450&otracker=search&fm=organic&iid=30383f2a-1812-4086-abe4-9acfbbeb9cab.COMHEZZTHYZ3DUK5.SEARCH&ppt=sp&ppn=sp&ssid=t9qb32qx1c0000001784731015021&qH=312f91285e048e09&ov_redirect=true,"Intel Core i3 Processor (13th Gen) | 16 GB DDR4 RAM | Windows 11 Home Operating System | 512 GB SSD | 39.62 cm (15.6 Inch) Display | Microsoft Office Home 2024 (Lifetime Validity ) + Microsoft 365 Basic*(1-Year Validity), One-Month Membership of Adobe Creative Cloud All Apps, McAfee 1 year | 1 Year Onsite Warranty"
19,19,HP 14 AI PC Intel Core Ultra 7 155H - (16 GB/1 TB SSD/Windows 11 Home) 14-ep1152TU Thin and Light Lapt...,"₹85,990",4.1,790 Ratings,https://rukminim2.flixcart.com/image/312/312/xif0q/computer/a/h/z/-original-imahgh9exfmtg44y.jpeg?q=70,https://www.flipkart.com/hp-14-ai-pc-intel-core-ultra-7-155h-16-gb-1-tb-ssd-windows-11-home-14-ep1152tu-thin-light-laptop/p/itm448874079369f?pid=COMHG98EXZ3AJYZN&lid=LSTCOMHG98EXZ3AJYZNODD67U&marketplace=FLIPKART&q=laptop&store=6bo%2Fb5g&srno=s_19_451&otracker=search&fm=organic&iid=en_Jbb7R7PVRr5Zjj8kJiy-DCgNRr7Ov9HCwDoRwgKp0pqzzsK5k3Yr18xIcZkphq7_C6YBzjaUMmK47SGkba_3oSGkgDYpheMzpTOfbcb9jJq1usvrJoEx7xfZVFwcYrJS&ppt=sp&ppn=sp&ssid=t9qb32qx1c0000001784731015021&qH=312f91285e048e09&ov_redirect=true,Intel Core Ultra 7 Processor | 16 GB DDR5 RAM | Windows 11 Home Operating System | 1 TB SSD | 35.56 cm (14 Inch) Display | 1 Year Onsite Warranty
19,20,Samsung Galaxy Book5 AI Metal Intel Core Ultra 5 225U - (16 GB/512 GB SSD/Windows 11 Home) NP750XHD Th...,"₹84,990",4.6,837 Ratings,https://rukminim2.flixcart.com/image/312/312/xif0q/computer/0/2/e/-original-imahzcf3jkkjkhgc.jpeg?q=70,https://www.flipkart.com/samsung-galaxy-book5-ai-metal-intel-core-ultra-5-225u-16-gb-512-gb-ssd-windows-11-home-np750xhd-thin-light-laptop/p/itmc33d2563d0ffc?pid=COMHE4ATPCZ9FXRP&lid=LSTCOMHE4ATPCZ9FXRP7N1GVG&marketplace=FLIPKART&q=laptop&store=6bo%2Fb5g&srno=s_19_452&otracker=search&fm=organic&iid=en_Jbb7R7PVRr5Zjj8kJiy-DCgNRr7Ov9HCwDoRwgKp0pp4xkHwmBfkDNGChhQKHEj43WHJiuMjlX0EHxFVCjPkyeUBYPBIqgZE3mSuDz4Hsbm3OD5aGuQpTKF5ThNj2L5D&ppt=sp&ppn=sp&ssid=t9qb32qx1c0000001784731015021&qH=312f91285e048e09&ov_redirect=true,Intel Core Ultra 5 Processor | 16 GB LPDDR5X RAM | 64 bit Windows 11 Operating System | 512 GB SSD | 39.62 cm (15.6 Inch) Display | MS Office Home and Student 2024 | 1 Year Manufacturer Warranty for Laptop and 6 Months for In-Box Accessories
19,21,Lenovo Chromebook Intel Pentium Quad Core N100 - (4 GB/128 GB EMMC Storage/Chrome OS) 14IAN8 Chromeboo...,"₹29,190",3.7,162 Ratings,https://rukminim2.flixcart.com/image/312/312/xif0q/computer/v/w/n/-original-imah5uhrz7admz28.jpeg?q=70,https://www.flipkart.com/lenovo-chromebook-intel-pentium-quad-core-n100-4-gb-128-gb-emmc-storage-chrome-os-14ian8/p/itm7c0c58320220d?pid=COMGT2Y3DHC6QN4R&lid=LSTCOMGT2Y3DHC6QN4RLXRUHG&marketplace=FLIPKART&q=laptop&store=6bo%2Fb5g&srno=s_19_453&otracker=search&fm=organic&iid=30383f2a-1812-4086-abe4-9acfbbeb9cab.COMGT2Y3DHC6QN4R.SEARCH&ppt=sp&ppn=sp&ssid=t9qb32qx1c0000001784731015021&qH=312f91285e048e09&ov_redirect=true,Intel Pentium Quad Core Processor | 4 GB LPDDR5 RAM | Chrome Operating System | 35.56 cm (14 Inch) Display | 1 Year Carry-in Warranty
19,22,"MICROSOFT Surface Pro 12"" with Type Cover & Pen Core 8 with Microsoft 365 for 6 Months* Snapdragon X P...","₹1,27,498",3.7,12 Ratings,https://rukminim2.flixcart.com/image/312/312/xif0q/computer/0/f/3/-original-imahjryfxyjkg8f4.jpeg?q=70,https://www.flipkart.com/microsoft-surface-pro-12-type-cover-pen-core-8-365-6-months-snapdragon-x-plus-16-gb-512-gb-ssd-windows-11-home-ep2-27670-ep2-33040-laptop/p/itmf5e8efb329020?pid=COMHJZJYPUSC6XWX&lid=LSTCOMHJZJYPUSC6XWXJUMPQ4&marketplace=FLIPKART&q=laptop&store=6bo%2Fb5g&srno=s_19_454&otracker=search&fm=organic&iid=30383f2a-1812-4086-abe4-9acfbbeb9cab.COMHJZJYPUSC6XWX.SEARCH&ppt=sp&ppn=sp&ssid=t9qb32qx1c0000001784731015021&qH=312f91285e048e09&ov_redirect=true,Snapdragon X Plus Processor | 16 GB LPDDR5X RAM | 64 bit Windows 11 Operating System | 512 GB SSD | 30.48 cm (12 inch) Touchscreen Display | NA | 1 Year Limited Warranty
19,23,Lenovo LQQ Essential AMD Ryzen 7 Octa Core 7735HS - (16 GB/512 GB SSD/Windows 11 Home/6 GB Graphics/NV...,"₹1,09,890",4,4 Ratings,https://rukminim2.flixcart.com/image/312/312/xif0q/computer/l/m/q/-original-imahmrghyhqevtpw.jpeg?q=70,https://www.flipkart.com/lenovo-lqq-essential-amd-ryzen-7-octa-core-7735hs-16-gb-512-gb-ssd-windows-11-home-6-graphics-nvidia-geforce-rtx-3050-loq-15arp10e-gaming-laptop/p/itm9c22c819b1392?pid=COMHKYFSFB9NZDUS&lid=LSTCOMHKYFSFB9NZDUS4GVWGV&marketplace=FLIPKART&q=laptop&store=6bo%2Fb5g&srno=s_19_455&otracker=search&fm=organic&iid=30383f2a-1812-4086-abe4-9acfbbeb9cab.COMHKYFSFB9NZDUS.SEARCH&ppt=sp&ppn=sp&ssid=t9qb32qx1c0000001784731015021&qH=312f91285e048e09&ov_redirect=true,AMD Ryzen 7 Octa Core Processor | 16 GB DDR5 RAM | Windows 11 Home Operating System | 512 GB SSD | 39.62 cm (15.6 inch) Display | Office Home 2024 | 1 Year Onsite Service
19,24,ASUS Chromebook Intel Celeron Dual Core N4500 - (8 GB/64 GB EMMC Storage/Chrome OS) CX1500CKA-EJ0275 C...,"₹34,990",3.7,181 Ratings,https://rukminim2.flixcart.com/image/312/312/xif0q/computer/t/n/3/cx1500cka-ej0275-chromebook-asus-enriched-transparent-original-imah2mw8nykenzdx.png?q=70,https://www.flipkart.com/asus-chromebook-intel-celeron-dual-core-n4500-8-gb-64-gb-emmc-storage-chrome-os-cx1500cka-ej0275/p/itmc1d20ec9ce589?pid=COMGSHM3MYPYGYKG&lid=LSTCOMGSHM3MYPYGYKGLQIR3M&marketplace=FLIPKART&q=laptop&store=6bo%2Fb5g&srno=s_19_456&otracker=search&fm=organic&iid=30383f2a-1812-4086-abe4-9acfbbeb9cab.COMGSHM3MYPYGYKG.SEARCH&ppt=sp&ppn=sp&ssid=t9qb32qx1c0000001784731015021&qH=312f91285e048e09&ov_redirect=true,Intel Celeron Dual Core Processor | 8 GB LPDDR4X RAM | Chrome Operating System | 39.62 cm (15.6 Inch) Display | 1 Year Onsite Warranty
20,1,Samsung Galaxy Book4 Metal Intel Core i5 13th Gen 1335U - (8 GB/512 GB SSD/Windows 11 Home) NP750XGJ-K...,"₹56,990",4.4,"19,735 Ratings",https://rukminim2.flixcart.com/image/312/312/xif0q/computer/k/t/y/-enriched-transparent-original-imahg53xspmfrsdd.png?q=70,https://www.flipkart.com/samsung-galaxy-book4-metal-intel-core-i5-13th-gen-1335u-8-gb-512-gb-ssd-windows-11-home-np750xgj-kg1in-np750xgj-lg1in-np750xgj-lg6in-thin-light-laptop/p/itm1df5212efb9fc?pid=COMGZUYDFZXHWYWZ&lid=LSTCOMGZUYDFZXHWYWZJ6V2KW&marketplace=FLIPKART&q=laptop&store=6bo%2Fb5g&srno=s_20_457&otracker=search&fm=organic&iid=en_RTy_MNcV6GdSJV6fFsLwACpAFK_7wbLkCvQ4inh8i3zPCpZ7W-p7RY82wmR7alH8sfGME0kkMQMICwGxasfmZSpiZoP3ZcDDMuaOuWFYumP-ynokPffBxjIkQnhccG3K&ppt=sp&ppn=sp&ssid=dhwnifj96o0000001784731020345&qH=312f91285e048e09&ov_redirect=true,Intel Core i5 Processor (13th Gen) | 8 GB LPDDR4X RAM | 64 bit Windows 11 Operating System | 512 GB SSD | 39.62 cm (15.6 Inch) Display | 1 Year Manufacturer Warranty for Laptop and 6 Months for In-Box Accessories
20,2,Samsung Galaxy Book4 Metal Intel Core i3 13th Gen 1315U - (8 GB/512 GB SSD/Windows 11 Home) NP750XGJ-L...,"₹57,490",4.4,"10,670 Ratings",https://rukminim2.flixcart.com/image/312/312/xif0q/computer/q/k/o/-enriched-transparent-original-imahg53xmzmtsynn.png?q=70,https://www.flipkart.com/samsung-galaxy-book4-metal-intel-core-i3-13th-gen-1315u-8-gb-512-gb-ssd-windows-11-home-np750xgj-lg9in-thin-light-laptop/p/itmc29d559898e6f?pid=COMH4Y6KKRC9YSWE&lid=LSTCOMH4Y6KKRC9YSWERDUMZD&marketplace=FLIPKART&q=laptop&store=6bo%2Fb5g&srno=s_20_458&otracker=search&fm=organic&iid=en_RTy_MNcV6GdSJV6fFsLwACpAFK_7wbLkCvQ4inh8i3xSxz720PdOENOu8Mv3Y8PBVqKfzRTPmTYCvEc1OQ2_kCChg9vAnpscSdI7uOc1ZHX-ynokPffBxjIkQnhccG3K&ppt=sp&ppn=sp&ssid=dhwnifj96o0000001784731020345&qH=312f91285e048e09&ov_redirect=true,Intel Core i3 Processor (13th Gen) | 8 GB LPDDR4X RAM | 64 bit Windows 11 Operating System | 512 GB SSD | 39.62 cm (15.6 Inch) Display | 1 Year Onsite Warranty
20,3,Lenovo V14 Intel Core i5 12th Gen - (8 GB/512 GB SSD/Windows 11 Home) V14 Business Laptop,"₹61,990",4,24 Ratings,https://rukminim2.flixcart.com/image/312/312/xif0q/computer/a/k/v/v14-g2-itl-business-laptop-lenovo-original-imagsf8uphxkmmqh.jpeg?q=70,https://www.flipkart.com/lenovo-v14-intel-core-i5-12th-gen-8-gb-512-gb-ssd-windows-11-home-business-laptop/p/itm26138c67d404e?pid=COMGSAZMFM73CFCT&lid=LSTCOMGSAZMFM73CFCTQKZASB&marketplace=FLIPKART&q=laptop&store=6bo%2Fb5g&srno=s_20_459&otracker=search&fm=organic&iid=91ee54f9-fc5f-4eba-acef-5d9ddfe4f6e0.COMGSAZMFM73CFCT.SEARCH&ppt=sp&ppn=sp&ssid=dhwnifj96o0000001784731020345&qH=312f91285e048e09&ov_redirect=true,Intel Core i5 Processor (12th Gen) | 8 GB DDR4 RAM | 64 bit Windows 11 Operating System | 512 GB SSD | 35.56 cm (14 Inch) Display | 1 Year Carry In
20,4,ASUS Zenbook 14X OLED AMD Ryzen 5 Hexa Core 5600HS - (16 GB/512 GB SSD/Windows 11 Home) UM5401QA-KM541...,"₹64,990",4.4,"1,201 Ratings",https://rukminim2.flixcart.com/image/312/312/xif0q/computer/z/t/x/-original-imahg4ushzj8zyhv.jpeg?q=70,https://www.flipkart.com/asus-zenbook-14x-oled-amd-ryzen-5-hexa-core-5600hs-16-gb-512-gb-ssd-windows-11-home-um5401qa-km541ws-thin-light-laptop/p/itm556bf642f4d58?pid=COMGZKHQHERZG2RP&lid=LSTCOMGZKHQHERZG2RPU37D6Q&marketplace=FLIPKART&q=laptop&store=6bo%2Fb5g&srno=s_20_460&otracker=search&fm=organic&iid=91ee54f9-fc5f-4eba-acef-5d9ddfe4f6e0.COMGZKHQHERZG2RP.SEARCH&ppt=sp&ppn=sp&ssid=dhwnifj96o0000001784731020345&qH=312f91285e048e09&ov_redirect=true,AMD Ryzen 5 Hexa Core Processor | 16 GB LPDDR4X RAM | Windows 11 Operating System | 512 GB SSD | 35.56 cm (14 Inch) Display | 1 Year Onsite Warranty
20,5,HP Omnibook 3 2K WUXGA Snapdragon X - (16 GB/512 GB SSD/Windows 11 Home) Omnibook 3 14-hz0024QU Laptop,"₹72,990",4.1,11 Ratings,https://rukminim2.flixcart.com/image/312/312/xif0q/computer/u/e/9/-original-imahzvfcsqpynrcd.jpeg?q=70,https://www.flipkart.com/hp-omnibook-3-2k-wuxga-snapdragon-x-16-gb-512-gb-ssd-windows-11-home-14-hz0024qu-laptop/p/itmbd5346cd09abc?pid=COMHZGK2ACSECZB5&lid=LSTCOMHZGK2ACSECZB52ALLPO&marketplace=FLIPKART&q=laptop&store=6bo%2Fb5g&srno=s_20_461&otracker=search&fm=organic&iid=en_RTy_MNcV6GdSJV6fFsLwACpAFK_7wbLkCvQ4inh8i3xxzAe7lxNBpBYD-WlRhpmdQDaMOpjaAqIhVlr2eDOqkK8WMJxc_eOD3pdFe_35DQX-ynokPffBxjIkQnhccG3K&ppt=sp&ppn=sp&ssid=dhwnifj96o0000001784731020345&qH=312f91285e048e09&ov_redirect=true,Snapdragon X Processor | 16 GB LPDDR5X RAM | Windows 11 Home Operating System | 512 GB SSD | 35.56 cm (14 inch) Display | MS Office Home 2024 | 1 Year Onsite Service
20,6,HP 15 (i5 14th Gen) Intel Core 5 120U - (24 GB/512 GB SSD/Windows 11 Home) 15-fd0262TU Thin and Light ...,"₹82,990",4.2,195 Ratings,https://rukminim2.flixcart.com/image/312/312/xif0q/computer/z/i/b/-original-imahzu4rwxnezv9x.jpeg?q=70,https://www.flipkart.com/hp-15-i5-14th-gen-intel-core-5-120u-24-gb-512-gb-ssd-windows-11-home-15-fd0262tu-thin-light-laptop/p/itm027a3317f4ff9?pid=COMHM94A7PHVCQT7&lid=LSTCOMHM94A7PHVCQT7QTPOH7&marketplace=FLIPKART&q=laptop&store=6bo%2Fb5g&srno=s_20_462&otracker=search&fm=organic&iid=en_RTy_MNcV6GdSJV6fFsLwACpAFK_7wbLkCvQ4inh8i3wC5Mehmy11iaQnYIuDxoSTajNODExQ3AD2YwLVEpFEnHQxmIaeT1eVU6lHR1JOxyD-ynokPffBxjIkQnhccG3K&ppt=sp&ppn=sp&ssid=dhwnifj96o0000001784731020345&qH=312f91285e048e09&ov_redirect=true,Intel Core 5 Processor | 24 GB DDR5 RAM | Windows 11 Home Operating System | 512 GB SSD | 39.62 cm (15.6 inch) Display | Microsoft Office Home 2024 (Lifetime Validity ) + Microsoft 365(1-Year Validity) | 1 Year Onsite Service
20,7,HP 15s AMD Ryzen 3 Dual Core 3250U - (8 GB/256 GB SSD/Windows 11 Home) 15s-GY0501AU Thin and Light Lap...,"₹49,990",4.3,"4,137 Ratings",https://rukminim2.flixcart.com/image/312/312/xif0q/computer/q/y/w/-original-imahg5ftyggh7dzz.jpeg?q=70,https://www.flipkart.com/hp-15s-amd-ryzen-3-dual-core-3250u-8-gb-256-gb-ssd-windows-11-home-15s-gy0501au-thin-light-laptop/p/itma3ecca3dba795?pid=COMG6MVEA2PWVH3B&lid=LSTCOMG6MVEA2PWVH3BWW71XP&marketplace=FLIPKART&q=laptop&store=6bo%2Fb5g&srno=s_20_463&otracker=search&fm=organic&iid=91ee54f9-fc5f-4eba-acef-5d9ddfe4f6e0.COMG6MVEA2PWVH3B.SEARCH&ppt=sp&ppn=sp&ssid=dhwnifj96o0000001784731020345&qH=312f91285e048e09&ov_redirect=true,AMD Ryzen 3 Dual Core Processor | 8 GB DDR4 RAM | 64 bit Windows 11 Operating System | 256 GB SSD | 39.62 cm (15.6 Inch) Display | Office Home and Student 2019 included | 1 Year Onsite Warranty
20,8,Lenovo ThinkBook 15 Intel Core i7 12th Gen 1255U - (16 GB/512 GB SSD/Windows 11 Home) TB15 G4 IAP Thin...,"₹88,826",4,4 Ratings,https://rukminim2.flixcart.com/image/312/312/xif0q/computer/4/y/m/-original-imahg4utt37x2wcz.jpeg?q=70,https://www.flipkart.com/lenovo-thinkbook-15-intel-core-i7-12th-gen-1255u-16-gb-512-gb-ssd-windows-11-home-tb15-g4-iap-thin-light-laptop/p/itm65936d217ef8a?pid=COMGQY58JZHSCAWW&lid=LSTCOMGQY58JZHSCAWWIFRESO&marketplace=FLIPKART&q=laptop&store=6bo%2Fb5g&srno=s_20_464&otracker=search&fm=organic&iid=91ee54f9-fc5f-4eba-acef-5d9ddfe4f6e0.COMGQY58JZHSCAWW.SEARCH&ppt=sp&ppn=sp&ssid=dhwnifj96o0000001784731020345&qH=312f91285e048e09&ov_redirect=true,Intel Core i7 Processor (12th Gen) | 16 GB DDR4 RAM | Windows 11 Operating System | 512 GB SSD | 39.62 cm (15.6 Inch) Display | 1 Year Onsite Warranty
20,9,DELL 15 (Previously Inspiron) AI Powered Intel Core Ultra 5 225H - (8 GB/512 GB SSD/Windows 11 Home) 3...,"₹73,990",3.7,7 Ratings,https://rukminim2.flixcart.com/image/312/312/xif0q/computer/r/w/5/-original-imahmp2zyeagkgze.jpeg?q=70,https://www.flipkart.com/dell-15-previously-inspiron-ai-powered-intel-core-ultra-5-225h-8-gb-512-gb-ssd-windows-11-home-3530-dc-15260-thin-light-laptop/p/itmfebef182c171c?pid=COMHM29D3ZC49ZRE&lid=LSTCOMHM29D3ZC49ZRE7DGIEE&marketplace=FLIPKART&q=laptop&store=6bo%2Fb5g&srno=s_20_465&otracker=search&fm=organic&iid=91ee54f9-fc5f-4eba-acef-5d9ddfe4f6e0.COMHM29D3ZC49ZRE.SEARCH&ppt=sp&ppn=sp&ssid=dhwnifj96o0000001784731020345&qH=312f91285e048e09&ov_redirect=true,Intel Core Ultra 5 Processor | 8 GB DDR5 RAM | Windows 11 Home Operating System | 512 GB SSD | 39.62 cm (15.6 inch) Display | McAfee | 1 Year Onsite Service
20,10,Infinix ZERO BOOK Series Laptop Intel Intel Core i7 12th Gen 12700H - (16 GB/512 GB SSD/Windows 11 Hom...,"₹56,990",3.6,30 Ratings,https://rukminim2.flixcart.com/image/312/312/xif0q/computer/8/t/6/-original-imahg5ftzfmy7zhp.jpeg?q=70,https://www.flipkart.com/infinix-zero-book-series-laptop-intel-core-i7-12th-gen-12700h-16-gb-512-gb-ssd-windows-11-home-zl12-business/p/itmad7e026e8b8c5?pid=COMGMFK7UGEMRBEN&lid=LSTCOMGMFK7UGEMRBENA08QCS&marketplace=FLIPKART&q=laptop&store=6bo%2Fb5g&srno=s_20_466&otracker=search&fm=organic&iid=91ee54f9-fc5f-4eba-acef-5d9ddfe4f6e0.COMGMFK7UGEMRBEN.SEARCH&ppt=sp&ppn=sp&ssid=dhwnifj96o0000001784731020345&qH=312f91285e048e09&ov_redirect=true,Intel Core i7 Processor (12th Gen) | 16 GB LPDDR5 RAM | Windows 11 Operating System | 512 GB SSD | 39.62 cm (15.6 Inch) Display | 1 Year Onsite Warranty
20,11,DELL 15 (Previouly Inspiron) AMD Ryzen 5 Quad Core 7520U - (8 GB/512 GB SSD/Windows 11 Home) DC15255 T...,"₹57,990",4.5,6 Ratings,https://rukminim2.flixcart.com/image/312/312/xif0q/computer/m/x/0/-original-imahzv9agugnddrg.jpeg?q=70,https://www.flipkart.com/dell-15-previouly-inspiron-amd-ryzen-5-quad-core-7520u-8-gb-512-gb-ssd-windows-11-home-dc15255-thin-light-laptop/p/itmb80bb4e819164?pid=COMHDXXUHGDCHMQX&lid=LSTCOMHDXXUHGDCHMQXUEUE9X&marketplace=FLIPKART&q=laptop&store=6bo%2Fb5g&srno=s_20_467&otracker=search&fm=organic&iid=en_RTy_MNcV6GdSJV6fFsLwACpAFK_7wbLkCvQ4inh8i3zQnC9-lxrwvj3dgkgxSWwiKS7KjhXWMehRCKPAR7kLICmyONG8u9GUv-mVZHUzBoz-ynokPffBxjIkQnhccG3K&ppt=sp&ppn=sp&ssid=dhwnifj96o0000001784731020345&qH=312f91285e048e09&ov_redirect=true,AMD Ryzen 5 Quad Core Processor | 8 GB LPDDR5 RAM | Windows 11 Operating System | 512 GB SSD | 38.1 cm (15 Inch) Display | 1 Year Onsite Warranty
20,12,HP 14 AI PC Intel Core Ultra 7 155H - (16 GB/1 TB SSD/Windows 11 Home) 14-ep1152TU Thin and Light Lapt...,"₹85,990",4.1,790 Ratings,https://rukminim2.flixcart.com/image/312/312/xif0q/computer/a/h/z/-original-imahgh9exfmtg44y.jpeg?q=70,https://www.flipkart.com/hp-14-ai-pc-intel-core-ultra-7-155h-16-gb-1-tb-ssd-windows-11-home-14-ep1152tu-thin-light-laptop/p/itm448874079369f?pid=COMHG98EXZ3AJYZN&lid=LSTCOMHG98EXZ3AJYZNODD67U&marketplace=FLIPKART&q=laptop&store=6bo%2Fb5g&srno=s_20_468&otracker=search&fm=organic&iid=en_RTy_MNcV6GdSJV6fFsLwACpAFK_7wbLkCvQ4inh8i3yQR98X89LU1eYV6GrZlMh8n9sG8qIKSbGwDcGdLV_LgSGkgDYpheMzpTOfbcb9jJpADbkvY7XYyFuwEkyuWs_t&ppt=sp&ppn=sp&ssid=dhwnifj96o0000001784731020345&qH=312f91285e048e09&ov_redirect=true,Intel Core Ultra 7 Processor | 16 GB DDR5 RAM | Windows 11 Home Operating System | 1 TB SSD | 35.56 cm (14 Inch) Display | 1 Year Onsite Warranty
20,13,HP HyperX Omen Intel Core i7 14th Gen 14650HX - (24 GB/1 TB SSD/Windows 11 Home/8 GB Graphics/NVIDIA G...,"₹1,49,990",4.3,69 Ratings,https://rukminim2.flixcart.com/image/312/312/xif0q/computer/2/s/8/-original-imahk2z3s4fhkzp9.jpeg?q=70,https://www.flipkart.com/hp-hyperx-omen-intel-core-i7-14th-gen-14650hx-24-gb-1-tb-ssd-windows-11-home-8-gb-graphics-nvidia-geforce-rtx-5050-15-ga0028tx-gaming-laptop/p/itme4efd91a109d9?pid=COMHJZJWYPFCTTMB&lid=LSTCOMHJZJWYPFCTTMBKQLGAB&marketplace=FLIPKART&q=laptop&store=6bo%2Fb5g&srno=s_20_469&otracker=search&fm=organic&iid=91ee54f9-fc5f-4eba-acef-5d9ddfe4f6e0.COMHJZJWYPFCTTMB.SEARCH&ppt=sp&ppn=sp&ssid=dhwnifj96o0000001784731020345&qH=312f91285e048e09&ov_redirect=true,Intel Core i7 Processor (14th Gen) | 24 GB DDR5 RAM | Windows 11 Operating System | 1 TB SSD | 38.86 cm (15.3 inch) Display | 1 Year Onsite Service
20,14,DELL Inspiron 5430 Intel Core i7 13th Gen 1355U - (16 GB/512 GB SSD/Windows 11 Home) New Inspiron 5430...,"₹79,999",3.8,13 Ratings,https://rukminim2.flixcart.com/image/312/312/xif0q/computer/s/z/e/inspiron-5430-thin-and-light-laptop-dell-original-imagqdydjbmh8mmu.jpeg?q=70,https://www.flipkart.com/dell-inspiron-5430-intel-core-i7-13th-gen-1355u-16-gb-512-gb-ssd-windows-11-home-new-thin-light-laptop/p/itm2d84af8f1410c?pid=COMGQDYDKEEHBBUJ&lid=LSTCOMGQDYDKEEHBBUJVKFZNO&marketplace=FLIPKART&q=laptop&store=6bo%2Fb5g&srno=s_20_470&otracker=search&fm=organic&iid=91ee54f9-fc5f-4eba-acef-5d9ddfe4f6e0.COMGQDYDKEEHBBUJ.SEARCH&ppt=sp&ppn=sp&ssid=dhwnifj96o0000001784731020345&qH=312f91285e048e09&ov_redirect=true,"Intel Core i7 Processor (13th Gen) | 16 GB LPDDR5 RAM | 64 bit Windows 11 Operating System | 512 GB SSD | 35.81 cm (14.1 Inch) Display | Windows 11, Microsoft Office Home and Student 2021, McAfee® Multi Device Security 15-month subscription | 1 Year Onsite Hardware Service"
20,15,HP 14 AI PC Intel Core Ultra 7 155H - (16 GB/512 GB SSD/Windows 11 Home) 14-ep1151TU/14-gr1036TU/14-ep...,"₹79,990",4.1,790 Ratings,https://rukminim2.flixcart.com/image/312/312/xif0q/computer/o/9/k/-original-imahgry8nwkejmae.jpeg?q=70,https://www.flipkart.com/hp-14-ai-pc-intel-core-ultra-7-155h-16-gb-512-gb-ssd-windows-11-home-14-ep1151tu-14-gr1036tu-14-ep1151tu-thin-light-laptop/p/itm4c681812b88bf?pid=COMHF8G932EYZAJF&lid=LSTCOMHF8G932EYZAJFOUI9CA&marketplace=FLIPKART&q=laptop&store=6bo%2Fb5g&srno=s_20_471&otracker=search&fm=organic&iid=en_RTy_MNcV6GdSJV6fFsLwACpAFK_7wbLkCvQ4inh8i3xF4aGyiaCYnBN95C7EjILX3zzcGhlXkGO1hWP1UU6KY6U4JGq2qGfuCYjFJWjKqlRADbkvY7XYyFuwEkyuWs_t&ppt=sp&ppn=sp&ssid=dhwnifj96o0000001784731020345&qH=312f91285e048e09&ov_redirect=true,Intel Core Ultra 7 Processor | 16 GB DDR5 RAM | Windows 11 Home Operating System | 512 GB SSD | 35.56 cm (14 Inch) Display | 1 Year Onsite Warranty
20,16,Samsung Galaxy Book5 AI Metal Intel Core Ultra 7 255U - (16 GB/512 GB SSD/Windows 11 Home) NP750XHD Th...,"₹91,990",4.6,463 Ratings,https://rukminim2.flixcart.com/image/312/312/xif0q/computer/0/2/e/-original-imahzcf3jkkjkhgc.jpeg?q=70,https://www.flipkart.com/samsung-galaxy-book5-ai-metal-intel-core-ultra-7-255u-16-gb-512-gb-ssd-windows-11-home-np750xhd-thin-light-laptop/p/itma9c081cdbe95d?pid=COMHE4ATBCUTGUYT&lid=LSTCOMHE4ATBCUTGUYTJZ7NHN&marketplace=FLIPKART&q=laptop&store=6bo%2Fb5g&srno=s_20_472&otracker=search&fm=organic&iid=en_RTy_MNcV6GdSJV6fFsLwACpAFK_7wbLkCvQ4inh8i3yKHDCcdTMJzzICLGk3TGu8_54vlUw9QAlUFlRYR6QtY-UBYPBIqgZE3mSuDz4Hsbn-ynokPffBxjIkQnhccG3K&ppt=sp&ppn=sp&ssid=dhwnifj96o0000001784731020345&qH=312f91285e048e09&ov_redirect=true,Intel Core Ultra 7 Processor | 16 GB LPDDR5X RAM | 64 bit Windows 11 Operating System | 512 GB SSD | 39.62 cm (15.6 Inch) Display | MS Office Home and Student 2024 | 1 Year Manufacturer Warranty for Laptop and 6 Months for In-Box Accessories
20,17,DELL G15 Microsoft Office Home 2024 Intel Core i5 13th Gen 13450HX - (16 GB/1 TB SSD/Windows 11 Home/6...,"₹97,555",4.2,986 Ratings,https://rukminim2.flixcart.com/image/312/312/xif0q/computer/s/3/4/-original-imahzye3qhgzugub.jpeg?q=70,https://www.flipkart.com/dell-g15-microsoft-office-home-2024-intel-core-i5-13th-gen-13450hx-16-gb-1-tb-ssd-windows-11-home-6-gb-graphics-nvidia-geforce-rtx-3050-120-hz-5530-gaming-laptop/p/itmd1b02da743465?pid=COMH8Z22WGKPQGV3&lid=LSTCOMH8Z22WGKPQGV3TRLG7H&marketplace=FLIPKART&q=laptop&store=6bo%2Fb5g&srno=s_20_473&otracker=search&fm=organic&iid=91ee54f9-fc5f-4eba-acef-5d9ddfe4f6e0.COMH8Z22WGKPQGV3.SEARCH&ppt=sp&ppn=sp&ssid=dhwnifj96o0000001784731020345&qH=312f91285e048e09&ov_redirect=true,Intel Core i5 Processor (13th Gen) | 16 GB DDR5 RAM | Windows 11 Operating System | 1 TB SSD | 39.62 cm (15.6 Inch) Display | Microsoft Office Home 2024 | Dell Support Assist | 1 Year Onsite Warranty
20,18,"MICROSOFT Surface Laptop 13"" with Microsoft 365 for 6 Months* Snapdragon X Plus - (16 GB/512 GB SSD/Wi...","₹1,09,999",4.9,10 Ratings,https://rukminim2.flixcart.com/image/312/312/xif0q/computer/i/b/x/-original-imahhx4jc3rdptmf.jpeg?q=70,https://www.flipkart.com/microsoft-surface-laptop-13-365-6-months-snapdragon-x-plus-16-gb-512-gb-ssd-windows-11-home-ep2-31940/p/itm5f00f33eeb665?pid=COMHHX3YB2YZ4HYZ&lid=LSTCOMHHX3YB2YZ4HYZKSOFPT&marketplace=FLIPKART&q=laptop&store=6bo%2Fb5g&srno=s_20_474&otracker=search&fm=organic&iid=91ee54f9-fc5f-4eba-acef-5d9ddfe4f6e0.COMHHX3YB2YZ4HYZ.SEARCH&ppt=sp&ppn=sp&ssid=dhwnifj96o0000001784731020345&qH=312f91285e048e09&ov_redirect=true,Snapdragon X Plus Processor | 16 GB LPDDR5X RAM | 64 bit Windows 11 Operating System | 512 GB SSD | 33.02 cm (13 Inch) Touchscreen Display | NA | 1 Year Limited Warranty
20,19,Infinix Zerobook 13 Intel Core i9 13th Gen 13900H - (16 GB/512 GB SSD/Windows 11 Home) ZL513 Laptop,"₹72,990",Not Found,Not Found,https://rukminim2.flixcart.com/image/312/312/xif0q/computer/g/j/h/-original-imahzb2kj4xpprma.jpeg?q=70,https://www.flipkart.com/infinix-zerobook-13-intel-core-i9-13th-gen-13900h-16-gb-512-gb-ssd-windows-11-home-zl513-laptop/p/itmfbc1891fca4c0?pid=COMHNHPUD7X7BHHB&lid=LSTCOMHNHPUD7X7BHHBZ25ZCP&marketplace=FLIPKART&q=laptop&store=6bo%2Fb5g&srno=s_20_475&otracker=search&fm=organic&iid=91ee54f9-fc5f-4eba-acef-5d9ddfe4f6e0.COMHNHPUD7X7BHHB.SEARCH&ppt=sp&ppn=sp&ssid=dhwnifj96o0000001784731020345&qH=312f91285e048e09&ov_redirect=true,Intel Core i9 Processor (13th Gen) | 16 GB LPDDR5X RAM | Windows 11 Operating System | 512 GB SSD | 39.62 cm (15.6 inch) Display | Microsoft Office 365 | 1 Year Onsite Service
20,20,HP Victus Intel Core i7 13th Gen 13650 HX - (24 GB/512 GB SSD/Windows 11 Home/6 GB Graphics/NVIDIA GeF...,"₹1,22,990",Not Found,Not Found,https://rukminim2.flixcart.com/image/312/312/xif0q/computer/u/p/1/-original-imahzphngsqakuyv.jpeg?q=70,https://www.flipkart.com/hp-victus-intel-core-i7-13th-gen-13650-hx-24-gb-512-gb-ssd-windows-11-home-6-graphics-nvidia-geforce-rtx-4050-15-fa2531tx-gaming-laptop/p/itm05ae1680c35a3?pid=COMHKQAD2DWA4Y8U&lid=LSTCOMHKQAD2DWA4Y8UCRJIAH&marketplace=FLIPKART&q=laptop&store=6bo%2Fb5g&srno=s_20_476&otracker=search&fm=organic&iid=91ee54f9-fc5f-4eba-acef-5d9ddfe4f6e0.COMHKQAD2DWA4Y8U.SEARCH&ppt=sp&ppn=sp&ssid=dhwnifj96o0000001784731020345&qH=312f91285e048e09&ov_redirect=true,Intel Core i7 Processor (13th Gen) | 24 GB DDR5 RAM | Windows 11 Home Operating System | 512 GB SSD | 39.62 cm (15.6 inch) Display | MS Office Home 2024 + MISC PC Game Pass DA 3M | 1 Year Onsite Service
20,21,Samsung Galaxy Book5 AI Metal Intel Core Ultra 5 225U - (16 GB/512 GB SSD/Windows 11 Home) NP750XHD Th...,"₹84,990",4.6,837 Ratings,https://rukminim2.flixcart.com/image/312/312/xif0q/computer/0/2/e/-original-imahzcf3jkkjkhgc.jpeg?q=70,https://www.flipkart.com/samsung-galaxy-book5-ai-metal-intel-core-ultra-5-225u-16-gb-512-gb-ssd-windows-11-home-np750xhd-thin-light-laptop/p/itmc33d2563d0ffc?pid=COMHE4ATPCZ9FXRP&lid=LSTCOMHE4ATPCZ9FXRP7N1GVG&marketplace=FLIPKART&q=laptop&store=6bo%2Fb5g&srno=s_20_477&otracker=search&fm=organic&iid=en_RTy_MNcV6GdSJV6fFsLwACpAFK_7wbLkCvQ4inh8i3x50P0TTgQcjWmS1jj5pBzE3WHJiuMjlX0EHxFVCjPkycH5LP6GMXD1iSKF2pPmS-T-ynokPffBxjIkQnhccG3K&ppt=sp&ppn=sp&ssid=dhwnifj96o0000001784731020345&qH=312f91285e048e09&ov_redirect=true,Intel Core Ultra 5 Processor | 16 GB LPDDR5X RAM | 64 bit Windows 11 Operating System | 512 GB SSD | 39.62 cm (15.6 Inch) Display | MS Office Home and Student 2024 | 1 Year Manufacturer Warranty for Laptop and 6 Months for In-Box Accessories
20,22,HP OMEN AI AMD Ryzen AI 7 Octa Core AI 7 350 - (24 GB/1 TB SSD/Windows 11 Home/8 GB Graphics/NVIDIA Ge...,"₹1,34,990",4.5,112 Ratings,https://rukminim2.flixcart.com/image/312/312/xif0q/computer/1/a/f/-original-imahgfdy8czyaypq.jpeg?q=70,https://www.flipkart.com/hp-omen-ai-amd-ryzen-7-octa-core-350-24-gb-1-tb-ssd-windows-11-home-8-gb-graphics-nvidia-geforce-rtx-5050-16-ap0165ax-gaming-laptop/p/itm5661c90728083?pid=COMHEHHXKFQSABXZ&lid=LSTCOMHEHHXKFQSABXZEF3JCN&marketplace=FLIPKART&q=laptop&store=6bo%2Fb5g&srno=s_20_478&otracker=search&fm=organic&iid=en_RTy_MNcV6GdSJV6fFsLwACpAFK_7wbLkCvQ4inh8i3yFX0ERmseOLSvt0NCxIlv7St8s0FwzStmVNuDw0YIb7vRQYaQqNgqexXd2bqUccoK-kieIOxF9tIPXQpRqkeN9&ppt=sp&ppn=sp&ssid=dhwnifj96o0000001784731020345&qH=312f91285e048e09&ov_redirect=true,AMD Ryzen AI 7 Octa Core Processor | 24 GB DDR5 RAM | Windows 11 Home Operating System | 1 TB SSD | 40.64 cm (16 Inch) Display | 1 Year Onsite Warranty
20,23,Acer One 14 AMD Ryzen 3 Dual Core 3250U - (8 GB/512 GB SSD/Windows 11 Home) Z2-493 Thin and Light Lapt...,"₹48,999",3.7,169 Ratings,https://rukminim2.flixcart.com/image/312/312/xif0q/computer/k/b/w/-original-imahg5fxj8f6hf4n.jpeg?q=70,https://www.flipkart.com/acer-one-14-amd-ryzen-3-dual-core-3250u-8-gb-512-gb-ssd-windows-11-home-z2-493-thin-light-laptop/p/itm283f44123aab0?pid=COMGTR89NPGW2NX3&lid=LSTCOMGTR89NPGW2NX3TRPNBS&marketplace=FLIPKART&q=laptop&store=6bo%2Fb5g&srno=s_20_479&otracker=search&fm=organic&iid=91ee54f9-fc5f-4eba-acef-5d9ddfe4f6e0.COMGTR89NPGW2NX3.SEARCH&ppt=sp&ppn=sp&ssid=dhwnifj96o0000001784731020345&qH=312f91285e048e09&ov_redirect=true,AMD Ryzen 3 Dual Core Processor | 8 GB DDR4 RAM | Windows 11 Operating System | 512 GB SSD | 35.56 cm (14 Inch) Display | 1 Year Onsite Warranty
20,24,ASUS Expertbook P1 with 1 Yr ADP(i3 14th Gen) Intel Core 3 13th Gen 1315U - (16 GB/512 GB SSD/Windows ...,"₹54,990",4.3,"6,585 Ratings",https://rukminim2.flixcart.com/image/312/312/xif0q/computer/3/7/q/-enriched-transparent-original-imahehnhwehhffc4.png?q=70,https://www.flipkart.com/asus-expertbook-p1-1-yr-adp-i3-14th-gen-intel-core-3-13th-gen-1315u-16-gb-512-gb-ssd-windows-11-home-p1503cva-s71074ws-thin-light-laptop/p/itmf84b442d31b6b?pid=COMH8Z2QENXVKHGX&lid=LSTCOMH8Z2QENXVKHGXT2JJBZ&marketplace=FLIPKART&q=laptop&store=6bo%2Fb5g&srno=s_20_480&otracker=search&fm=organic&iid=91ee54f9-fc5f-4eba-acef-5d9ddfe4f6e0.COMH8Z2QENXVKHGX.SEARCH&ppt=sp&ppn=sp&ssid=dhwnifj96o0000001784731020345&qH=312f91285e048e09&ov_redirect=true,"Intel Core 3 Processor (13th Gen) | 16 GB DDR5 RAM | 64 bit Windows 11 Home Operating System | 512 GB SSD | 39.62 cm (15.6 Inch) Display | Included Software- Microsoft Office Home 2024(includes Word, Excel, PowerPoint, and OneNote) (Lifetime Validity ) + Microsoft 365 Basic*(1-Year Validity), McAfee+TM Premium (1 year Validity) | 1 Year Onsite Warranty"
21,1,Samsung Galaxy Book4 Metal Intel Core i5 13th Gen 1335U - (8 GB/512 GB SSD/Windows 11 Home) NP750XGJ-K...,"₹56,990",4.4,"19,735 Ratings",https://rukminim2.flixcart.com/image/312/312/xif0q/computer/k/t/y/-enriched-transparent-original-imahg53xspmfrsdd.png?q=70,https://www.flipkart.com/samsung-galaxy-book4-metal-intel-core-i5-13th-gen-1335u-8-gb-512-gb-ssd-windows-11-home-np750xgj-kg1in-np750xgj-lg1in-np750xgj-lg6in-thin-light-laptop/p/itm1df5212efb9fc?pid=COMGZUYDFZXHWYWZ&lid=LSTCOMGZUYDFZXHWYWZJ6V2KW&marketplace=FLIPKART&q=laptop&store=6bo%2Fb5g&srno=s_21_481&otracker=search&fm=organic&iid=en_xa8cmAi4ODVepQOgiy6Tu5B1ZiNs0HpNUYgeHizx_teEDPRuyvSjLtHWZxoSwQg7sfGME0kkMQMICwGxasfmZSpiZoP3ZcDDMuaOuWFYumP-qSToabrcxkEh6pQIPu1h&ppt=sp&ppn=sp&ssid=phpfdmltw00000001784731025994&qH=312f91285e048e09&ov_redirect=true,Intel Core i5 Processor (13th Gen) | 8 GB LPDDR4X RAM | 64 bit Windows 11 Operating System | 512 GB SSD | 39.62 cm (15.6 Inch) Display | 1 Year Manufacturer Warranty for Laptop and 6 Months for In-Box Accessories
21,2,Samsung Galaxy Book4 Metal Intel Core i3 13th Gen 1315U - (8 GB/512 GB SSD/Windows 11 Home) NP750XGJ-L...,"₹57,490",4.4,"10,670 Ratings",https://rukminim2.flixcart.com/image/312/312/xif0q/computer/q/k/o/-enriched-transparent-original-imahg53xmzmtsynn.png?q=70,https://www.flipkart.com/samsung-galaxy-book4-metal-intel-core-i3-13th-gen-1315u-8-gb-512-gb-ssd-windows-11-home-np750xgj-lg9in-thin-light-laptop/p/itmc29d559898e6f?pid=COMH4Y6KKRC9YSWE&lid=LSTCOMH4Y6KKRC9YSWERDUMZD&marketplace=FLIPKART&q=laptop&store=6bo%2Fb5g&srno=s_21_482&otracker=search&fm=organic&iid=en_xa8cmAi4ODVepQOgiy6Tu5B1ZiNs0HpNUYgeHizx_tcmxdNcPGKzGQrnytUJRhUOVqKfzRTPmTYCvEc1OQ2_kCChg9vAnpscSdI7uOc1ZHX-qSToabrcxkEh6pQIPu1h&ppt=sp&ppn=sp&ssid=phpfdmltw00000001784731025994&qH=312f91285e048e09&ov_redirect=true,Intel Core i3 Processor (13th Gen) | 8 GB LPDDR4X RAM | 64 bit Windows 11 Operating System | 512 GB SSD | 39.62 cm (15.6 Inch) Display | 1 Year Onsite Warranty
21,3,MSI Katana 15 Intel Core i5 13th Gen 13420H - (16 GB/1 TB SSD/Windows 11 Home/6 GB Graphics/NVIDIA GeF...,"₹87,000",4.2,103 Ratings,https://rukminim2.flixcart.com/image/312/312/xif0q/computer/u/z/z/-original-imahgfdfhgfddc5j.jpeg?q=70,https://www.flipkart.com/msi-katana-15-intel-core-i5-13th-gen-13420h-16-gb-1-tb-ssd-windows-11-home-6-gb-graphics-nvidia-geforce-rtx-3050-144-hz-75-w-b13udxk-gaming-laptop/p/itm86728ff6afc36?pid=COMHCQ4TNZJDSNGQ&lid=LSTCOMHCQ4TNZJDSNGQPW0OZM&marketplace=FLIPKART&q=laptop&store=6bo%2Fb5g&srno=s_21_483&otracker=search&fm=organic&iid=17d11254-7899-4fda-86db-c025c76d00db.COMHCQ4TNZJDSNGQ.SEARCH&ppt=sp&ppn=sp&ssid=phpfdmltw00000001784731025994&qH=312f91285e048e09&ov_redirect=true,Intel Core i5 Processor (13th Gen) | 16 GB DDR5 RAM | 64 bit Windows 11 Operating System | 1 TB SSD | 39.62 cm (15.6 Inch) Display | 2 Year On-Site Warranty
21,4,"DELL Inspiron 15 3520 with Backlit Keyboard, Intel Core i5 12th Gen - (16 GB/512 GB SSD/Windows 11 Hom...","₹67,999",4.2,580 Ratings,https://rukminim2.flixcart.com/image/312/312/xif0q/computer/2/a/r/inspiron-3520-laptop-dell-original-imahfue2pfmn3wkz.jpeg?q=70,https://www.flipkart.com/dell-inspiron-15-3520-backlit-keyboard-intel-core-i5-12th-gen-16-gb-512-gb-ssd-windows-11-home-laptop/p/itm0c93229d052fe?pid=COMGTEGW6HF5GJGQ&lid=LSTCOMGTEGW6HF5GJGQXKGMED&marketplace=FLIPKART&q=laptop&store=6bo%2Fb5g&srno=s_21_484&otracker=search&fm=organic&iid=17d11254-7899-4fda-86db-c025c76d00db.COMGTEGW6HF5GJGQ.SEARCH&ppt=sp&ppn=sp&ssid=phpfdmltw00000001784731025994&qH=312f91285e048e09&ov_redirect=true,"Intel Core i5 Processor (12th Gen) | 16 GB DDR4 RAM | 64 bit Windows 11 Operating System | 512 GB SSD | 39.62 cm (15.6 Inch) Display | Office Home & Student 2021, Microsoft Windows, 15 Months Macafee Antivirus | 1 Year Onsite Warranty"
21,5,Lenovo LOQ Intel Core i7 13th Gen 13645HX - (16 GB/512 GB SSD/Windows 11 Home/6 GB Graphics/NVIDIA GeF...,"₹1,45,990",4.4,96 Ratings,https://rukminim2.flixcart.com/image/312/312/xif0q/computer/q/f/c/-original-imahywvczmsndgpf.jpeg?q=70,https://www.flipkart.com/lenovo-loq-intel-core-i7-13th-gen-13645hx-16-gb-512-gb-ssd-windows-11-home-6-graphics-nvidia-geforce-rtx-4050-15irx9-gaming-laptop/p/itmaf58035c4d7bf?pid=COMHZFBNJKZBPDZP&lid=LSTCOMHZFBNJKZBPDZPX5FBSK&marketplace=FLIPKART&q=laptop&store=6bo%2Fb5g&srno=s_21_485&otracker=search&fm=organic&iid=17d11254-7899-4fda-86db-c025c76d00db.COMHZFBNJKZBPDZP.SEARCH&ppt=sp&ppn=sp&ssid=phpfdmltw00000001784731025994&qH=312f91285e048e09&ov_redirect=true,Intel Core i7 Processor (13th Gen) | 16 GB DDR5 RAM | Windows 11 Home Operating System | 512 GB SSD | 39.62 cm (15.6 inch) Display | Office Home 2024 | 1 Year Onsite Service
21,6,ASUS Expertbook P1 with 1 Yr ADP Intel Core i5 13th Gen 13420H - (32 GB/512 GB SSD/Windows 11 Home) P1...,"₹74,990",4.3,322 Ratings,https://rukminim2.flixcart.com/image/312/312/xif0q/computer/n/k/v/-original-imahb8x6f2fwngg6.jpeg?q=70,https://www.flipkart.com/asus-expertbook-p1-1-yr-adp-intel-core-i5-13th-gen-13420h-32-gb-512-gb-ssd-windows-11-home-p1503cva-s71075ws-thin-light-laptop/p/itm097644e9eaec3?pid=COMHCQ3VGJB8NGRH&lid=LSTCOMHCQ3VGJB8NGRHEJWAFU&marketplace=FLIPKART&q=laptop&store=6bo%2Fb5g&srno=s_21_486&otracker=search&fm=organic&iid=17d11254-7899-4fda-86db-c025c76d00db.COMHCQ3VGJB8NGRH.SEARCH&ppt=sp&ppn=sp&ssid=phpfdmltw00000001784731025994&qH=312f91285e048e09&ov_redirect=true,"Intel Core i5 Processor (13th Gen) | 32 GB DDR5 RAM | Windows 11 Home Operating System | 512 GB SSD | 39.62 cm (15.6 Inch) Display | Microsoft Office Home 2024, Microsoft 365 Basic | 1 Year Onsite Warranty"
21,7,HP Omnibook 3 2K WUXGA Snapdragon X - (16 GB/512 GB SSD/Windows 11 Home) Omnibook 3 14-hz0024QU Laptop,"₹72,990",4.1,11 Ratings,https://rukminim2.flixcart.com/image/312/312/xif0q/computer/u/e/9/-original-imahzvfcsqpynrcd.jpeg?q=70,https://www.flipkart.com/hp-omnibook-3-2k-wuxga-snapdragon-x-16-gb-512-gb-ssd-windows-11-home-14-hz0024qu-laptop/p/itmbd5346cd09abc?pid=COMHZGK2ACSECZB5&lid=LSTCOMHZGK2ACSECZB52ALLPO&marketplace=FLIPKART&q=laptop&store=6bo%2Fb5g&srno=s_21_487&otracker=search&fm=organic&iid=en_xa8cmAi4ODVepQOgiy6Tu5B1ZiNs0HpNUYgeHizx_tdjNLzPiRzd32Aw46z87XJtQDaMOpjaAqIhVlr2eDOqkK8WMJxc_eOD3pdFe_35DQX-qSToabrcxkEh6pQIPu1h&ppt=sp&ppn=sp&ssid=phpfdmltw00000001784731025994&qH=312f91285e048e09&ov_redirect=true,Snapdragon X Processor | 16 GB LPDDR5X RAM | Windows 11 Home Operating System | 512 GB SSD | 35.56 cm (14 inch) Display | MS Office Home 2024 | 1 Year Onsite Service
21,8,HP 15 (i5 14th Gen) Intel Core 5 120U - (24 GB/512 GB SSD/Windows 11 Home) 15-fd0262TU Thin and Light ...,"₹82,990",4.2,195 Ratings,https://rukminim2.flixcart.com/image/312/312/xif0q/computer/z/i/b/-original-imahzu4rwxnezv9x.jpeg?q=70,https://www.flipkart.com/hp-15-i5-14th-gen-intel-core-5-120u-24-gb-512-gb-ssd-windows-11-home-15-fd0262tu-thin-light-laptop/p/itm027a3317f4ff9?pid=COMHM94A7PHVCQT7&lid=LSTCOMHM94A7PHVCQT7QTPOH7&marketplace=FLIPKART&q=laptop&store=6bo%2Fb5g&srno=s_21_488&otracker=search&fm=organic&iid=en_xa8cmAi4ODVepQOgiy6Tu5B1ZiNs0HpNUYgeHizx_tchb1mPoSZhFoTN_66IfKG7ajNODExQ3AD2YwLVEpFEnHQxmIaeT1eVU6lHR1JOxyD-qSToabrcxkEh6pQIPu1h&ppt=sp&ppn=sp&ssid=phpfdmltw00000001784731025994&qH=312f91285e048e09&ov_redirect=true,Intel Core 5 Processor | 24 GB DDR5 RAM | Windows 11 Home Operating System | 512 GB SSD | 39.62 cm (15.6 inch) Display | Microsoft Office Home 2024 (Lifetime Validity ) + Microsoft 365(1-Year Validity) | 1 Year Onsite Service
21,9,ASUS Vivobook 16 (2025) with MSO 2024 + M365 Basic* AMD Ryzen 5 Hexa Core - (16 GB/512 GB SSD/Windows ...,"₹66,990",4.5,113 Ratings,https://rukminim2.flixcart.com/image/312/312/xif0q/computer/z/c/r/-original-imahn9fvqzj8afw9.jpeg?q=70,https://www.flipkart.com/asus-vivobook-16-2025-mso-2024-m365-basic-amd-ryzen-5-hexa-core-16-gb-512-gb-ssd-windows-11-home-m1605naq-mb095ws-thin-light-laptop/p/itm613ecc3e9e3af?pid=COMHJJ2HHZWAFGHX&lid=LSTCOMHJJ2HHZWAFGHXTQB458&marketplace=FLIPKART&q=laptop&store=6bo%2Fb5g&srno=s_21_489&otracker=search&fm=organic&iid=17d11254-7899-4fda-86db-c025c76d00db.COMHJJ2HHZWAFGHX.SEARCH&ppt=sp&ppn=sp&ssid=phpfdmltw00000001784731025994&qH=312f91285e048e09&ov_redirect=true,"AMD Ryzen 5 Hexa Core Processor | 16 GB DDR5 RAM | Windows 11 Home Operating System | 512 GB SSD | 40.64 cm (16 inch) Display | Microsoft Office Home 2024 (Lifetime Validity ) + Microsoft 365 Basic*(1-Year Validity), One-Month Membership of Adobe Creative Cloud All Apps, McAfee 1 year | 1 Year Onsite Warranty"
21,10,HP 15s AMD Ryzen 5 Quad Core 3500U - (8 GB/512 GB SSD/Windows 10 Home) 15s-gr0500AU Thin and Light Lap...,"₹55,692",4.3,329 Ratings,https://rukminim2.flixcart.com/image/312/312/kqttg280/computer/a/p/c/na-thin-and-light-laptop-hp-original-imag4r6xquheeasd.jpeg?q=70,https://www.flipkart.com/hp-15s-amd-ryzen-5-quad-core-3500u-8-gb-512-gb-ssd-windows-10-home-15s-gr0500au-thin-light-laptop/p/itma3ecca3dba795?pid=COMG4ZYHDHHGFN9E&lid=LSTCOMG4ZYHDHHGFN9EQLQIYM&marketplace=FLIPKART&q=laptop&store=6bo%2Fb5g&srno=s_21_490&otracker=search&fm=organic&iid=17d11254-7899-4fda-86db-c025c76d00db.COMG4ZYHDHHGFN9E.SEARCH&ppt=sp&ppn=sp&ssid=phpfdmltw00000001784731025994&qH=312f91285e048e09&ov_redirect=true,AMD Ryzen 5 Quad Core Processor | 8 GB DDR4 RAM | 64 bit Windows 10 Operating System | 512 GB SSD | 39.62 cm (15.6 Inch) Display | McAfee LiveSafe | 1 Year Onsite Warranty
21,11,DELL 15 (Previouly Inspiron) AMD Ryzen 5 Quad Core 7520U - (8 GB/512 GB SSD/Windows 11 Home) DC15255 T...,"₹57,990",4.5,6 Ratings,https://rukminim2.flixcart.com/image/312/312/xif0q/computer/m/x/0/-original-imahzv9agugnddrg.jpeg?q=70,https://www.flipkart.com/dell-15-previouly-inspiron-amd-ryzen-5-quad-core-7520u-8-gb-512-gb-ssd-windows-11-home-dc15255-thin-light-laptop/p/itmb80bb4e819164?pid=COMHDXXUHGDCHMQX&lid=LSTCOMHDXXUHGDCHMQXUEUE9X&marketplace=FLIPKART&q=laptop&store=6bo%2Fb5g&srno=s_21_491&otracker=search&fm=organic&iid=en_xa8cmAi4ODVepQOgiy6Tu5B1ZiNs0HpNUYgeHizx_tfHG80rIdjRB7Es7Y6i9zcUKS7KjhXWMehRCKPAR7kLICmyONG8u9GUv-mVZHUzBoz-qSToabrcxkEh6pQIPu1h&ppt=sp&ppn=sp&ssid=phpfdmltw00000001784731025994&qH=312f91285e048e09&ov_redirect=true,AMD Ryzen 5 Quad Core Processor | 8 GB LPDDR5 RAM | Windows 11 Operating System | 512 GB SSD | 38.1 cm (15 Inch) Display | 1 Year Onsite Warranty
21,12,HP 14 AI PC Intel Core Ultra 7 155H - (16 GB/1 TB SSD/Windows 11 Home) 14-ep1152TU Thin and Light Lapt...,"₹85,990",4.1,790 Ratings,https://rukminim2.flixcart.com/image/312/312/xif0q/computer/a/h/z/-original-imahgh9exfmtg44y.jpeg?q=70,https://www.flipkart.com/hp-14-ai-pc-intel-core-ultra-7-155h-16-gb-1-tb-ssd-windows-11-home-14-ep1152tu-thin-light-laptop/p/itm448874079369f?pid=COMHG98EXZ3AJYZN&lid=LSTCOMHG98EXZ3AJYZNODD67U&marketplace=FLIPKART&q=laptop&store=6bo%2Fb5g&srno=s_21_492&otracker=search&fm=organic&iid=en_xa8cmAi4ODVepQOgiy6Tu5B1ZiNs0HpNUYgeHizx_tdVZyXnXw2FCd9jXc2Ps8Nvn9sG8qIKSbGwDcGdLV_LgSGkgDYpheMzpTOfbcb9jJoJDm92-nE7gNMti0xSu51L&ppt=sp&ppn=sp&ssid=phpfdmltw00000001784731025994&qH=312f91285e048e09&ov_redirect=true,Intel Core Ultra 7 Processor | 16 GB DDR5 RAM | Windows 11 Home Operating System | 1 TB SSD | 35.56 cm (14 Inch) Display | 1 Year Onsite Warranty
21,13,HP G8 Series Intel Core i5 11th Gen 1135G - (8 GB/512 GB SSD/Windows 11 Home) 240 G8 Business Laptop,"₹65,990",4,126 Ratings,https://rukminim2.flixcart.com/image/312/312/xif0q/computer/f/b/y/hp-240-g8-notebook-business-laptop-hp-original-imagmu7xv5drcjqt.jpeg?q=70,https://www.flipkart.com/hp-g8-series-intel-core-i5-11th-gen-1135g-8-gb-512-gb-ssd-windows-11-home-240-business-laptop/p/itmf1ca83d7a968d?pid=COMGMU7XEJNDNFNV&lid=LSTCOMGMU7XEJNDNFNVFYFUBW&marketplace=FLIPKART&q=laptop&store=6bo%2Fb5g&srno=s_21_493&otracker=search&fm=organic&iid=17d11254-7899-4fda-86db-c025c76d00db.COMGMU7XEJNDNFNV.SEARCH&ppt=sp&ppn=sp&ssid=phpfdmltw00000001784731025994&qH=312f91285e048e09&ov_redirect=true,Intel Core i5 Processor (11th Gen) | 8 GB DDR4 RAM | 64 bit Windows 11 Operating System | 512 GB SSD | 35.56 cm (14 Inch) Display | NA | 1 Year Onsite Domestic Warranty
21,14,ASUS Vivobook 15 (2026) with Office 2024 + M365 Basic(i3 14th Gen) Intel Core 3 14th Gen 100U - (16 GB...,"₹63,990",4.4,7 Ratings,https://rukminim2.flixcart.com/image/312/312/xif0q/computer/f/y/v/-original-imahmbf8uqwbu72p.jpeg?q=70,https://www.flipkart.com/asus-vivobook-15-2026-office-2024-m365-basic-i3-14th-gen-intel-core-3-gen-100u-16-gb-512-gb-ssd-windows-11-home-x1504vap-bq1342ws-thin-light-laptop/p/itm031ab1a12d651?pid=COMHHAFFQSGCB5UG&lid=LSTCOMHHAFFQSGCB5UGKYUQPG&marketplace=FLIPKART&q=laptop&store=6bo%2Fb5g&srno=s_21_494&otracker=search&fm=organic&iid=17d11254-7899-4fda-86db-c025c76d00db.COMHHAFFQSGCB5UG.SEARCH&ppt=sp&ppn=sp&ssid=phpfdmltw00000001784731025994&qH=312f91285e048e09&ov_redirect=true,"Intel Core 3 Processor (14th Gen) | 16 GB DDR5 RAM | Windows 11 Home Operating System | 512 GB SSD | 39.62 cm (15.6 inch) Display | Microsoft Office Home 2024 (Lifetime Validity ) + Microsoft 365 Basic(1-Year Validity), One-Month Membership of Adobe Creative Cloud All Apps, McAfee 1 year | 1 Year Onsite Service"
21,15,HP G9 SERIES AMD Athlon Dual Core 3050U - (4 GB/256 GB SSD/Windows 11 Home) 255 Thin and Light Laptop,"₹49,099",4.1,90 Ratings,https://rukminim2.flixcart.com/image/312/312/xif0q/computer/8/g/m/255-g8-laptop-business-laptop-hp-original-imags58h73yc2evn.jpeg?q=70,https://www.flipkart.com/hp-g9-series-amd-athlon-dual-core-3050u-4-gb-256-gb-ssd-windows-11-home-255-thin-light-laptop/p/itm8f08c84a09fd8?pid=COMGT2XTYQEQHKHZ&lid=LSTCOMGT2XTYQEQHKHZFQX9DH&marketplace=FLIPKART&q=laptop&store=6bo%2Fb5g&srno=s_21_495&otracker=search&fm=organic&iid=17d11254-7899-4fda-86db-c025c76d00db.COMGT2XTYQEQHKHZ.SEARCH&ppt=sp&ppn=sp&ssid=phpfdmltw00000001784731025994&qH=312f91285e048e09&ov_redirect=true,AMD Athlon Dual Core Processor | 4 GB DDR4 RAM | Windows 11 Operating System | 256 GB SSD | 39.62 cm (15.6 Inch) Display | 1 Year Onsite Warranty
21,16,HP 255 G9 AMD Ryzen 3 Dual Core R3 3250 - (8 GB/512 GB SSD/Windows 11 Home) 255 G8 Thin and Light Lapt...,"₹49,490",4.1,"1,601 Ratings",https://rukminim2.flixcart.com/image/312/312/xif0q/computer/5/d/f/-original-imahg5fxv9fyrgte.jpeg?q=70,https://www.flipkart.com/hp-255-g9-amd-ryzen-3-dual-core-r3-3250-8-gb-512-gb-ssd-windows-11-home-g8-thin-light-laptop/p/itm9015dcea94ace?pid=COMGNFU7MHGWNHHA&lid=LSTCOMGNFU7MHGWNHHA0GBTJX&marketplace=FLIPKART&q=laptop&store=6bo%2Fb5g&srno=s_21_496&otracker=search&fm=organic&iid=17d11254-7899-4fda-86db-c025c76d00db.COMGNFU7MHGWNHHA.SEARCH&ppt=sp&ppn=sp&ssid=phpfdmltw00000001784731025994&qH=312f91285e048e09&ov_redirect=true,AMD Ryzen 3 Dual Core Processor | 8 GB DDR4 RAM | Windows 11 Operating System | 512 GB SSD | 39.62 cm (15.6 Inch) Display | 1 Year Onsite warranty by OEM
21,17,HP 14 AI PC Intel Core Ultra 7 155H - (16 GB/512 GB SSD/Windows 11 Home) 14-ep1151TU/14-gr1036TU/14-ep...,"₹79,990",4.1,790 Ratings,https://rukminim2.flixcart.com/image/312/312/xif0q/computer/o/9/k/-original-imahgry8nwkejmae.jpeg?q=70,https://www.flipkart.com/hp-14-ai-pc-intel-core-ultra-7-155h-16-gb-512-gb-ssd-windows-11-home-14-ep1151tu-14-gr1036tu-14-ep1151tu-thin-light-laptop/p/itm4c681812b88bf?pid=COMHF8G932EYZAJF&lid=LSTCOMHF8G932EYZAJFOUI9CA&marketplace=FLIPKART&q=laptop&store=6bo%2Fb5g&srno=s_21_497&otracker=search&fm=organic&iid=en_xa8cmAi4ODVepQOgiy6Tu5B1ZiNs0HpNUYgeHizx_teGRWmjlZ8r-drvp5nUWXyp3zzcGhlXkGO1hWP1UU6KY6U4JGq2qGfuCYjFJWjKqlQJDm92-nE7gNMti0xSu51L&ppt=sp&ppn=sp&ssid=phpfdmltw00000001784731025994&qH=312f91285e048e09&ov_redirect=true,Intel Core Ultra 7 Processor | 16 GB DDR5 RAM | Windows 11 Home Operating System | 512 GB SSD | 35.56 cm (14 Inch) Display | 1 Year Onsite Warranty
21,18,Samsung Galaxy Book5 AI Metal Intel Core Ultra 7 255U - (16 GB/512 GB SSD/Windows 11 Home) NP750XHD Th...,"₹91,990",4.6,463 Ratings,https://rukminim2.flixcart.com/image/312/312/xif0q/computer/0/2/e/-original-imahzcf3jkkjkhgc.jpeg?q=70,https://www.flipkart.com/samsung-galaxy-book5-ai-metal-intel-core-ultra-7-255u-16-gb-512-gb-ssd-windows-11-home-np750xhd-thin-light-laptop/p/itma9c081cdbe95d?pid=COMHE4ATBCUTGUYT&lid=LSTCOMHE4ATBCUTGUYTJZ7NHN&marketplace=FLIPKART&q=laptop&store=6bo%2Fb5g&srno=s_21_498&otracker=search&fm=organic&iid=en_xa8cmAi4ODVepQOgiy6Tu5B1ZiNs0HpNUYgeHizx_tdGmtHgAzRHkaWnXqXqmgo6_54vlUw9QAlUFlRYR6QtY-UBYPBIqgZE3mSuDz4Hsbn-qSToabrcxkEh6pQIPu1h&ppt=sp&ppn=sp&ssid=phpfdmltw00000001784731025994&qH=312f91285e048e09&ov_redirect=true,Intel Core Ultra 7 Processor | 16 GB LPDDR5X RAM | 64 bit Windows 11 Operating System | 512 GB SSD | 39.62 cm (15.6 Inch) Display | MS Office Home and Student 2024 | 1 Year Manufacturer Warranty for Laptop and 6 Months for In-Box Accessories
21,19,Lenovo IdeaPad Slim 5 (Gen 11) Next-Gen AI PC Intel Core Ultra 7 Series 3 355 - (16 GB/512 GB SSD/Wind...,"₹1,37,990",Not Found,Not Found,https://rukminim2.flixcart.com/image/312/312/xif0q/computer/q/x/v/-original-imahz3gzugyhhsry.jpeg?q=70,https://www.flipkart.com/lenovo-ideapad-slim-5-gen-11-next-gen-ai-pc-intel-core-ultra-7-series-3-355-16-gb-512-gb-ssd-windows-11-home-14iph11-thin-light-laptop/p/itm503b66be00834?pid=COMHNSC6B6PADGGS&lid=LSTCOMHNSC6B6PADGGSXDVBZG&marketplace=FLIPKART&q=laptop&store=6bo%2Fb5g&srno=s_21_499&otracker=search&fm=organic&iid=17d11254-7899-4fda-86db-c025c76d00db.COMHNSC6B6PADGGS.SEARCH&ppt=sp&ppn=sp&ssid=phpfdmltw00000001784731025994&qH=312f91285e048e09&ov_redirect=true,NA | Intel Core Ultra 7 Processor (Series 3) | 16 GB DDR5 RAM | Windows 11 Home Operating System | 512 GB SSD | 35.56 cm (14 inch) Display | Microsoft 365 Basic + Office Home 2024 | 1 Year Onsite Service
21,20,DELL Intel Core i3 13th Gen - (8 GB/512 GB SSD/Windows 11 Home) 3530 Thin and Light Laptop,"₹50,500",4.2,302 Ratings,https://rukminim2.flixcart.com/image/312/312/xif0q/computer/3/k/e/-original-imah8bgr5e2gqx25.jpeg?q=70,https://www.flipkart.com/dell-intel-core-i3-13th-gen-8-gb-512-gb-ssd-windows-11-home-3530-thin-light-laptop/p/itme37811760d94c?pid=COMGQN94CKCN3EYH&lid=LSTCOMGQN94CKCN3EYHB1HV4J&marketplace=FLIPKART&q=laptop&store=6bo%2Fb5g&srno=s_21_500&otracker=search&fm=organic&iid=17d11254-7899-4fda-86db-c025c76d00db.COMGQN94CKCN3EYH.SEARCH&ppt=sp&ppn=sp&ssid=phpfdmltw00000001784731025994&qH=312f91285e048e09&ov_redirect=true,Intel Core i3 Processor (13th Gen) | 8 GB DDR4 RAM | Windows 11 Operating System | 512 GB SSD | 39.62 cm (15.6 Inch) Display | 1 year domestic warranty
21,21,Samsung Galaxy Book5 AI Metal Intel Core Ultra 5 225U - (16 GB/512 GB SSD/Windows 11 Home) NP750XHD Th...,"₹84,990",4.6,837 Ratings,https://rukminim2.flixcart.com/image/312/312/xif0q/computer/0/2/e/-original-imahzcf3jkkjkhgc.jpeg?q=70,https://www.flipkart.com/samsung-galaxy-book5-ai-metal-intel-core-ultra-5-225u-16-gb-512-gb-ssd-windows-11-home-np750xhd-thin-light-laptop/p/itmc33d2563d0ffc?pid=COMHE4ATPCZ9FXRP&lid=LSTCOMHE4ATPCZ9FXRP7N1GVG&marketplace=FLIPKART&q=laptop&store=6bo%2Fb5g&srno=s_21_501&otracker=search&fm=organic&iid=en_xa8cmAi4ODVepQOgiy6Tu5B1ZiNs0HpNUYgeHizx_tekculrsYHqZ-E_2psZuUBe3WHJiuMjlX0EHxFVCjPkycH5LP6GMXD1iSKF2pPmS-T-qSToabrcxkEh6pQIPu1h&ppt=sp&ppn=sp&ssid=phpfdmltw00000001784731025994&qH=312f91285e048e09&ov_redirect=true,Intel Core Ultra 5 Processor | 16 GB LPDDR5X RAM | 64 bit Windows 11 Operating System | 512 GB SSD | 39.62 cm (15.6 Inch) Display | MS Office Home and Student 2024 | 1 Year Manufacturer Warranty for Laptop and 6 Months for In-Box Accessories
21,22,HP OMEN AI AMD Ryzen AI 7 Octa Core AI 7 350 - (24 GB/1 TB SSD/Windows 11 Home/8 GB Graphics/NVIDIA Ge...,"₹1,34,990",4.5,112 Ratings,https://rukminim2.flixcart.com/image/312/312/xif0q/computer/1/a/f/-original-imahgfdy8czyaypq.jpeg?q=70,https://www.flipkart.com/hp-omen-ai-amd-ryzen-7-octa-core-350-24-gb-1-tb-ssd-windows-11-home-8-gb-graphics-nvidia-geforce-rtx-5050-16-ap0165ax-gaming-laptop/p/itm5661c90728083?pid=COMHEHHXKFQSABXZ&lid=LSTCOMHEHHXKFQSABXZEF3JCN&marketplace=FLIPKART&q=laptop&store=6bo%2Fb5g&srno=s_21_502&otracker=search&fm=organic&iid=en_xa8cmAi4ODVepQOgiy6Tu5B1ZiNs0HpNUYgeHizx_tfvgdUOKjgcmi7zjbQHW0daSt8s0FwzStmVNuDw0YIb7vRQYaQqNgqexXd2bqUccoKN_958JjDU6maWiWXjLVYZ&ppt=sp&ppn=sp&ssid=phpfdmltw00000001784731025994&qH=312f91285e048e09&ov_redirect=true,AMD Ryzen AI 7 Octa Core Processor | 24 GB DDR5 RAM | Windows 11 Home Operating System | 1 TB SSD | 40.64 cm (16 Inch) Display | 1 Year Onsite Warranty
21,23,HP 250R G9 Intel Core i3 13th Gen 1315U - (8 GB/512 GB SSD/Windows 11 Home) 42V68PA Thin and Light Lap...,"₹54,699",4.2,213 Ratings,https://rukminim2.flixcart.com/image/312/312/kolsscw0/computer/s/x/d/250-g8-thin-and-light-laptop-hp-original-imag3f4kmcvnhkz9.jpeg?q=70,https://www.flipkart.com/hp-250r-g9-intel-core-i3-13th-gen-1315u-8-gb-512-gb-ssd-windows-11-home-42v68pa-thin-light-laptop/p/itm9015dcea94ace?pid=COMG3N59B6DRHGKW&lid=LSTCOMG3N59B6DRHGKWYU39FA&marketplace=FLIPKART&q=laptop&store=6bo%2Fb5g&srno=s_21_503&otracker=search&fm=organic&iid=17d11254-7899-4fda-86db-c025c76d00db.COMG3N59B6DRHGKW.SEARCH&ppt=sp&ppn=sp&ssid=phpfdmltw00000001784731025994&qH=312f91285e048e09&ov_redirect=true,"Intel Core i3 Processor (13th Gen) | 8 GB DDR4 RAM | 64 bit Windows 11 Home Operating System | 512 GB SSD | 39.62 cm (15.6 Inch) Display | HP Support Assistant, Native Miracast Support, HP AudioSwitch, HP Documentation, HP Setup Integrated, OOBE, HP SSRM, HP Jumpstart, McAfee LiveSafe (30 Day Trial), Xerox DocuShare (30 Day Trial) | 1 Year Onsite Warranty"
21,24,HP OmniBook X AI PC Snapdragon Snapdragon X Elite - (16 GB/1 TB SSD/Windows 11 Home) 14-fe0121QU Thin ...,"₹1,42,990",5,4 Ratings,https://rukminim2.flixcart.com/image/312/312/xif0q/computer/u/8/e/-enriched-transparent-original-imahg533tfgskxky.png?q=70,https://www.flipkart.com/hp-omnibook-x-ai-pc-snapdragon-elite-16-gb-1-tb-ssd-windows-11-home-14-fe0121qu-thin-light-laptop/p/itm4f0ec97e25d36?pid=COMH2D4GZZK4JEDS&lid=LSTCOMH2D4GZZK4JEDSIWIIRU&marketplace=FLIPKART&q=laptop&store=6bo%2Fb5g&srno=s_21_504&otracker=search&fm=organic&iid=17d11254-7899-4fda-86db-c025c76d00db.COMH2D4GZZK4JEDS.SEARCH&ppt=sp&ppn=sp&ssid=phpfdmltw00000001784731025994&qH=312f91285e048e09&ov_redirect=true,Snapdragon Snapdragon X Elite Processor | 16 GB LPDDR5X RAM | 64 bit Windows 11 Operating System | 1 TB SSD | 35.56 cm (14 Inch) Touchscreen Display | 1 Year Onsite Warranty
22,1,HP 15 G9 (2025) AMD Ryzen 3 Dual Core 3250U - (16 GB/512 GB SSD/Windows 11 Pro) 15 G9 Thin and Light L...,"₹55,340",4,229 Ratings,https://rukminim2.flixcart.com/image/312/312/xif0q/computer/y/2/q/15-g9-thin-and-light-laptop-hp-original-imah9h2hecydjh2c.jpeg?q=70,https://www.flipkart.com/hp-15-g9-2025-amd-ryzen-3-dual-core-3250u-16-gb-512-gb-ssd-windows-11-pro-thin-light-laptop/p/itma7df4d7d70080?pid=COMH9DVYSUGVCXZV&lid=LSTCOMH9DVYSUGVCXZV9Y8ZB1&marketplace=FLIPKART&q=laptop&store=6bo%2Fb5g&srno=s_22_505&otracker=search&fm=organic&iid=4c92aa8c-cad4-4050-bc84-599845b34d1a.COMH9DVYSUGVCXZV.SEARCH&ppt=sp&ppn=sp&ssid=q7a80llfi80000001784731031624&qH=312f91285e048e09&ov_redirect=true,"AMD Ryzen 3 Dual Core Processor | 16 GB DDR4 RAM | 64 bit Windows 11 Operating System | 512 GB SSD | 39.62 cm (15.6 Inch) Display | Microsoft Office 2021, Windows 11 Pro | 1 Year Onsite Warranty"
22,2,"DELL Intel Core i3 13th Gen 1305U - (8 GB/512 GB SSD/Windows 11 Home) Vostro 3530,Vostro 3530 RPL Thin...","₹49,990",4.2,795 Ratings,https://rukminim2.flixcart.com/image/312/312/xif0q/computer/o/v/k/-original-imahg5fxg9athecd.jpeg?q=70,https://www.flipkart.com/dell-intel-core-i3-13th-gen-1305u-8-gb-512-gb-ssd-windows-11-home-vostro-3530-vostro-3530-rpl-thin-light-laptop/p/itm79bd3633b64b4?pid=COMGZ8NDUXGPXTVZ&lid=LSTCOMGZ8NDUXGPXTVZQ7MVE2&marketplace=FLIPKART&q=laptop&store=6bo%2Fb5g&srno=s_22_506&otracker=search&fm=organic&iid=4c92aa8c-cad4-4050-bc84-599845b34d1a.COMGZ8NDUXGPXTVZ.SEARCH&ppt=sp&ppn=sp&ssid=q7a80llfi80000001784731031624&qH=312f91285e048e09&ov_redirect=true,Intel Core i3 Processor (13th Gen) | 8 GB DDR4 RAM | Windows 11 Operating System | 512 GB SSD | 39.62 cm (15.6 Inch) Display | 1 Year Onsite warranty
22,3,Samsung Galaxy Book4 Metal Intel Core i5 13th Gen 1335U - (8 GB/512 GB SSD/Windows 11 Home) NP750XGJ-K...,"₹56,990",4.4,"19,735 Ratings",https://rukminim2.flixcart.com/image/312/312/xif0q/computer/k/t/y/-enriched-transparent-original-imahg53xspmfrsdd.png?q=70,https://www.flipkart.com/samsung-galaxy-book4-metal-intel-core-i5-13th-gen-1335u-8-gb-512-gb-ssd-windows-11-home-np750xgj-kg1in-np750xgj-lg1in-np750xgj-lg6in-thin-light-laptop/p/itm1df5212efb9fc?pid=COMGZUYDFZXHWYWZ&lid=LSTCOMGZUYDFZXHWYWZJ6V2KW&marketplace=FLIPKART&q=laptop&store=6bo%2Fb5g&srno=s_22_507&otracker=search&fm=organic&iid=en_YKhEdiQQ3yD8pEbzBPEWUWuTZRpU9TIPSIvoGOwWLOnyhQxSuPm81Js9fCY96UNlsfGME0kkMQMICwGxasfmZSpiZoP3ZcDDMuaOuWFYumMWqdCkHJ86EWc80FdgXFJB&ppt=sp&ppn=sp&ssid=q7a80llfi80000001784731031624&qH=312f91285e048e09&ov_redirect=true,Intel Core i5 Processor (13th Gen) | 8 GB LPDDR4X RAM | 64 bit Windows 11 Operating System | 512 GB SSD | 39.62 cm (15.6 Inch) Display | 1 Year Manufacturer Warranty for Laptop and 6 Months for In-Box Accessories
22,4,Samsung Galaxy Book4 Metal Intel Core i3 13th Gen 1315U - (8 GB/512 GB SSD/Windows 11 Home) NP750XGJ-L...,"₹57,490",4.4,"10,670 Ratings",https://rukminim2.flixcart.com/image/312/312/xif0q/computer/q/k/o/-enriched-transparent-original-imahg53xmzmtsynn.png?q=70,https://www.flipkart.com/samsung-galaxy-book4-metal-intel-core-i3-13th-gen-1315u-8-gb-512-gb-ssd-windows-11-home-np750xgj-lg9in-thin-light-laptop/p/itmc29d559898e6f?pid=COMH4Y6KKRC9YSWE&lid=LSTCOMH4Y6KKRC9YSWERDUMZD&marketplace=FLIPKART&q=laptop&store=6bo%2Fb5g&srno=s_22_508&otracker=search&fm=organic&iid=en_YKhEdiQQ3yD8pEbzBPEWUWuTZRpU9TIPSIvoGOwWLOmIRCosvPF4RvlG7bbeKYp4VqKfzRTPmTYCvEc1OQ2_kCChg9vAnpscSdI7uOc1ZHUWqdCkHJ86EWc80FdgXFJB&ppt=sp&ppn=sp&ssid=q7a80llfi80000001784731031624&qH=312f91285e048e09&ov_redirect=true,Intel Core i3 Processor (13th Gen) | 8 GB LPDDR4X RAM | 64 bit Windows 11 Operating System | 512 GB SSD | 39.62 cm (15.6 Inch) Display | 1 Year Onsite Warranty
22,5,Lenovo Workstation P15v Intel Core i7 12th Gen 12800H - (16 GB/1 TB SSD/Windows 11 Pro/4 GB Graphics) ...,"₹1,94,304",Not Found,Not Found,https://rukminim2.flixcart.com/image/312/312/xif0q/computer/n/k/r/-original-imahg5fyz96vazx4.jpeg?q=70,https://www.flipkart.com/lenovo-workstation-p15v-intel-core-i7-12th-gen-12800h-16-gb-1-tb-ssd-windows-11-pro-4-gb-graphics-tp-gen3-laptop/p/itm4db050f31d127?pid=COMGP22NC2NJPFT7&lid=LSTCOMGP22NC2NJPFT7R732RN&marketplace=FLIPKART&q=laptop&store=6bo%2Fb5g&srno=s_22_509&otracker=search&fm=organic&iid=4c92aa8c-cad4-4050-bc84-599845b34d1a.COMGP22NC2NJPFT7.SEARCH&ppt=sp&ppn=sp&ssid=q7a80llfi80000001784731031624&qH=312f91285e048e09&ov_redirect=true,Intel Core i7 Processor (12th Gen) | 16 GB DDR5 RAM | Windows 11 Operating System | 1 TB SSD | 39.62 cm (15.6 Inch) Display | 3 Year Premier Support
22,6,Samsung Galaxy Book6 Intel Core Ultra 7 Series 3 355 - (16 GB/512 GB SSD/Windows 11 Home) NP760VJG Thi...,"₹1,27,990",3.3,3 Ratings,https://rukminim2.flixcart.com/image/312/312/xif0q/computer/4/e/o/-original-imahhvjrydupk3w7.jpeg?q=70,https://www.flipkart.com/samsung-galaxy-book6-intel-core-ultra-7-series-3-355-16-gb-512-gb-ssd-windows-11-home-np760vjg-thin-light-laptop/p/itme5903fa43b536?pid=COMHHPK3WKXKUDVA&lid=LSTCOMHHPK3WKXKUDVAZYRSJQ&marketplace=FLIPKART&q=laptop&store=6bo%2Fb5g&srno=s_22_510&otracker=search&fm=organic&iid=4c92aa8c-cad4-4050-bc84-599845b34d1a.COMHHPK3WKXKUDVA.SEARCH&ppt=sp&ppn=sp&ssid=q7a80llfi80000001784731031624&qH=312f91285e048e09&ov_redirect=true,Intel Core Ultra 7 Processor (Series 3) | 16 GB LPDDR5X RAM | 64 bit Windows 11 Home Operating System | 512 GB SSD | 40.64 cm (16 inch) Display | 1 Year Manufacturer Warranty for Laptop and 6 Months for In-Box Accessories
22,7,HP Omnibook 3 2K WUXGA Snapdragon X - (16 GB/512 GB SSD/Windows 11 Home) Omnibook 3 14-hz0024QU Laptop,"₹72,990",4.1,11 Ratings,https://rukminim2.flixcart.com/image/312/312/xif0q/computer/u/e/9/-original-imahzvfcsqpynrcd.jpeg?q=70,https://www.flipkart.com/hp-omnibook-3-2k-wuxga-snapdragon-x-16-gb-512-gb-ssd-windows-11-home-14-hz0024qu-laptop/p/itmbd5346cd09abc?pid=COMHZGK2ACSECZB5&lid=LSTCOMHZGK2ACSECZB52ALLPO&marketplace=FLIPKART&q=laptop&store=6bo%2Fb5g&srno=s_22_511&otracker=search&fm=organic&iid=en_YKhEdiQQ3yD8pEbzBPEWUWuTZRpU9TIPSIvoGOwWLOn7VQOHgLSYvpZO3XkVjMI4QDaMOpjaAqIhVlr2eDOqkK8WMJxc_eOD3pdFe_35DQUWqdCkHJ86EWc80FdgXFJB&ppt=sp&ppn=sp&ssid=q7a80llfi80000001784731031624&qH=312f91285e048e09&ov_redirect=true,Snapdragon X Processor | 16 GB LPDDR5X RAM | Windows 11 Home Operating System | 512 GB SSD | 35.56 cm (14 inch) Display | MS Office Home 2024 | 1 Year Onsite Service
22,8,HP 15 (i5 14th Gen) Intel Core 5 120U - (24 GB/512 GB SSD/Windows 11 Home) 15-fd0262TU Thin and Light ...,"₹82,990",4.2,195 Ratings,https://rukminim2.flixcart.com/image/312/312/xif0q/computer/z/i/b/-original-imahzu4rwxnezv9x.jpeg?q=70,https://www.flipkart.com/hp-15-i5-14th-gen-intel-core-5-120u-24-gb-512-gb-ssd-windows-11-home-15-fd0262tu-thin-light-laptop/p/itm027a3317f4ff9?pid=COMHM94A7PHVCQT7&lid=LSTCOMHM94A7PHVCQT7QTPOH7&marketplace=FLIPKART&q=laptop&store=6bo%2Fb5g&srno=s_22_512&otracker=search&fm=organic&iid=en_YKhEdiQQ3yD8pEbzBPEWUWuTZRpU9TIPSIvoGOwWLOk5shEe0iMA9fcCymOMMONZajNODExQ3AD2YwLVEpFEnHQxmIaeT1eVU6lHR1JOxyAWqdCkHJ86EWc80FdgXFJB&ppt=sp&ppn=sp&ssid=q7a80llfi80000001784731031624&qH=312f91285e048e09&ov_redirect=true,Intel Core 5 Processor | 24 GB DDR5 RAM | Windows 11 Home Operating System | 512 GB SSD | 39.62 cm (15.6 inch) Display | Microsoft Office Home 2024 (Lifetime Validity ) + Microsoft 365(1-Year Validity) | 1 Year Onsite Service
22,9,ASUS Vivobook 16X (2025) with Office 2024 + M365 Basic* Intel Core i5 13th Gen 13420H - (16 GB/512 GB ...,"₹85,899",4.3,"1,664 Ratings",https://rukminim2.flixcart.com/image/312/312/xif0q/computer/k/1/o/-original-imahgfdf5f9uyzwh.jpeg?q=70,https://www.flipkart.com/asus-vivobook-16x-2025-office-2024-m365-basic-intel-core-i5-13th-gen-13420h-16-gb-512-gb-ssd-windows-11-home-4-graphics-nvidia-geforce-rtx-3050-144-hz-k3605vc-rp412ws-gaming-laptop/p/itm9e70454315f97?pid=COMH9SJ93FGQFGAW&lid=LSTCOMH9SJ93FGQFGAWOYLNCC&marketplace=FLIPKART&q=laptop&store=6bo%2Fb5g&srno=s_22_513&otracker=search&fm=organic&iid=4c92aa8c-cad4-4050-bc84-599845b34d1a.COMH9SJ93FGQFGAW.SEARCH&ppt=sp&ppn=sp&ssid=q7a80llfi80000001784731031624&qH=312f91285e048e09&ov_redirect=true,"Intel Core i5 Processor (13th Gen) | 16 GB DDR4 RAM | Windows 11 Home Operating System | 512 GB SSD | 40.64 cm (16 Inch) Display | Microsoft Office Home 2024 (Lifetime Validity ) + Microsoft 365 Basic*(1-Year Validity), One-Month Membership of Adobe Creative Cloud All Apps, McAfee 1 year | 1 Year Onsite Warranty"
22,10,ASUS Vivobook 15(2025) with Office 2024 + M365 Basic* AMD Ryzen 7 Octa Core 7730U - (16 GB/512 GB SSD/...,"₹76,400",4,4 Ratings,https://rukminim2.flixcart.com/image/312/312/xif0q/computer/6/r/x/x1502va-nj542ws-thin-and-light-laptop-asus-original-imagznwpuefs9grj.jpeg?q=70,https://www.flipkart.com/asus-vivobook-15-2025-office-2024-m365-basic-amd-ryzen-7-octa-core-7730u-16-gb-512-gb-ssd-windows-11-home-m1502ya-bq936ws-thin-light-laptop/p/itm8aceea8a3302b?pid=COMHEZZTJHKVC5FE&lid=LSTCOMHEZZTJHKVC5FEAZ1BDT&marketplace=FLIPKART&q=laptop&store=6bo%2Fb5g&srno=s_22_514&otracker=search&fm=organic&iid=4c92aa8c-cad4-4050-bc84-599845b34d1a.COMHEZZTJHKVC5FE.SEARCH&ppt=sp&ppn=sp&ssid=q7a80llfi80000001784731031624&qH=312f91285e048e09&ov_redirect=true,"AMD Ryzen 7 Octa Core Processor | 16 GB DDR4 RAM | Windows 11 Home Operating System | 512 GB SSD | 39.62 cm (15.6 Inch) Display | Microsoft Office Home 2024 (Lifetime Validity ) + Microsoft 365 Basic*(1-Year Validity), One-Month Membership of Adobe Creative Cloud All Apps, McAfee 1 year | 1 Year Onsite Warranty"
22,11,DELL 14 Plus Next Gen AI PC Microsoft Office Home 2024 Intel Core Ultra 5 226V - (16 GB/512 GB SSD/Win...,"₹89,999",4.3,472 Ratings,https://rukminim2.flixcart.com/image/312/312/xif0q/computer/0/u/d/-original-imahmg5hzfmzdyab.jpeg?q=70,https://www.flipkart.com/dell-14-plus-next-gen-ai-pc-microsoft-office-home-2024-intel-core-ultra-5-226v-16-gb-512-gb-ssd-windows-11-home-db14250-thin-light-laptop/p/itm35f6fc2e7327a?pid=COMHEARK9EASHAA9&lid=LSTCOMHEARK9EASHAA9V9G6HB&marketplace=FLIPKART&q=laptop&store=6bo%2Fb5g&srno=s_22_515&otracker=search&fm=organic&iid=4c92aa8c-cad4-4050-bc84-599845b34d1a.COMHEARK9EASHAA9.SEARCH&ppt=sp&ppn=sp&ssid=q7a80llfi80000001784731031624&qH=312f91285e048e09&ov_redirect=true,Intel Core Ultra 5 Processor | 16 GB LPDDR5X RAM | Windows 11 Home Operating System | 512 GB SSD | 35.56 cm (14 Inch) Display | Microsoft Office Home 2024 | Dell Support Assist | 1 Year Onsite Hardware Service
22,12,HP 15s Metal Intel Core i3 13th Gen 1315U - (8 GB/512 GB SSD/Windows 11 Home) 15-hr0005TU Thin and Lig...,"₹56,990",Not Found,Not Found,https://rukminim2.flixcart.com/image/312/312/xif0q/computer/s/m/s/15-hr0005tu-thin-and-light-laptop-hp-original-imahk8s7rpmhy739.jpeg?q=70,https://www.flipkart.com/hp-15s-metal-intel-core-i3-13th-gen-1315u-8-gb-512-gb-ssd-windows-11-home-15-hr0005tu-thin-light-laptop/p/itmb433fd9435785?pid=COMHKF4SKEQZFGAX&lid=LSTCOMHKF4SKEQZFGAX8WCUPX&marketplace=FLIPKART&q=laptop&store=6bo%2Fb5g&srno=s_22_516&otracker=search&fm=organic&iid=4c92aa8c-cad4-4050-bc84-599845b34d1a.COMHKF4SKEQZFGAX.SEARCH&ppt=sp&ppn=sp&ssid=q7a80llfi80000001784731031624&qH=312f91285e048e09&ov_redirect=true,Intel Core i3 Processor (13th Gen) | 8 GB DDR4 RAM | Windows 11 Home Operating System | 512 GB SSD | 39.62 cm (15.6 inch) Display | MS Office Home 2024 + MISC PC Game Pass DA 3M | 1 Year Onsite Warranty
22,13,DELL 15 (Previouly Inspiron) AMD Ryzen 5 Quad Core 7520U - (8 GB/512 GB SSD/Windows 11 Home) DC15255 T...,"₹57,990",4.5,6 Ratings,https://rukminim2.flixcart.com/image/312/312/xif0q/computer/m/x/0/-original-imahzv9agugnddrg.jpeg?q=70,https://www.flipkart.com/dell-15-previouly-inspiron-amd-ryzen-5-quad-core-7520u-8-gb-512-gb-ssd-windows-11-home-dc15255-thin-light-laptop/p/itmb80bb4e819164?pid=COMHDXXUHGDCHMQX&lid=LSTCOMHDXXUHGDCHMQXUEUE9X&marketplace=FLIPKART&q=laptop&store=6bo%2Fb5g&srno=s_22_517&otracker=search&fm=organic&iid=en_YKhEdiQQ3yD8pEbzBPEWUWuTZRpU9TIPSIvoGOwWLOlnwB52OhXoCfYMW--7DOpkKS7KjhXWMehRCKPAR7kLICmyONG8u9GUv-mVZHUzBowWqdCkHJ86EWc80FdgXFJB&ppt=sp&ppn=sp&ssid=q7a80llfi80000001784731031624&qH=312f91285e048e09&ov_redirect=true,AMD Ryzen 5 Quad Core Processor | 8 GB LPDDR5 RAM | Windows 11 Operating System | 512 GB SSD | 38.1 cm (15 Inch) Display | 1 Year Onsite Warranty
22,14,HP 14 AI PC Intel Core Ultra 7 155H - (16 GB/1 TB SSD/Windows 11 Home) 14-ep1152TU Thin and Light Lapt...,"₹85,990",4.1,790 Ratings,https://rukminim2.flixcart.com/image/312/312/xif0q/computer/a/h/z/-original-imahgh9exfmtg44y.jpeg?q=70,https://www.flipkart.com/hp-14-ai-pc-intel-core-ultra-7-155h-16-gb-1-tb-ssd-windows-11-home-14-ep1152tu-thin-light-laptop/p/itm448874079369f?pid=COMHG98EXZ3AJYZN&lid=LSTCOMHG98EXZ3AJYZNODD67U&marketplace=FLIPKART&q=laptop&store=6bo%2Fb5g&srno=s_22_518&otracker=search&fm=organic&iid=en_YKhEdiQQ3yD8pEbzBPEWUWuTZRpU9TIPSIvoGOwWLOkeMf0PJCA6BBdmy-gIFpocn9sG8qIKSbGwDcGdLV_LgSGkgDYpheMzpTOfbcb9jJr0d-6ZFiHpJudDM8M2g4-z&ppt=sp&ppn=sp&ssid=q7a80llfi80000001784731031624&qH=312f91285e048e09&ov_redirect=true,Intel Core Ultra 7 Processor | 16 GB DDR5 RAM | Windows 11 Home Operating System | 1 TB SSD | 35.56 cm (14 Inch) Display | 1 Year Onsite Warranty
22,15,Lenovo IdeaPad Slim 3 Intel Core i3 13th Gen 1315U - (8 GB/512 GB SSD/Windows 11 Home) IdeaPad Slim 3 ...,"₹61,990",Not Found,Not Found,https://rukminim2.flixcart.com/image/312/312/xif0q/computer/d/c/s/-original-imahzy8kzehqrxhv.jpeg?q=70,https://www.flipkart.com/lenovo-ideapad-slim-3-intel-core-i3-13th-gen-1315u-8-gb-512-gb-ssd-windows-11-home-15iru8-thin-light-laptop/p/itm5b24df123e032?pid=COMHZGQWDCX9TKZ6&lid=LSTCOMHZGQWDCX9TKZ6YAKV7Z&marketplace=FLIPKART&q=laptop&store=6bo%2Fb5g&srno=s_22_519&otracker=search&fm=organic&iid=4c92aa8c-cad4-4050-bc84-599845b34d1a.COMHZGQWDCX9TKZ6.SEARCH&ppt=sp&ppn=sp&ssid=q7a80llfi80000001784731031624&qH=312f91285e048e09&ov_redirect=true,Intel Core i3 Processor (13th Gen) | 8 GB LPDDR5 RAM | Windows 11 Home Operating System | 512 GB SSD | 39.62 cm (15.6 inch) Display | Office Home 2024 | 1 Year Onsite Service
22,16,"ASUS Vivobook 15, with Backlit Keyboard, Intel Core i5 12th Gen 1235U - (8 GB/512 GB SSD/Windows 11 Ho...","₹69,699",4.2,"8,891 Ratings",https://rukminim2.flixcart.com/image/312/312/xif0q/computer/s/n/e/-enriched-transparent-original-imahg5fudk6zhjfc.png?q=70,https://www.flipkart.com/asus-vivobook-15-backlit-keyboard-intel-core-i5-12th-gen-1235u-8-gb-512-gb-ssd-windows-11-home-x1504za-nj527ws-x1504za-nj522ws-thin-light-laptop/p/itm200184e4e0443?pid=COMH4Y6KZGGKYCGP&lid=LSTCOMH4Y6KZGGKYCGP94SBOV&marketplace=FLIPKART&q=laptop&store=6bo%2Fb5g&srno=s_22_520&otracker=search&fm=organic&iid=4c92aa8c-cad4-4050-bc84-599845b34d1a.COMH4Y6KZGGKYCGP.SEARCH&ppt=sp&ppn=sp&ssid=q7a80llfi80000001784731031624&qH=312f91285e048e09&ov_redirect=true,Intel Core i5 Processor (12th Gen) | 8 GB DDR4 RAM | Windows 11 Operating System | 512 GB SSD | 39.62 cm (15.6 Inch) Display | 1 Year Onsite Warranty
22,17,HP 14 AI PC Intel Core Ultra 7 155H - (16 GB/512 GB SSD/Windows 11 Home) 14-ep1151TU/14-gr1036TU/14-ep...,"₹79,990",4.1,790 Ratings,https://rukminim2.flixcart.com/image/312/312/xif0q/computer/o/9/k/-original-imahgry8nwkejmae.jpeg?q=70,https://www.flipkart.com/hp-14-ai-pc-intel-core-ultra-7-155h-16-gb-512-gb-ssd-windows-11-home-14-ep1151tu-14-gr1036tu-14-ep1151tu-thin-light-laptop/p/itm4c681812b88bf?pid=COMHF8G932EYZAJF&lid=LSTCOMHF8G932EYZAJFOUI9CA&marketplace=FLIPKART&q=laptop&store=6bo%2Fb5g&srno=s_22_521&otracker=search&fm=organic&iid=en_YKhEdiQQ3yD8pEbzBPEWUWuTZRpU9TIPSIvoGOwWLOl6dRP-NZHEIRjsMK018nEB3zzcGhlXkGO1hWP1UU6KY6U4JGq2qGfuCYjFJWjKqlT0d-6ZFiHpJudDM8M2g4-z&ppt=sp&ppn=sp&ssid=q7a80llfi80000001784731031624&qH=312f91285e048e09&ov_redirect=true,Intel Core Ultra 7 Processor | 16 GB DDR5 RAM | Windows 11 Home Operating System | 512 GB SSD | 35.56 cm (14 Inch) Display | 1 Year Onsite Warranty
22,18,Samsung Galaxy Book5 AI Metal Intel Core Ultra 5 225U - (16 GB/512 GB SSD/Windows 11 Home) NP750XHD Th...,"₹84,990",4.6,837 Ratings,https://rukminim2.flixcart.com/image/312/312/xif0q/computer/0/2/e/-original-imahzcf3jkkjkhgc.jpeg?q=70,https://www.flipkart.com/samsung-galaxy-book5-ai-metal-intel-core-ultra-5-225u-16-gb-512-gb-ssd-windows-11-home-np750xhd-thin-light-laptop/p/itmc33d2563d0ffc?pid=COMHE4ATPCZ9FXRP&lid=LSTCOMHE4ATPCZ9FXRP7N1GVG&marketplace=FLIPKART&q=laptop&store=6bo%2Fb5g&srno=s_22_522&otracker=search&fm=organic&iid=en_YKhEdiQQ3yD8pEbzBPEWUWuTZRpU9TIPSIvoGOwWLOmLEEm9IADoJFwoGuiYKt2T3WHJiuMjlX0EHxFVCjPkyeUBYPBIqgZE3mSuDz4HsbkWqdCkHJ86EWc80FdgXFJB&ppt=sp&ppn=sp&ssid=q7a80llfi80000001784731031624&qH=312f91285e048e09&ov_redirect=true,Intel Core Ultra 5 Processor | 16 GB LPDDR5X RAM | 64 bit Windows 11 Operating System | 512 GB SSD | 39.62 cm (15.6 Inch) Display | MS Office Home and Student 2024 | 1 Year Manufacturer Warranty for Laptop and 6 Months for In-Box Accessories
22,19,DELL 14 Microsoft Office Home 2024 AMD Ryzen 5 Hexa Core AI 5 340 - (16 GB/512 GB SSD/Windows 11 Home)...,"₹73,990",Not Found,Not Found,https://rukminim2.flixcart.com/image/312/312/xif0q/computer/k/9/6/-original-imahgx8wp3ahhucy.jpeg?q=70,https://www.flipkart.com/dell-14-microsoft-office-home-2024-amd-ryzen-5-hexa-core-ai-340-16-gb-512-gb-ssd-windows-11-home-db14255-thin-light-laptop/p/itm0ca95e9f348c1?pid=COMHDZXVH7TGHMJP&lid=LSTCOMHDZXVH7TGHMJPCZTBD3&marketplace=FLIPKART&q=laptop&store=6bo%2Fb5g&srno=s_22_523&otracker=search&fm=organic&iid=4c92aa8c-cad4-4050-bc84-599845b34d1a.COMHDZXVH7TGHMJP.SEARCH&ppt=sp&ppn=sp&ssid=q7a80llfi80000001784731031624&qH=312f91285e048e09&ov_redirect=true,AMD Ryzen 5 Hexa Core Processor | 16 GB LPDDR5X RAM | Windows 11 Operating System | 512 GB SSD | 35.56 cm (14 Inch) Display | Microsoft Office Home 2024 | Dell Support Assist | 1 Year Onsite Hardware Service
22,20,HP Omen AI AMD Ryzen AI 7 Octa Core 350 - (24 GB/1 TB SSD/Windows 11 Home/8 GB Graphics/NVIDIA GeForce...,"₹1,57,990",5,4 Ratings,https://rukminim2.flixcart.com/image/312/312/xif0q/computer/i/a/f/-original-imahhwaqh7nszzbk.jpeg?q=70,https://www.flipkart.com/hp-omen-ai-amd-ryzen-7-octa-core-350-24-gb-1-tb-ssd-windows-11-home-8-gb-graphics-nvidia-geforce-rtx-5060-16-ap0183ax-gaming-laptop/p/itme140bc7778f30?pid=COMHGWGFJFNYGQHQ&lid=LSTCOMHGWGFJFNYGQHQRLAVTS&marketplace=FLIPKART&q=laptop&store=6bo%2Fb5g&srno=s_22_524&otracker=search&fm=organic&iid=4c92aa8c-cad4-4050-bc84-599845b34d1a.COMHGWGFJFNYGQHQ.SEARCH&ppt=sp&ppn=sp&ssid=q7a80llfi80000001784731031624&qH=312f91285e048e09&ov_redirect=true,AMD Ryzen AI 7 Octa Core Processor | 24 GB DDR5 RAM | Windows 11 Home Operating System | 1 TB SSD | 40.64 cm (16 inch) Display | MS Office Home 2024 + MISC PC Game Pass DA 3M | 1 Year Onsite Service
22,21,HP 14 with Backlit Keyboard & MSO'2024 Intel Core i7 13th Gen 1355U - (16 GB/512 GB SSD/Windows 11 Hom...,"₹83,990",Not Found,Not Found,https://rukminim2.flixcart.com/image/312/312/xif0q/computer/s/7/h/-original-imahmqgbzj2gtqrg.jpeg?q=70,https://www.flipkart.com/hp-14-backlit-keyboard-mso-2024-intel-core-i7-13th-gen-1355u-16-gb-512-gb-ssd-windows-11-home-14-ep0159tu-laptop/p/itm278b9b7bd8ec8?pid=COMHMGGNMSGZNJZX&lid=LSTCOMHMGGNMSGZNJZXPXHRUW&marketplace=FLIPKART&q=laptop&store=6bo%2Fb5g&srno=s_22_525&otracker=search&fm=organic&iid=4c92aa8c-cad4-4050-bc84-599845b34d1a.COMHMGGNMSGZNJZX.SEARCH&ppt=sp&ppn=sp&ssid=q7a80llfi80000001784731031624&qH=312f91285e048e09&ov_redirect=true,Intel Core i7 Processor (13th Gen) | 16 GB DDR4 RAM | Windows 11 Home Operating System | 512 GB SSD | 35.56 cm (14 inch) Display | MS Office Home 2024 | 1 Year Onsite Service
22,22,DELL Inspiron 5440 (2026) (i3 14th Gen) Intel Core 3 14th Gen 100U - (16 GB/512 GB SSD/Windows 11 Pro)...,"₹64,890",4.7,13 Ratings,https://rukminim2.flixcart.com/image/312/312/xif0q/computer/f/g/7/inspiron-5440-thin-and-light-laptop-dell-original-imahjsfqcgvpa9yy.jpeg?q=70,https://www.flipkart.com/dell-inspiron-5440-2026-i3-14th-gen-intel-core-3-gen-100u-16-gb-512-gb-ssd-windows-11-pro-thin-light-laptop/p/itm2e51b5c320312?pid=COMHJSFQT4HWHJPP&lid=LSTCOMHJSFQT4HWHJPP9EKBIQ&marketplace=FLIPKART&q=laptop&store=6bo%2Fb5g&srno=s_22_526&otracker=search&fm=organic&iid=4c92aa8c-cad4-4050-bc84-599845b34d1a.COMHJSFQT4HWHJPP.SEARCH&ppt=sp&ppn=sp&ssid=q7a80llfi80000001784731031624&qH=312f91285e048e09&ov_redirect=true,"Intel Core 3 Processor (14th Gen) | 16 GB DDR5 RAM | 64 bit Windows 11 Operating System | 512 GB SSD | 35.56 cm (14 inch) Display | Microsoft Office 2021, Windows 11 Pro | 1 Year"
22,23,Samsung Galaxy Book5 AI Metal Intel Core Ultra 7 255U - (16 GB/512 GB SSD/Windows 11 Home) NP750XHD Th...,"₹91,990",4.6,463 Ratings,https://rukminim2.flixcart.com/image/312/312/xif0q/computer/0/2/e/-original-imahzcf3jkkjkhgc.jpeg?q=70,https://www.flipkart.com/samsung-galaxy-book5-ai-metal-intel-core-ultra-7-255u-16-gb-512-gb-ssd-windows-11-home-np750xhd-thin-light-laptop/p/itma9c081cdbe95d?pid=COMHE4ATBCUTGUYT&lid=LSTCOMHE4ATBCUTGUYTJZ7NHN&marketplace=FLIPKART&q=laptop&store=6bo%2Fb5g&srno=s_22_527&otracker=search&fm=organic&iid=en_YKhEdiQQ3yD8pEbzBPEWUWuTZRpU9TIPSIvoGOwWLOnKy_q4pzgf4POtUdGKnwP5_54vlUw9QAlUFlRYR6QtY8H5LP6GMXD1iSKF2pPmS-QWqdCkHJ86EWc80FdgXFJB&ppt=sp&ppn=sp&ssid=q7a80llfi80000001784731031624&qH=312f91285e048e09&ov_redirect=true,Intel Core Ultra 7 Processor | 16 GB LPDDR5X RAM | 64 bit Windows 11 Operating System | 512 GB SSD | 39.62 cm (15.6 Inch) Display | MS Office Home and Student 2024 | 1 Year Manufacturer Warranty for Laptop and 6 Months for In-Box Accessories
22,24,HP OMEN AI AMD Ryzen AI 7 Octa Core AI 7 350 - (24 GB/1 TB SSD/Windows 11 Home/8 GB Graphics/NVIDIA Ge...,"₹1,34,990",4.5,112 Ratings,https://rukminim2.flixcart.com/image/312/312/xif0q/computer/1/a/f/-original-imahgfdy8czyaypq.jpeg?q=70,https://www.flipkart.com/hp-omen-ai-amd-ryzen-7-octa-core-350-24-gb-1-tb-ssd-windows-11-home-8-gb-graphics-nvidia-geforce-rtx-5050-16-ap0165ax-gaming-laptop/p/itm5661c90728083?pid=COMHEHHXKFQSABXZ&lid=LSTCOMHEHHXKFQSABXZEF3JCN&marketplace=FLIPKART&q=laptop&store=6bo%2Fb5g&srno=s_22_528&otracker=search&fm=organic&iid=en_YKhEdiQQ3yD8pEbzBPEWUWuTZRpU9TIPSIvoGOwWLOnh9Rdh_is8SmVPAX8P2cnLSt8s0FwzStmVNuDw0YIb7vRQYaQqNgqexXd2bqUccoLkLvlgnlTaHwkNgBWjkS--&ppt=sp&ppn=sp&ssid=q7a80llfi80000001784731031624&qH=312f91285e048e09&ov_redirect=true,AMD Ryzen AI 7 Octa Core Processor | 24 GB DDR5 RAM | Windows 11 Home Operating System | 1 TB SSD | 40.64 cm (16 Inch) Display | 1 Year Onsite Warranty
23,1,DELL Inspiron 15 (2026) Microsoft Office Home 2024 Intel Core i5 13th Gen 1334U - (8 GB/512 GB SSD/Win...,"₹64,990",4.3,"1,450 Ratings",https://rukminim2.flixcart.com/image/312/312/xif0q/computer/e/0/d/-original-imahzv9hvf5hxget.jpeg?q=70,https://www.flipkart.com/dell-inspiron-15-2026-microsoft-office-home-2024-intel-core-i5-13th-gen-1334u-8-gb-512-gb-ssd-windows-11-home-3530-dc-15250-thin-light-laptop/p/itm2878edc74d8e4?pid=COMHYGBZSWASQK9B&lid=LSTCOMHYGBZSWASQK9BPZTJIC&marketplace=FLIPKART&q=laptop&store=6bo%2Fb5g&srno=s_23_529&otracker=search&fm=organic&iid=65e9f466-9185-441a-9025-cd6ad9bbb266.COMHYGBZSWASQK9B.SEARCH&ppt=sp&ppn=sp&ssid=q2g42mpphc0000001784731036899&qH=312f91285e048e09&ov_redirect=true,Intel Core i5 Processor (13th Gen) | 8 GB DDR4 RAM | 64 bit Windows 11 Operating System | 512 GB SSD | 39.62 cm (15.6 Inch) Display | Microsoft Office Home 2024 | Dell Support Assist | 1 Year Onsite Hardware Service
23,2,"ASUS Vivobook S14 (2025) with Office 2024 + M365 Basic*, AI PC, Backlit Keyboard, Snapdragon X - (16 G...","₹69,520",Not Found,Not Found,https://rukminim2.flixcart.com/image/312/312/xif0q/computer/g/t/1/s3407qa-kp020ws-thin-and-light-laptop-asus-original-imahhqpdqrgryc8f.jpeg?q=70,https://www.flipkart.com/asus-vivobook-s14-2025-office-2024-m365-basic-ai-pc-backlit-keyboard-snapdragon-x-16-gb-512-gb-ssd-windows-11-home-s3407qa-kp020ws-thin-light-laptop/p/itm4be832c0c07b8?pid=COMHHQPDGMHJWTJZ&lid=LSTCOMHHQPDGMHJWTJZCPBXG0&marketplace=FLIPKART&q=laptop&store=6bo%2Fb5g&srno=s_23_530&otracker=search&fm=organic&iid=65e9f466-9185-441a-9025-cd6ad9bbb266.COMHHQPDGMHJWTJZ.SEARCH&ppt=sp&ppn=sp&ssid=q2g42mpphc0000001784731036899&qH=312f91285e048e09&ov_redirect=true,Snapdragon X Processor | 16 GB LPDDR5X RAM | Windows 11 Home Operating System | 512 GB SSD | 35.56 cm (14 inch) Display | Microsoft Office Home 2024 + Microsoft 365 Basic | 1 Year warranty
23,3,Samsung Galaxy Book4 Metal Intel Core i5 13th Gen 1335U - (8 GB/512 GB SSD/Windows 11 Home) NP750XGJ-K...,"₹56,990",4.4,"19,735 Ratings",https://rukminim2.flixcart.com/image/312/312/xif0q/computer/k/t/y/-enriched-transparent-original-imahg53xspmfrsdd.png?q=70,https://www.flipkart.com/samsung-galaxy-book4-metal-intel-core-i5-13th-gen-1335u-8-gb-512-gb-ssd-windows-11-home-np750xgj-kg1in-np750xgj-lg1in-np750xgj-lg6in-thin-light-laptop/p/itm1df5212efb9fc?pid=COMGZUYDFZXHWYWZ&lid=LSTCOMGZUYDFZXHWYWZJ6V2KW&marketplace=FLIPKART&q=laptop&store=6bo%2Fb5g&srno=s_23_531&otracker=search&fm=organic&iid=en_-yWps21UCtOKB7Q9AAhOy6tx5IK52-WcwbSnR8B3t6au3KOO6mvdWMpO0L4c_KHRsfGME0kkMQMICwGxasfmZSpiZoP3ZcDDMuaOuWFYumPfPPj1460QP5JMkXO2_90v&ppt=sp&ppn=sp&ssid=q2g42mpphc0000001784731036899&qH=312f91285e048e09&ov_redirect=true,Intel Core i5 Processor (13th Gen) | 8 GB LPDDR4X RAM | 64 bit Windows 11 Operating System | 512 GB SSD | 39.62 cm (15.6 Inch) Display | 1 Year Manufacturer Warranty for Laptop and 6 Months for In-Box Accessories
23,4,Samsung Galaxy Book4 Metal Intel Core i3 13th Gen 1315U - (8 GB/512 GB SSD/Windows 11 Home) NP750XGJ-L...,"₹57,490",4.4,"10,670 Ratings",https://rukminim2.flixcart.com/image/312/312/xif0q/computer/q/k/o/-enriched-transparent-original-imahg53xmzmtsynn.png?q=70,https://www.flipkart.com/samsung-galaxy-book4-metal-intel-core-i3-13th-gen-1315u-8-gb-512-gb-ssd-windows-11-home-np750xgj-lg9in-thin-light-laptop/p/itmc29d559898e6f?pid=COMH4Y6KKRC9YSWE&lid=LSTCOMH4Y6KKRC9YSWERDUMZD&marketplace=FLIPKART&q=laptop&store=6bo%2Fb5g&srno=s_23_532&otracker=search&fm=organic&iid=en_-yWps21UCtOKB7Q9AAhOy6tx5IK52-WcwbSnR8B3t6Ze2wl0-U0LcB2gbsiWVoxkVqKfzRTPmTYCvEc1OQ2_kCChg9vAnpscSdI7uOc1ZHXfPPj1460QP5JMkXO2_90v&ppt=sp&ppn=sp&ssid=q2g42mpphc0000001784731036899&qH=312f91285e048e09&ov_redirect=true,Intel Core i3 Processor (13th Gen) | 8 GB LPDDR4X RAM | 64 bit Windows 11 Operating System | 512 GB SSD | 39.62 cm (15.6 Inch) Display | 1 Year Onsite Warranty
23,5,ASUS Vivobook 15 Intel Core i3 12th Gen 1215U - (8 GB/512 GB SSD/Windows 11 Home) X1504ZA-NJ322WS Thin...,"₹52,418",4.3,"7,782 Ratings",https://rukminim2.flixcart.com/image/312/312/xif0q/computer/8/o/q/-enriched-transparent-original-imahg5ftx5zgpdhc.png?q=70,https://www.flipkart.com/asus-vivobook-15-intel-core-i3-12th-gen-1215u-8-gb-512-gb-ssd-windows-11-home-x1504za-nj322ws-thin-light-laptop/p/itm200184e4e0443?pid=COMH4Y6KT9ZMYXA6&lid=LSTCOMH4Y6KT9ZMYXA6T8PKML&marketplace=FLIPKART&q=laptop&store=6bo%2Fb5g&srno=s_23_533&otracker=search&fm=organic&iid=65e9f466-9185-441a-9025-cd6ad9bbb266.COMH4Y6KT9ZMYXA6.SEARCH&ppt=sp&ppn=sp&ssid=q2g42mpphc0000001784731036899&qH=312f91285e048e09&ov_redirect=true,Intel Core i3 Processor (12th Gen) | 8 GB DDR4 RAM | 64 bit Windows 11 Operating System | 512 GB SSD | 39.62 cm (15.6 Inch) Display | 1 Year Onsite Warranty
23,6,Thomson NEO Core Series Intel Core i3 12th Gen 1215U - (8 GB/512 GB SSD/Windows 11 Home) IN-N15I Thin ...,"₹44,990",3.6,157 Ratings,https://rukminim2.flixcart.com/image/312/312/xif0q/computer/e/q/7/-enriched-transparent-original-imahg52nb63b8kgh.png?q=70,https://www.flipkart.com/thomson-neo-core-series-intel-i3-12th-gen-1215u-8-gb-512-gb-ssd-windows-11-home-in-n15i-thin-light-laptop/p/itm707312182fa98?pid=COMGXXF2QXYGZUH6&lid=LSTCOMGXXF2QXYGZUH6LPVXQJ&marketplace=FLIPKART&q=laptop&store=6bo%2Fb5g&srno=s_23_534&otracker=search&fm=organic&iid=65e9f466-9185-441a-9025-cd6ad9bbb266.COMGXXF2QXYGZUH6.SEARCH&ppt=sp&ppn=sp&ssid=q2g42mpphc0000001784731036899&qH=312f91285e048e09&ov_redirect=true,Intel Core i3 Processor (12th Gen) | 8 GB LPDDR4 RAM | Windows 11 Operating System | 512 GB SSD | 39.62 cm (15.6 Inch) Display | 1 Year Onsite warranty
23,7,DELL 14 Intel Core i3 13th Gen 1305U - (8 GB/512 GB SSD/Windows 11 Home) OIN54403001F1RINU1O Thin and ...,"₹52,999",4,27 Ratings,https://rukminim2.flixcart.com/image/312/312/xif0q/computer/g/x/7/-original-imahcn9ht9d2hvss.jpeg?q=70,https://www.flipkart.com/dell-14-intel-core-i3-13th-gen-1305u-8-gb-512-gb-ssd-windows-11-home-oin54403001f1rinu1o-thin-light-laptop/p/itm56bbf62ed4037?pid=COMHDWZ6ZGJZ84XM&lid=LSTCOMHDWZ6ZGJZ84XMBNHGXT&marketplace=FLIPKART&q=laptop&store=6bo%2Fb5g&srno=s_23_535&otracker=search&fm=organic&iid=65e9f466-9185-441a-9025-cd6ad9bbb266.COMHDWZ6ZGJZ84XM.SEARCH&ppt=sp&ppn=sp&ssid=q2g42mpphc0000001784731036899&qH=312f91285e048e09&ov_redirect=true,Intel Core i3 Processor (13th Gen) | 8 GB DDR5 RAM | Windows 11 Operating System | 512 GB SSD | 35.56 cm (14 Inch) Display | 1 Year Onsite Warranty
23,8,DELL Pro Essential 15(i3 14th Gen) Intel Core 3 14th Gen 100U - (8 GB/512 GB SSD/Ubuntu) PV15250 Thin ...,"₹47,998",Not Found,Not Found,https://rukminim2.flixcart.com/image/312/312/xif0q/computer/m/y/w/pro-e-thin-and-light-laptop-dell-original-imahnzywjhpp3tvs.jpeg?q=70,https://www.flipkart.com/dell-pro-essential-15-i3-14th-gen-intel-core-3-gen-100u-8-gb-512-gb-ssd-ubuntu-pv15250-thin-light-laptop/p/itm78f8531e5b43e?pid=COMHNRYEYFNPXCWW&lid=LSTCOMHNRYEYFNPXCWWUMK8VE&marketplace=FLIPKART&q=laptop&store=6bo%2Fb5g&srno=s_23_536&otracker=search&fm=organic&iid=65e9f466-9185-441a-9025-cd6ad9bbb266.COMHNRYEYFNPXCWW.SEARCH&ppt=sp&ppn=sp&ssid=q2g42mpphc0000001784731036899&qH=312f91285e048e09&ov_redirect=true,Intel Core 3 Processor (14th Gen) | 8 GB DDR5 RAM | 64 bit Linux/Ubuntu Operating System | 512 GB SSD | 39.62 cm (15.6 inch) Display | 1Y Basic Warranty
23,9,HP Omnibook 3 2K WUXGA Snapdragon X - (16 GB/512 GB SSD/Windows 11 Home) Omnibook 3 14-hz0024QU Laptop,"₹72,990",4.1,11 Ratings,https://rukminim2.flixcart.com/image/312/312/xif0q/computer/u/e/9/-original-imahzvfcsqpynrcd.jpeg?q=70,https://www.flipkart.com/hp-omnibook-3-2k-wuxga-snapdragon-x-16-gb-512-gb-ssd-windows-11-home-14-hz0024qu-laptop/p/itmbd5346cd09abc?pid=COMHZGK2ACSECZB5&lid=LSTCOMHZGK2ACSECZB52ALLPO&marketplace=FLIPKART&q=laptop&store=6bo%2Fb5g&srno=s_23_537&otracker=search&fm=organic&iid=en_-yWps21UCtOKB7Q9AAhOy6tx5IK52-WcwbSnR8B3t6b4QS0aP3_RI6Ld9ukp56UcQDaMOpjaAqIhVlr2eDOqkK8WMJxc_eOD3pdFe_35DQXfPPj1460QP5JMkXO2_90v&ppt=sp&ppn=sp&ssid=q2g42mpphc0000001784731036899&qH=312f91285e048e09&ov_redirect=true,Snapdragon X Processor | 16 GB LPDDR5X RAM | Windows 11 Home Operating System | 512 GB SSD | 35.56 cm (14 inch) Display | MS Office Home 2024 | 1 Year Onsite Service
23,10,DELL 15 (Previouly Inspiron) AMD Ryzen 5 Quad Core 7520U - (8 GB/512 GB SSD/Windows 11 Home) DC15255 T...,"₹57,990",4.5,6 Ratings,https://rukminim2.flixcart.com/image/312/312/xif0q/computer/m/x/0/-original-imahzv9agugnddrg.jpeg?q=70,https://www.flipkart.com/dell-15-previouly-inspiron-amd-ryzen-5-quad-core-7520u-8-gb-512-gb-ssd-windows-11-home-dc15255-thin-light-laptop/p/itmb80bb4e819164?pid=COMHDXXUHGDCHMQX&lid=LSTCOMHDXXUHGDCHMQXUEUE9X&marketplace=FLIPKART&q=laptop&store=6bo%2Fb5g&srno=s_23_538&otracker=search&fm=organic&iid=en_-yWps21UCtOKB7Q9AAhOy6tx5IK52-WcwbSnR8B3t6ac5-lUAEeU9P2kxzMjbDqLKS7KjhXWMehRCKPAR7kLILb6bL0Zx_kaK68EeWHdQeDfPPj1460QP5JMkXO2_90v&ppt=sp&ppn=sp&ssid=q2g42mpphc0000001784731036899&qH=312f91285e048e09&ov_redirect=true,AMD Ryzen 5 Quad Core Processor | 8 GB LPDDR5 RAM | Windows 11 Operating System | 512 GB SSD | 38.1 cm (15 Inch) Display | 1 Year Onsite Warranty
23,11,HP Victus Intel Core i7 12th Gen 12650H - (16 GB/512 GB SSD/Windows 11 Home/4 GB Graphics/NVIDIA GeFor...,"₹1,01,705",4.4,38 Ratings,https://rukminim2.flixcart.com/image/312/312/xif0q/computer/1/x/y/-original-imahg5fx8qebxzfz.jpeg?q=70,https://www.flipkart.com/hp-victus-intel-core-i7-12th-gen-12650h-16-gb-512-gb-ssd-windows-11-home-4-graphics-nvidia-geforce-rtx-3050-15-fa0353tx-gaming-laptop/p/itm944e378eaed68?pid=COMGGYEB3NDP2ZFC&lid=LSTCOMGGYEB3NDP2ZFCXHZ1XL&marketplace=FLIPKART&q=laptop&store=6bo%2Fb5g&srno=s_23_539&otracker=search&fm=organic&iid=65e9f466-9185-441a-9025-cd6ad9bbb266.COMGGYEB3NDP2ZFC.SEARCH&ppt=sp&ppn=sp&ssid=q2g42mpphc0000001784731036899&qH=312f91285e048e09&ov_redirect=true,Intel Core i7 Processor (12th Gen) | 16 GB DDR4 RAM | 64 bit Windows 11 Operating System | 512 GB SSD | 39.62 cm (15.6 Inch) Display | 1 Year Onsite Warranty
23,12,DELL 14 (i5 14th Gen) Intel Core 5 210H - (16 GB/512 GB SSD/Windows 11 Home) 7440 / Inspiron 14 Plus T...,"₹81,646",3.5,8 Ratings,https://rukminim2.flixcart.com/image/312/312/xif0q/computer/2/8/x/inspiron-thin-and-light-laptop-dell-original-imahazxg4yswm37z.jpeg?q=70,https://www.flipkart.com/dell-14-i5-14th-gen-intel-core-5-210h-16-gb-512-gb-ssd-windows-11-home-7440-inspiron-plus-thin-light-laptop/p/itm241c244df0106?pid=COMHDWZ6HHAYQPDK&lid=LSTCOMHDWZ6HHAYQPDKKTU5NP&marketplace=FLIPKART&q=laptop&store=6bo%2Fb5g&srno=s_23_540&otracker=search&fm=organic&iid=65e9f466-9185-441a-9025-cd6ad9bbb266.COMHDWZ6HHAYQPDK.SEARCH&ppt=sp&ppn=sp&ssid=q2g42mpphc0000001784731036899&qH=312f91285e048e09&ov_redirect=true,Intel Core 5 Processor | 16 GB LPDDR5X RAM | Windows 11 Operating System | 512 GB SSD | 35.56 cm (14 Inch) Display | 1 Year Onsite Warranty
23,13,HP 15 (i5 14th Gen) Intel Core 5 120U - (24 GB/512 GB SSD/Windows 11 Home) 15-fd0262TU Thin and Light ...,"₹82,990",4.2,195 Ratings,https://rukminim2.flixcart.com/image/312/312/xif0q/computer/z/i/b/-original-imahzu4rwxnezv9x.jpeg?q=70,https://www.flipkart.com/hp-15-i5-14th-gen-intel-core-5-120u-24-gb-512-gb-ssd-windows-11-home-15-fd0262tu-thin-light-laptop/p/itm027a3317f4ff9?pid=COMHM94A7PHVCQT7&lid=LSTCOMHM94A7PHVCQT7QTPOH7&marketplace=FLIPKART&q=laptop&store=6bo%2Fb5g&srno=s_23_541&otracker=search&fm=organic&iid=en_-yWps21UCtOKB7Q9AAhOy6tx5IK52-WcwbSnR8B3t6aHKVuIp_Jqodj3wQh_GE6gajNODExQ3AD2YwLVEpFEnL-0TByd-y2aowfbZcqv2qDfPPj1460QP5JMkXO2_90v&ppt=sp&ppn=sp&ssid=q2g42mpphc0000001784731036899&qH=312f91285e048e09&ov_redirect=true,Intel Core 5 Processor | 24 GB DDR5 RAM | Windows 11 Home Operating System | 512 GB SSD | 39.62 cm (15.6 inch) Display | Microsoft Office Home 2024 (Lifetime Validity ) + Microsoft 365(1-Year Validity) | 1 Year Onsite Service
23,14,HP 14 AI PC Intel Core Ultra 7 155H - (16 GB/1 TB SSD/Windows 11 Home) 14-ep1152TU Thin and Light Lapt...,"₹85,990",4.1,790 Ratings,https://rukminim2.flixcart.com/image/312/312/xif0q/computer/a/h/z/-original-imahgh9exfmtg44y.jpeg?q=70,https://www.flipkart.com/hp-14-ai-pc-intel-core-ultra-7-155h-16-gb-1-tb-ssd-windows-11-home-14-ep1152tu-thin-light-laptop/p/itm448874079369f?pid=COMHG98EXZ3AJYZN&lid=LSTCOMHG98EXZ3AJYZNODD67U&marketplace=FLIPKART&q=laptop&store=6bo%2Fb5g&srno=s_23_542&otracker=search&fm=organic&iid=en_-yWps21UCtOKB7Q9AAhOy6tx5IK52-WcwbSnR8B3t6bBTaMwdhB9XtG0T2hjM4LZn9sG8qIKSbGwDcGdLV_LgSGkgDYpheMzpTOfbcb9jJqLUBi9aPaifQGihz3izB2E&ppt=sp&ppn=sp&ssid=q2g42mpphc0000001784731036899&qH=312f91285e048e09&ov_redirect=true,Intel Core Ultra 7 Processor | 16 GB DDR5 RAM | Windows 11 Home Operating System | 1 TB SSD | 35.56 cm (14 Inch) Display | 1 Year Onsite Warranty
23,15,Lenovo IdeaPad Slim 3 with 1Yr ADP Intel Core i5 12th Gen 12450H - (8 GB/512 GB SSD/Windows 11 Home) 1...,"₹66,090",4.2,"2,694 Ratings",https://rukminim2.flixcart.com/image/312/312/xif0q/computer/c/g/r/-original-imahg5fu4pgmgf6u.jpeg?q=70,https://www.flipkart.com/lenovo-ideapad-slim-3-1yr-adp-intel-core-i5-12th-gen-12450h-8-gb-512-gb-ssd-windows-11-home-14iah8-thin-light-laptop/p/itm726ac134d0530?pid=COMHFYZ3GZVH37GY&lid=LSTCOMHFYZ3GZVH37GYBMASJU&marketplace=FLIPKART&q=laptop&store=6bo%2Fb5g&srno=s_23_543&otracker=search&fm=organic&iid=65e9f466-9185-441a-9025-cd6ad9bbb266.COMHFYZ3GZVH37GY.SEARCH&ppt=sp&ppn=sp&ssid=q2g42mpphc0000001784731036899&qH=312f91285e048e09&ov_redirect=true,Intel Core i5 Processor (12th Gen) | 8 GB LPDDR5 RAM | 64 bit Windows 11 Operating System | 512 GB SSD | 35.56 cm (14 Inch) Display | 1 Yr. Onsite
23,16,HP AMD Ryzen 7 Octa Core 5700U - (16 GB/512 GB SSD/Windows 11 Home) 15s-EQ2084AU Laptop,"₹67,000",3.9,48 Ratings,https://rukminim2.flixcart.com/image/312/312/xif0q/computer/9/q/r/15s-eq2084au-laptop-hp-original-imahyq4nf4e95jka.jpeg?q=70,https://www.flipkart.com/hp-amd-ryzen-7-octa-core-5700u-16-gb-512-gb-ssd-windows-11-home-15s-eq2084au-laptop/p/itm7d4577134e5bc?pid=COMGUU3XWYUFTARZ&lid=LSTCOMGUU3XWYUFTARZFCHT3W&marketplace=FLIPKART&q=laptop&store=6bo%2Fb5g&srno=s_23_544&otracker=search&fm=organic&iid=65e9f466-9185-441a-9025-cd6ad9bbb266.COMGUU3XWYUFTARZ.SEARCH&ppt=sp&ppn=sp&ssid=q2g42mpphc0000001784731036899&qH=312f91285e048e09&ov_redirect=true,AMD Ryzen 7 Octa Core Processor | 16 GB DDR4 RAM | Windows 11 Operating System | 512 GB SSD | 39.62 cm (15.6 Inch) Display | 1 Year warranty
23,17,HP Intel Intel Core i5 11th Gen 1155G7 - (8 GB/512 GB SSD/Windows 11 Home) 15s- fr4000TU Thin and Ligh...,"₹56,991",4.3,"4,008 Ratings",https://rukminim2.flixcart.com/image/312/312/xif0q/computer/4/j/p/-original-imahg5ftvbqvubmm.jpeg?q=70,https://www.flipkart.com/hp-intel-core-i5-11th-gen-1155g7-8-gb-512-gb-ssd-windows-11-home-15s-fr4000tu-thin-light-laptop/p/itm4f450720f23b3?pid=COMGHN4MYVNWWQHG&lid=LSTCOMGHN4MYVNWWQHGTV86SH&marketplace=FLIPKART&q=laptop&store=6bo%2Fb5g&srno=s_23_545&otracker=search&fm=organic&iid=65e9f466-9185-441a-9025-cd6ad9bbb266.COMGHN4MYVNWWQHG.SEARCH&ppt=sp&ppn=sp&ssid=q2g42mpphc0000001784731036899&qH=312f91285e048e09&ov_redirect=true,Intel Core i5 Processor (11th Gen) | 8 GB DDR4 RAM | 64 bit Windows 11 Operating System | 512 GB SSD | 39.62 cm (15.6 Inch) Display | 1 Year Onsite Warranty
23,18,ASUS Vivobook 15 Intel Core i5 13th Gen 1335U - (8 GB/512 GB SSD/Windows 11 Home) X1504VA-NJ524WS Thin...,"₹65,938",3.6,5 Ratings,https://rukminim2.flixcart.com/image/312/312/xif0q/computer/0/v/v/-original-imagpxgqampycdqf.jpeg?q=70,https://www.flipkart.com/asus-vivobook-15-intel-core-i5-13th-gen-1335u-8-gb-512-gb-ssd-windows-11-home-x1504va-nj524ws-thin-light-laptop/p/itm200184e4e0443?pid=COMGZDQJWEEWWJA6&lid=LSTCOMGZDQJWEEWWJA68KX7GN&marketplace=FLIPKART&q=laptop&store=6bo%2Fb5g&srno=s_23_546&otracker=search&fm=organic&iid=65e9f466-9185-441a-9025-cd6ad9bbb266.COMGZDQJWEEWWJA6.SEARCH&ppt=sp&ppn=sp&ssid=q2g42mpphc0000001784731036899&qH=312f91285e048e09&ov_redirect=true,Intel Core i5 Processor (13th Gen) | 8 GB DDR4 RAM | Windows 11 Operating System | 512 GB SSD | 39.62 cm (15.6 Inch) Display | 1 Year Onsite Warranty
23,19,HP 14 AI PC Intel Core Ultra 7 155H - (16 GB/512 GB SSD/Windows 11 Home) 14-ep1151TU/14-gr1036TU/14-ep...,"₹79,990",4.1,790 Ratings,https://rukminim2.flixcart.com/image/312/312/xif0q/computer/o/9/k/-original-imahgry8nwkejmae.jpeg?q=70,https://www.flipkart.com/hp-14-ai-pc-intel-core-ultra-7-155h-16-gb-512-gb-ssd-windows-11-home-14-ep1151tu-14-gr1036tu-14-ep1151tu-thin-light-laptop/p/itm4c681812b88bf?pid=COMHF8G932EYZAJF&lid=LSTCOMHF8G932EYZAJFOUI9CA&marketplace=FLIPKART&q=laptop&store=6bo%2Fb5g&srno=s_23_547&otracker=search&fm=organic&iid=en_-yWps21UCtOKB7Q9AAhOy6tx5IK52-WcwbSnR8B3t6aawctxu7x-NcDPYOv-rWop3zzcGhlXkGO1hWP1UU6KY6U4JGq2qGfuCYjFJWjKqlSLUBi9aPaifQGihz3izB2E&ppt=sp&ppn=sp&ssid=q2g42mpphc0000001784731036899&qH=312f91285e048e09&ov_redirect=true,Intel Core Ultra 7 Processor | 16 GB DDR5 RAM | Windows 11 Home Operating System | 512 GB SSD | 35.56 cm (14 Inch) Display | 1 Year Onsite Warranty
23,20,Samsung Galaxy Book5 AI Metal Intel Core Ultra 5 225U - (16 GB/512 GB SSD/Windows 11 Home) NP750XHD Th...,"₹84,990",4.6,837 Ratings,https://rukminim2.flixcart.com/image/312/312/xif0q/computer/0/2/e/-original-imahzcf3jkkjkhgc.jpeg?q=70,https://www.flipkart.com/samsung-galaxy-book5-ai-metal-intel-core-ultra-5-225u-16-gb-512-gb-ssd-windows-11-home-np750xhd-thin-light-laptop/p/itmc33d2563d0ffc?pid=COMHE4ATPCZ9FXRP&lid=LSTCOMHE4ATPCZ9FXRP7N1GVG&marketplace=FLIPKART&q=laptop&store=6bo%2Fb5g&srno=s_23_548&otracker=search&fm=organic&iid=en_-yWps21UCtOKB7Q9AAhOy6tx5IK52-WcwbSnR8B3t6agSA1knOsDCQy1gHACpvS73WHJiuMjlX0EHxFVCjPkyeUBYPBIqgZE3mSuDz4HsbnfPPj1460QP5JMkXO2_90v&ppt=sp&ppn=sp&ssid=q2g42mpphc0000001784731036899&qH=312f91285e048e09&ov_redirect=true,Intel Core Ultra 5 Processor | 16 GB LPDDR5X RAM | 64 bit Windows 11 Operating System | 512 GB SSD | 39.62 cm (15.6 Inch) Display | MS Office Home and Student 2024 | 1 Year Manufacturer Warranty for Laptop and 6 Months for In-Box Accessories
23,21,ASUS Vivobook 15 Intel Core i3 12th Gen 1215U - (16 GB/512 GB SSD/Windows 11 Home) X1504ZA-NJ342WS Thi...,"₹58,990",4.3,"7,213 Ratings",https://rukminim2.flixcart.com/image/312/312/xif0q/computer/y/q/m/-original-imahg5fvnfaguzc6.jpeg?q=70,https://www.flipkart.com/asus-vivobook-15-intel-core-i3-12th-gen-1215u-16-gb-512-gb-ssd-windows-11-home-x1504za-nj342ws-thin-light-laptop/p/itm200184e4e0443?pid=COMH3BKW6EQAZAWC&lid=LSTCOMH3BKW6EQAZAWCXQZEHR&marketplace=FLIPKART&q=laptop&store=6bo%2Fb5g&srno=s_23_549&otracker=search&fm=organic&iid=65e9f466-9185-441a-9025-cd6ad9bbb266.COMH3BKW6EQAZAWC.SEARCH&ppt=sp&ppn=sp&ssid=q2g42mpphc0000001784731036899&qH=312f91285e048e09&ov_redirect=true,Intel Core i3 Processor (12th Gen) | 16 GB DDR4 RAM | Windows 11 Operating System | 512 GB SSD | 39.62 cm (15.6 Inch) Display | 1 Year Onsite Warranty
23,22,HP Pavilion Intel Core i5 12th Gen 1240P - (16 GB/512 GB SSD/Windows 11 Home) 15-eg2091TU Thin and Lig...,"₹68,200",3.9,17 Ratings,https://rukminim2.flixcart.com/image/312/312/xif0q/computer/k/s/s/-original-imahg5fy6tkg7vgp.jpeg?q=70,https://www.flipkart.com/hp-pavilion-intel-core-i5-12th-gen-1240p-16-gb-512-gb-ssd-windows-11-home-15-eg2091tu-thin-light-laptop/p/itm89d9a22d4f6fa?pid=COMGHYFYXXJT5FPZ&lid=LSTCOMGHYFYXXJT5FPZLTNSHZ&marketplace=FLIPKART&q=laptop&store=6bo%2Fb5g&srno=s_23_550&otracker=search&fm=organic&iid=65e9f466-9185-441a-9025-cd6ad9bbb266.COMGHYFYXXJT5FPZ.SEARCH&ppt=sp&ppn=sp&ssid=q2g42mpphc0000001784731036899&qH=312f91285e048e09&ov_redirect=true,Intel Core i5 Processor (12th Gen) | 16 GB DDR4 RAM | 64 bit Windows 11 Operating System | 512 GB SSD | 39.62 cm (15.6 Inch) Display | 1 Year Onsite Warranty
23,23,Samsung Galaxy Book5 AI Metal Intel Core Ultra 7 255U - (16 GB/512 GB SSD/Windows 11 Home) NP750XHD Th...,"₹91,990",4.6,463 Ratings,https://rukminim2.flixcart.com/image/312/312/xif0q/computer/0/2/e/-original-imahzcf3jkkjkhgc.jpeg?q=70,https://www.flipkart.com/samsung-galaxy-book5-ai-metal-intel-core-ultra-7-255u-16-gb-512-gb-ssd-windows-11-home-np750xhd-thin-light-laptop/p/itma9c081cdbe95d?pid=COMHE4ATBCUTGUYT&lid=LSTCOMHE4ATBCUTGUYTJZ7NHN&marketplace=FLIPKART&q=laptop&store=6bo%2Fb5g&srno=s_23_551&otracker=search&fm=organic&iid=en_-yWps21UCtOKB7Q9AAhOy6tx5IK52-WcwbSnR8B3t6aRO-Tv23NXU3ZBUABrCcea_54vlUw9QAlUFlRYR6QtY8H5LP6GMXD1iSKF2pPmS-TfPPj1460QP5JMkXO2_90v&ppt=sp&ppn=sp&ssid=q2g42mpphc0000001784731036899&qH=312f91285e048e09&ov_redirect=true,Intel Core Ultra 7 Processor | 16 GB LPDDR5X RAM | 64 bit Windows 11 Operating System | 512 GB SSD | 39.62 cm (15.6 Inch) Display | MS Office Home and Student 2024 | 1 Year Manufacturer Warranty for Laptop and 6 Months for In-Box Accessories
23,24,HP OMEN AI AMD Ryzen AI 7 Octa Core AI 7 350 - (24 GB/1 TB SSD/Windows 11 Home/8 GB Graphics/NVIDIA Ge...,"₹1,34,990",4.5,112 Ratings,https://rukminim2.flixcart.com/image/312/312/xif0q/computer/1/a/f/-original-imahgfdy8czyaypq.jpeg?q=70,https://www.flipkart.com/hp-omen-ai-amd-ryzen-7-octa-core-350-24-gb-1-tb-ssd-windows-11-home-8-gb-graphics-nvidia-geforce-rtx-5050-16-ap0165ax-gaming-laptop/p/itm5661c90728083?pid=COMHEHHXKFQSABXZ&lid=LSTCOMHEHHXKFQSABXZEF3JCN&marketplace=FLIPKART&q=laptop&store=6bo%2Fb5g&srno=s_23_552&otracker=search&fm=organic&iid=en_-yWps21UCtOKB7Q9AAhOy6tx5IK52-WcwbSnR8B3t6YfIeOBHir9WVwvx0aVTR6TSt8s0FwzStmVNuDw0YIb7vRQYaQqNgqexXd2bqUccoLE26LorppYEnXXZd69KyCM&ppt=sp&ppn=sp&ssid=q2g42mpphc0000001784731036899&qH=312f91285e048e09&ov_redirect=true,AMD Ryzen AI 7 Octa Core Processor | 24 GB DDR5 RAM | Windows 11 Home Operating System | 1 TB SSD | 40.64 cm (16 Inch) Display | 1 Year Onsite Warranty
24,1,HP AMD Ryzen 5 Hexa Core 5500U - (8 GB/512 GB SSD/Windows 11 Home) 15s- eq2223AU Thin and Light Laptop,"₹55,351",4.3,"1,217 Ratings",https://rukminim2.flixcart.com/image/312/312/xif0q/computer/a/l/k/-enriched-transparent-original-imahg52kkdm6ebrx.png?q=70,https://www.flipkart.com/hp-amd-ryzen-5-hexa-core-5500u-8-gb-512-gb-ssd-windows-11-home-15s-eq2223au-thin-light-laptop/p/itm2f070129053ed?pid=COMGZ7FRUHRF8AA3&lid=LSTCOMGZ7FRUHRF8AA37TIWMB&marketplace=FLIPKART&q=laptop&store=6bo%2Fb5g&srno=s_24_553&otracker=search&fm=organic&iid=b9969b73-dd2f-409b-b7f0-473a2b4bb0f5.COMGZ7FRUHRF8AA3.SEARCH&ppt=sp&ppn=sp&ssid=0p2z0fciv40000001784731042331&qH=312f91285e048e09&ov_redirect=true,AMD Ryzen 5 Hexa Core Processor | 8 GB DDR4 RAM | 64 bit Windows 11 Operating System | 512 GB SSD | 39.62 cm (15.6 Inch) Display | 1 Year Onsite Warranty
24,2,ASUS Vivobook 15 Intel Core i3 13th Gen 1315U - (8 GB/512 GB SSD/Windows 11 Home) X1504VA-NJ324WS Thin...,"₹55,312",3.7,69 Ratings,https://rukminim2.flixcart.com/image/312/312/xif0q/computer/5/y/u/-original-imahg5fxbzq5wzwa.jpeg?q=70,https://www.flipkart.com/asus-vivobook-15-intel-core-i3-13th-gen-1315u-8-gb-512-gb-ssd-windows-11-home-x1504va-nj324ws-thin-light-laptop/p/itm200184e4e0443?pid=COMGZDQJ4BZDZRXP&lid=LSTCOMGZDQJ4BZDZRXPDHTC6T&marketplace=FLIPKART&q=laptop&store=6bo%2Fb5g&srno=s_24_554&otracker=search&fm=organic&iid=b9969b73-dd2f-409b-b7f0-473a2b4bb0f5.COMGZDQJ4BZDZRXP.SEARCH&ppt=sp&ppn=sp&ssid=0p2z0fciv40000001784731042331&qH=312f91285e048e09&ov_redirect=true,Intel Core i3 Processor (13th Gen) | 8 GB DDR4 RAM | Windows 11 Operating System | 512 GB SSD | 39.62 cm (15.6 Inch) Display | 1 Year Onsite Warranty
24,3,DELL Inspiron Intel Core i5 13th Gen 1334U - (8 GB/512 GB SSD/Windows 11 Home) 3530 Thin and Light Lap...,"₹64,990",4.2,14 Ratings,https://rukminim2.flixcart.com/image/312/312/xif0q/computer/e/x/p/-original-imahg4uukzrmh8dm.jpeg?q=70,https://www.flipkart.com/dell-inspiron-intel-core-i5-13th-gen-1334u-8-gb-512-gb-ssd-windows-11-home-3530-thin-light-laptop/p/itm3d8252f6a031d?pid=COMHAUD42V4FNQPW&lid=LSTCOMHAUD42V4FNQPW2TJEKR&marketplace=FLIPKART&q=laptop&store=6bo%2Fb5g&srno=s_24_555&otracker=search&fm=organic&iid=b9969b73-dd2f-409b-b7f0-473a2b4bb0f5.COMHAUD42V4FNQPW.SEARCH&ppt=sp&ppn=sp&ssid=0p2z0fciv40000001784731042331&qH=312f91285e048e09&ov_redirect=true,"Intel Core i5 Processor (13th Gen) | 8 GB DDR4 RAM | Windows 11 Operating System | 512 GB SSD | 39.62 cm (15.6 Inch) Display | My Dell (Dell Power Manager,Dell Support Assist) | 1 Year Onsite Hardware Service"
24,4,MSI Modern 14 Intel Core i7 13th Gen 1355U - (16 GB/512 GB SSD/Windows 11 Home) Modern 14 C13M-435IN T...,"₹63,990",3.9,81 Ratings,https://rukminim2.flixcart.com/image/312/312/xif0q/computer/a/m/f/-original-imahg5fusgpe73st.jpeg?q=70,https://www.flipkart.com/msi-modern-14-intel-core-i7-13th-gen-1355u-16-gb-512-gb-ssd-windows-11-home-c13m-435in-thin-light-laptop/p/itm369c13c116a09?pid=COMGMV6VGGGHGU5T&lid=LSTCOMGMV6VGGGHGU5T1BQNCS&marketplace=FLIPKART&q=laptop&store=6bo%2Fb5g&srno=s_24_556&otracker=search&fm=organic&iid=b9969b73-dd2f-409b-b7f0-473a2b4bb0f5.COMGMV6VGGGHGU5T.SEARCH&ppt=sp&ppn=sp&ssid=0p2z0fciv40000001784731042331&qH=312f91285e048e09&ov_redirect=true,Intel Core i7 Processor (13th Gen) | 16 GB DDR4 RAM | Windows 11 Operating System | 512 GB SSD | 35.56 cm (14 Inch) Display | 1 Year Carry-in Warranty
24,5,Samsung Galaxy Book4 Metal Intel Core i5 13th Gen 1335U - (8 GB/512 GB SSD/Windows 11 Home) NP750XGJ-K...,"₹56,990",4.4,"19,735 Ratings",https://rukminim2.flixcart.com/image/312/312/xif0q/computer/k/t/y/-enriched-transparent-original-imahg53xspmfrsdd.png?q=70,https://www.flipkart.com/samsung-galaxy-book4-metal-intel-core-i5-13th-gen-1335u-8-gb-512-gb-ssd-windows-11-home-np750xgj-kg1in-np750xgj-lg1in-np750xgj-lg6in-thin-light-laptop/p/itm1df5212efb9fc?pid=COMGZUYDFZXHWYWZ&lid=LSTCOMGZUYDFZXHWYWZJ6V2KW&marketplace=FLIPKART&q=laptop&store=6bo%2Fb5g&srno=s_24_557&otracker=search&fm=organic&iid=en_cCgD2_g1atSZZ03Ubd99pmMH7G6LVs44l_15XFo4ZxCw1PyoVgx_Kr6IvSQNizkqsfGME0kkMQMICwGxasfmZSpiZoP3ZcDDMuaOuWFYumPHQ0t6ZnSS7dy3uOE_Ibh6&ppt=sp&ppn=sp&ssid=0p2z0fciv40000001784731042331&qH=312f91285e048e09&ov_redirect=true,Intel Core i5 Processor (13th Gen) | 8 GB LPDDR4X RAM | 64 bit Windows 11 Operating System | 512 GB SSD | 39.62 cm (15.6 Inch) Display | 1 Year Manufacturer Warranty for Laptop and 6 Months for In-Box Accessories
24,6,Samsung Galaxy Book4 Metal Intel Core i3 13th Gen 1315U - (8 GB/512 GB SSD/Windows 11 Home) NP750XGJ-L...,"₹57,490",4.4,"10,670 Ratings",https://rukminim2.flixcart.com/image/312/312/xif0q/computer/q/k/o/-enriched-transparent-original-imahg53xmzmtsynn.png?q=70,https://www.flipkart.com/samsung-galaxy-book4-metal-intel-core-i3-13th-gen-1315u-8-gb-512-gb-ssd-windows-11-home-np750xgj-lg9in-thin-light-laptop/p/itmc29d559898e6f?pid=COMH4Y6KKRC9YSWE&lid=LSTCOMH4Y6KKRC9YSWERDUMZD&marketplace=FLIPKART&q=laptop&store=6bo%2Fb5g&srno=s_24_558&otracker=search&fm=organic&iid=en_cCgD2_g1atSZZ03Ubd99pmMH7G6LVs44l_15XFo4ZxDOcBBUTfCEjHIDzT-0ZsB9VqKfzRTPmTYCvEc1OQ2_kCChg9vAnpscSdI7uOc1ZHXHQ0t6ZnSS7dy3uOE_Ibh6&ppt=sp&ppn=sp&ssid=0p2z0fciv40000001784731042331&qH=312f91285e048e09&ov_redirect=true,Intel Core i3 Processor (13th Gen) | 8 GB LPDDR4X RAM | 64 bit Windows 11 Operating System | 512 GB SSD | 39.62 cm (15.6 Inch) Display | 1 Year Onsite Warranty
24,7,DELL Microsoft Office 2024 (i5 14th Gen) Intel Core 5 - (16 GB/512 GB SSD/Windows 11 Home) DC14250 Thi...,"₹75,990",Not Found,Not Found,https://rukminim2.flixcart.com/image/312/312/xif0q/computer/p/e/m/-original-imahkr2hdsmpcfqg.jpeg?q=70,https://www.flipkart.com/dell-microsoft-office-2024-i5-14th-gen-intel-core-5-16-gb-512-gb-ssd-windows-11-home-dc14250-thin-light-laptop/p/itmfd5bc4b8e52af?pid=COMHK67CCCGMJADY&lid=LSTCOMHK67CCCGMJADYIA2FQL&marketplace=FLIPKART&q=laptop&store=6bo%2Fb5g&srno=s_24_559&otracker=search&fm=organic&iid=b9969b73-dd2f-409b-b7f0-473a2b4bb0f5.COMHK67CCCGMJADY.SEARCH&ppt=sp&ppn=sp&ssid=0p2z0fciv40000001784731042331&qH=312f91285e048e09&ov_redirect=true,"Intel Core 5 Processor | 16 GB DDR5 RAM | Windows 11 Home Operating System | 512 GB SSD | 35.56 cm (14 inch) Display | My Dell (Dell Power Manager,Dell Support Assist) | 1 Year Onsite Hardware Service"
24,8,HP HP Laptop Intel Core i3 13th Gen 1315U - (8 GB/512 GB SSD/Windows 11 Home) 15-fd0186TU Thin and Lig...,"₹52,833",4.2,593 Ratings,https://rukminim2.flixcart.com/image/312/312/xif0q/computer/f/a/q/-original-imahg5fxk33xpfc3.jpeg?q=70,https://www.flipkart.com/hp-laptop-intel-core-i3-13th-gen-1315u-8-gb-512-gb-ssd-windows-11-home-15-fd0186tu-thin-light/p/itm4fc6159aa1303?pid=COMHY9G672HKDZHB&lid=LSTCOMHY9G672HKDZHBIO7UJN&marketplace=FLIPKART&q=laptop&store=6bo%2Fb5g&srno=s_24_560&otracker=search&fm=organic&iid=b9969b73-dd2f-409b-b7f0-473a2b4bb0f5.COMHY9G672HKDZHB.SEARCH&ppt=sp&ppn=sp&ssid=0p2z0fciv40000001784731042331&qH=312f91285e048e09&ov_redirect=true,Intel Core i3 Processor (13th Gen) | 8 GB DDR4 RAM | 64 bit Windows 11 Operating System | 512 GB SSD | 39.62 cm (15.6 Inch) Display | 1 Year Onsite Warranty
24,9,HP Omnibook 3 2K WUXGA Snapdragon X - (16 GB/512 GB SSD/Windows 11 Home) Omnibook 3 14-hz0024QU Laptop,"₹72,990",4.1,11 Ratings,https://rukminim2.flixcart.com/image/312/312/xif0q/computer/u/e/9/-original-imahzvfcsqpynrcd.jpeg?q=70,https://www.flipkart.com/hp-omnibook-3-2k-wuxga-snapdragon-x-16-gb-512-gb-ssd-windows-11-home-14-hz0024qu-laptop/p/itmbd5346cd09abc?pid=COMHZGK2ACSECZB5&lid=LSTCOMHZGK2ACSECZB52ALLPO&marketplace=FLIPKART&q=laptop&store=6bo%2Fb5g&srno=s_24_561&otracker=search&fm=organic&iid=en_cCgD2_g1atSZZ03Ubd99pmMH7G6LVs44l_15XFo4ZxB0VhlqZQWys9oOSGx8uuZyQDaMOpjaAqIhVlr2eDOqkK8WMJxc_eOD3pdFe_35DQXHQ0t6ZnSS7dy3uOE_Ibh6&ppt=sp&ppn=sp&ssid=0p2z0fciv40000001784731042331&qH=312f91285e048e09&ov_redirect=true,Snapdragon X Processor | 16 GB LPDDR5X RAM | Windows 11 Home Operating System | 512 GB SSD | 35.56 cm (14 inch) Display | MS Office Home 2024 | 1 Year Onsite Service
24,10,DELL 15 (Previouly Inspiron) AMD Ryzen 5 Quad Core 7520U - (8 GB/512 GB SSD/Windows 11 Home) DC15255 T...,"₹57,990",4.5,6 Ratings,https://rukminim2.flixcart.com/image/312/312/xif0q/computer/m/x/0/-original-imahzv9agugnddrg.jpeg?q=70,https://www.flipkart.com/dell-15-previouly-inspiron-amd-ryzen-5-quad-core-7520u-8-gb-512-gb-ssd-windows-11-home-dc15255-thin-light-laptop/p/itmb80bb4e819164?pid=COMHDXXUHGDCHMQX&lid=LSTCOMHDXXUHGDCHMQXUEUE9X&marketplace=FLIPKART&q=laptop&store=6bo%2Fb5g&srno=s_24_562&otracker=search&fm=organic&iid=en_cCgD2_g1atSZZ03Ubd99pmMH7G6LVs44l_15XFo4ZxBpblq9OGB7ej3cgHOYpHVRKS7KjhXWMehRCKPAR7kLILb6bL0Zx_kaK68EeWHdQeDHQ0t6ZnSS7dy3uOE_Ibh6&ppt=sp&ppn=sp&ssid=0p2z0fciv40000001784731042331&qH=312f91285e048e09&ov_redirect=true,AMD Ryzen 5 Quad Core Processor | 8 GB LPDDR5 RAM | Windows 11 Operating System | 512 GB SSD | 38.1 cm (15 Inch) Display | 1 Year Onsite Warranty
24,11,DELL 15 Microsoft Office Home 2024 Intel Core i3 13th Gen 1305U - (16 GB/512 GB SSD/Windows 11 Home) 3...,"₹58,300",4.2,920 Ratings,https://rukminim2.flixcart.com/image/312/312/xif0q/computer/f/i/b/-original-imahgx8ws7ypyhmd.jpeg?q=70,https://www.flipkart.com/dell-15-microsoft-office-home-2024-intel-core-i3-13th-gen-1305u-16-gb-512-gb-ssd-windows-11-home-3530-thin-light-laptop/p/itm7e8388959b785?pid=COMHD99W94EPN2H2&lid=LSTCOMHD99W94EPN2H2YUBS3J&marketplace=FLIPKART&q=laptop&store=6bo%2Fb5g&srno=s_24_563&otracker=search&fm=organic&iid=b9969b73-dd2f-409b-b7f0-473a2b4bb0f5.COMHD99W94EPN2H2.SEARCH&ppt=sp&ppn=sp&ssid=0p2z0fciv40000001784731042331&qH=312f91285e048e09&ov_redirect=true,Intel Core i3 Processor (13th Gen) | 16 GB DDR4 RAM | Windows 11 Home Operating System | 512 GB SSD | 39.62 cm (15.6 Inch) Display | Microsoft Office Home 2024 | Dell Support Assist | 1 Year Onsite Hardware Service
24,12,ASUS Vivobook 15 (i5 14th Gen) Intel Core 5 120U - (16 GB/512 GB SSD/Windows 11 Home) X1504VAP-NJ541WS...,"₹64,990",4,36 Ratings,https://rukminim2.flixcart.com/image/312/312/xif0q/computer/h/p/x/-original-imah2ger8fwg9raw.jpeg?q=70,https://www.flipkart.com/asus-vivobook-15-i5-14th-gen-intel-core-5-120u-16-gb-512-gb-ssd-windows-11-home-x1504vap-nj541ws-thin-light-laptop/p/itm200184e4e0443?pid=COMGYSFGKTA2WBCR&lid=LSTCOMGYSFGKTA2WBCRKJIU8E&marketplace=FLIPKART&q=laptop&store=6bo%2Fb5g&srno=s_24_564&otracker=search&fm=organic&iid=b9969b73-dd2f-409b-b7f0-473a2b4bb0f5.COMGYSFGKTA2WBCR.SEARCH&ppt=sp&ppn=sp&ssid=0p2z0fciv40000001784731042331&qH=312f91285e048e09&ov_redirect=true,Intel Core 5 Processor | 16 GB DDR4 RAM | Windows 11 Operating System | 512 GB SSD | 39.62 cm (15.6 Inch) Display | 1 Year Onsite warranty
24,13,Lenovo IdeaPad Slim 3 Intel Core i5 12th Gen 12450H - (16 GB/512 GB SSD/Windows 11 Home) 14IAH8 Thin a...,"₹69,890",4.2,"2,694 Ratings",https://rukminim2.flixcart.com/image/312/312/xif0q/computer/c/g/r/-original-imahg5fu4pgmgf6u.jpeg?q=70,https://www.flipkart.com/lenovo-ideapad-slim-3-intel-core-i5-12th-gen-12450h-16-gb-512-gb-ssd-windows-11-home-14iah8-thin-light-laptop/p/itm726ac134d0530?pid=COMGYHP5ZB4AGZH6&lid=LSTCOMGYHP5ZB4AGZH6FHRJ3V&marketplace=FLIPKART&q=laptop&store=6bo%2Fb5g&srno=s_24_565&otracker=search&fm=organic&iid=b9969b73-dd2f-409b-b7f0-473a2b4bb0f5.COMGYHP5ZB4AGZH6.SEARCH&ppt=sp&ppn=sp&ssid=0p2z0fciv40000001784731042331&qH=312f91285e048e09&ov_redirect=true,Intel Core i5 Processor (12th Gen) | 16 GB LPDDR5 RAM | 64 bit Windows 11 Operating System | 512 GB SSD | 35.56 cm (14 Inch) Display | 1 Year Onsite Warranty.
24,14,ASUS TUF Gaming F17 - AI Powered Gaming Intel Core i5 11th Gen 11400H - (16 GB/512 GB SSD/Windows 11 H...,"₹50,990",4.3,"7,891 Ratings",https://rukminim2.flixcart.com/image/312/312/xif0q/computer/r/1/2/-original-imahg5futjbx5uzr.jpeg?q=70,https://www.flipkart.com/asus-tuf-gaming-f17-ai-powered-intel-core-i5-11th-gen-11400h-16-gb-512-gb-ssd-windows-11-home-4-graphics-nvidia-geforce-rtx-2050-165-hz-70-w-fx706hf-ny040w-laptop/p/itm5b135cad5c8a9?pid=COMHY74JXH3KZRWM&lid=LSTCOMHY74JXH3KZRWMLLMJRL&marketplace=FLIPKART&q=laptop&store=6bo%2Fb5g&srno=s_24_566&otracker=search&fm=organic&iid=b9969b73-dd2f-409b-b7f0-473a2b4bb0f5.COMHY74JXH3KZRWM.SEARCH&ppt=sp&ppn=sp&ssid=0p2z0fciv40000001784731042331&qH=312f91285e048e09&ov_redirect=true,Intel Core i5 Processor (11th Gen) | 16 GB DDR4 RAM | 64 bit Windows 11 Operating System | 512 GB SSD | 43.94 cm (17.3 Inch) Display | 1 Year Onsite Warranty
24,15,HP 15 (i5 14th Gen) Intel Core 5 120U - (24 GB/512 GB SSD/Windows 11 Home) 15-fd0262TU Thin and Light ...,"₹82,990",4.2,195 Ratings,https://rukminim2.flixcart.com/image/312/312/xif0q/computer/z/i/b/-original-imahzu4rwxnezv9x.jpeg?q=70,https://www.flipkart.com/hp-15-i5-14th-gen-intel-core-5-120u-24-gb-512-gb-ssd-windows-11-home-15-fd0262tu-thin-light-laptop/p/itm027a3317f4ff9?pid=COMHM94A7PHVCQT7&lid=LSTCOMHM94A7PHVCQT7QTPOH7&marketplace=FLIPKART&q=laptop&store=6bo%2Fb5g&srno=s_24_567&otracker=search&fm=organic&iid=en_cCgD2_g1atSZZ03Ubd99pmMH7G6LVs44l_15XFo4ZxAX70YfNayR32hnYZnIWTkEajNODExQ3AD2YwLVEpFEnL-0TByd-y2aowfbZcqv2qDHQ0t6ZnSS7dy3uOE_Ibh6&ppt=sp&ppn=sp&ssid=0p2z0fciv40000001784731042331&qH=312f91285e048e09&ov_redirect=true,Intel Core 5 Processor | 24 GB DDR5 RAM | Windows 11 Home Operating System | 512 GB SSD | 39.62 cm (15.6 inch) Display | Microsoft Office Home 2024 (Lifetime Validity ) + Microsoft 365(1-Year Validity) | 1 Year Onsite Service
24,16,HP 14 AI PC Intel Core Ultra 7 155H - (16 GB/1 TB SSD/Windows 11 Home) 14-ep1152TU Thin and Light Lapt...,"₹85,990",4.1,790 Ratings,https://rukminim2.flixcart.com/image/312/312/xif0q/computer/a/h/z/-original-imahgh9exfmtg44y.jpeg?q=70,https://www.flipkart.com/hp-14-ai-pc-intel-core-ultra-7-155h-16-gb-1-tb-ssd-windows-11-home-14-ep1152tu-thin-light-laptop/p/itm448874079369f?pid=COMHG98EXZ3AJYZN&lid=LSTCOMHG98EXZ3AJYZNODD67U&marketplace=FLIPKART&q=laptop&store=6bo%2Fb5g&srno=s_24_568&otracker=search&fm=organic&iid=en_cCgD2_g1atSZZ03Ubd99pmMH7G6LVs44l_15XFo4ZxCbCODEB4a9HlMbAZ5MyPegn9sG8qIKSbGwDcGdLV_LgSGkgDYpheMzpTOfbcb9jJrjv-FIISWQXJXyOoZ1zZ5y&ppt=sp&ppn=sp&ssid=0p2z0fciv40000001784731042331&qH=312f91285e048e09&ov_redirect=true,Intel Core Ultra 7 Processor | 16 GB DDR5 RAM | Windows 11 Home Operating System | 1 TB SSD | 35.56 cm (14 Inch) Display | 1 Year Onsite Warranty
24,17,DELL 14 (i7 14th Gen) Intel Core 7 240H - (16 GB/512 GB SSD/Windows 11 Home) 7440 Thin and Light Lapto...,"₹94,135",4.8,8 Ratings,https://rukminim2.flixcart.com/image/312/312/xif0q/computer/2/8/x/inspiron-thin-and-light-laptop-dell-original-imahazxg4yswm37z.jpeg?q=70,https://www.flipkart.com/dell-14-i7-14th-gen-intel-core-7-240h-16-gb-512-gb-ssd-windows-11-home-7440-thin-light-laptop/p/itm85ac1913cc276?pid=COMHDWZ6HUFP4VCG&lid=LSTCOMHDWZ6HUFP4VCG6QNSKM&marketplace=FLIPKART&q=laptop&store=6bo%2Fb5g&srno=s_24_569&otracker=search&fm=organic&iid=b9969b73-dd2f-409b-b7f0-473a2b4bb0f5.COMHDWZ6HUFP4VCG.SEARCH&ppt=sp&ppn=sp&ssid=0p2z0fciv40000001784731042331&qH=312f91285e048e09&ov_redirect=true,Intel Core 7 Processor | 16 GB LPDDR5X RAM | Windows 11 Operating System | 512 GB SSD | 35.56 cm (14 Inch) Display | 1 Year Onsite Warranty
24,18,Acer Aspire 14 Office 2024 + M365 Basic Intel Core i5 13th Gen 13500H - (16 GB/512 GB SSD/Windows 11 H...,"₹65,699",4.3,"6,334 Ratings",https://rukminim2.flixcart.com/image/312/312/xif0q/computer/k/i/d/-original-imahgfdfs7cvjxkg.jpeg?q=70,https://www.flipkart.com/acer-aspire-14-office-2024-m365-basic-intel-core-i5-13th-gen-13500h-16-gb-512-gb-ssd-windows-11-home-as14h-53-thin-light-laptop/p/itm6d9e21bde5a56?pid=COMHEWCQJGXCFPP4&lid=LSTCOMHEWCQJGXCFPP4BEICIV&marketplace=FLIPKART&q=laptop&store=6bo%2Fb5g&srno=s_24_570&otracker=search&fm=organic&iid=b9969b73-dd2f-409b-b7f0-473a2b4bb0f5.COMHEWCQJGXCFPP4.SEARCH&ppt=sp&ppn=sp&ssid=0p2z0fciv40000001784731042331&qH=312f91285e048e09&ov_redirect=true,Intel Core i5 Processor (13th Gen) | 16 GB LPDDR5 RAM | 64 bit Windows 11 Home Operating System | 512 GB SSD | 35.56 cm (14 Inch) Display | 1 Year Warranty
24,19,HP 14 AI PC Intel Core Ultra 7 155H - (16 GB/512 GB SSD/Windows 11 Home) 14-ep1151TU/14-gr1036TU/14-ep...,"₹79,990",4.1,790 Ratings,https://rukminim2.flixcart.com/image/312/312/xif0q/computer/o/9/k/-original-imahgry8nwkejmae.jpeg?q=70,https://www.flipkart.com/hp-14-ai-pc-intel-core-ultra-7-155h-16-gb-512-gb-ssd-windows-11-home-14-ep1151tu-14-gr1036tu-14-ep1151tu-thin-light-laptop/p/itm4c681812b88bf?pid=COMHF8G932EYZAJF&lid=LSTCOMHF8G932EYZAJFOUI9CA&marketplace=FLIPKART&q=laptop&store=6bo%2Fb5g&srno=s_24_571&otracker=search&fm=organic&iid=en_cCgD2_g1atSZZ03Ubd99pmMH7G6LVs44l_15XFo4ZxBlbWUeh4iUu_1w4fxg0v3V3zzcGhlXkGO1hWP1UU6KY6U4JGq2qGfuCYjFJWjKqlTjv-FIISWQXJXyOoZ1zZ5y&ppt=sp&ppn=sp&ssid=0p2z0fciv40000001784731042331&qH=312f91285e048e09&ov_redirect=true,Intel Core Ultra 7 Processor | 16 GB DDR5 RAM | Windows 11 Home Operating System | 512 GB SSD | 35.56 cm (14 Inch) Display | 1 Year Onsite Warranty
24,20,Samsung Galaxy Book5 AI Metal Intel Core Ultra 5 225U - (16 GB/512 GB SSD/Windows 11 Home) NP750XHD Th...,"₹84,990",4.6,837 Ratings,https://rukminim2.flixcart.com/image/312/312/xif0q/computer/0/2/e/-original-imahzcf3jkkjkhgc.jpeg?q=70,https://www.flipkart.com/samsung-galaxy-book5-ai-metal-intel-core-ultra-5-225u-16-gb-512-gb-ssd-windows-11-home-np750xhd-thin-light-laptop/p/itmc33d2563d0ffc?pid=COMHE4ATPCZ9FXRP&lid=LSTCOMHE4ATPCZ9FXRP7N1GVG&marketplace=FLIPKART&q=laptop&store=6bo%2Fb5g&srno=s_24_572&otracker=search&fm=organic&iid=en_cCgD2_g1atSZZ03Ubd99pmMH7G6LVs44l_15XFo4ZxC3A094MZUaCk4wtGAmdixj3WHJiuMjlX0EHxFVCjPkyeUBYPBIqgZE3mSuDz4HsbnHQ0t6ZnSS7dy3uOE_Ibh6&ppt=sp&ppn=sp&ssid=0p2z0fciv40000001784731042331&qH=312f91285e048e09&ov_redirect=true,Intel Core Ultra 5 Processor | 16 GB LPDDR5X RAM | 64 bit Windows 11 Operating System | 512 GB SSD | 39.62 cm (15.6 Inch) Display | MS Office Home and Student 2024 | 1 Year Manufacturer Warranty for Laptop and 6 Months for In-Box Accessories
24,21,HP AMD Ryzen 5 Hexa Core - (16 GB/512 GB SSD/Windows 11 Home) 15S-EQ2305AU Laptop,"₹59,950",3,10 Ratings,https://rukminim2.flixcart.com/image/312/312/xif0q/computer/o/8/k/15s-laptop-hp-original-imagy4x5cuycwjuk.jpeg?q=70,https://www.flipkart.com/hp-amd-ryzen-5-hexa-core-16-gb-512-gb-ssd-windows-11-home-15s-eq2305au-laptop/p/itm94b8bbcdcfe17?pid=COMGY5ZHWJ2ZP44A&lid=LSTCOMGY5ZHWJ2ZP44A9R817V&marketplace=FLIPKART&q=laptop&store=6bo%2Fb5g&srno=s_24_573&otracker=search&fm=organic&iid=b9969b73-dd2f-409b-b7f0-473a2b4bb0f5.COMGY5ZHWJ2ZP44A.SEARCH&ppt=sp&ppn=sp&ssid=0p2z0fciv40000001784731042331&qH=312f91285e048e09&ov_redirect=true,AMD Ryzen 5 Hexa Core Processor | 16 GB DDR4 RAM | Windows 11 Home Operating System | 512 GB SSD | 39.62 cm (15.6 Inch) Display | 1 Year Warranty
24,22,MICROSOFT Surface Pro 13 Inch Snapdragon X2 Plus - (16 GB/256 GB SSD/Windows 11 Home) EP2-73230 2 in 1...,"₹1,85,990",Not Found,Not Found,https://rukminim2.flixcart.com/image/312/312/xif0q/computer/q/3/c/-original-imahpbuhwzdjewht.jpeg?q=70,https://www.flipkart.com/microsoft-surface-pro-13-inch-snapdragon-x2-plus-16-gb-256-gb-ssd-windows-11-home-ep2-73230-2-1-laptop/p/itm11b034f9ce1dd?pid=COMHP67DFZHDFGZ5&lid=LSTCOMHP67DFZHDFGZ5XWRKIN&marketplace=FLIPKART&q=laptop&store=6bo%2Fb5g&srno=s_24_574&otracker=search&fm=organic&iid=b9969b73-dd2f-409b-b7f0-473a2b4bb0f5.COMHP67DFZHDFGZ5.SEARCH&ppt=sp&ppn=sp&ssid=0p2z0fciv40000001784731042331&qH=312f91285e048e09&ov_redirect=true,Snapdragon X2 Plus Processor | 16 GB LPDDR5X RAM | 64 bit Windows 11 Operating System | 256 GB SSD | 33.02 cm (13 inch) Touchscreen Display | NA | 1 Year Onsite Service
24,23,HP Victus Intel Core i5 14th Gen 14450HX - (24 GB/512 GB SSD/Windows 11 Home/6 GB Graphics/NVIDIA GeFo...,"₹99,460",4.3,573 Ratings,https://rukminim2.flixcart.com/image/312/312/xif0q/computer/z/5/l/-original-imahgfdfnfev2bzr.jpeg?q=70,https://www.flipkart.com/hp-victus-intel-core-i5-14th-gen-14450hx-24-gb-512-gb-ssd-windows-11-home-6-graphics-nvidia-geforce-rtx-4050-15-fa2382tx-gaming-laptop/p/itmc8b9497c77521?pid=COMHDHGHR2PMJYHT&lid=LSTCOMHDHGHR2PMJYHTKXMUDC&marketplace=FLIPKART&q=laptop&store=6bo%2Fb5g&srno=s_24_575&otracker=search&fm=organic&iid=b9969b73-dd2f-409b-b7f0-473a2b4bb0f5.COMHDHGHR2PMJYHT.SEARCH&ppt=sp&ppn=sp&ssid=0p2z0fciv40000001784731042331&qH=312f91285e048e09&ov_redirect=true,Intel Core i5 Processor (14th Gen) | 24 GB DDR5 RAM | Windows 11 Home Operating System | 512 GB SSD | 39.62 cm (15.6 Inch) Display | MSO Home 2024 + 1yr M365 Basic & MISC PC Game Pass DA 3M | 1 Year Onsite Warranty
24,24,"ASUS Zenbook A14 OLED (2025), MSO 2024 + M365 Basic, Metal Body, Backlit Keyboard, Snapdragon X Elite ...","₹89,990",2.9,8 Ratings,https://rukminim2.flixcart.com/image/312/312/xif0q/computer/i/v/3/-original-imahg53ugxmgdr9s.jpeg?q=70,https://www.flipkart.com/asus-zenbook-a14-oled-2025-mso-2024-m365-basic-metal-body-backlit-keyboard-snapdragon-x-elite-16-gb-512-gb-ssd-windows-11-home-ux3407ra-qd054ws-thin-light-laptop/p/itmf32d7dd995025?pid=COMH9EVGTG9MPHBS&lid=LSTCOMH9EVGTG9MPHBSF11O25&marketplace=FLIPKART&q=laptop&store=6bo%2Fb5g&srno=s_24_576&otracker=search&fm=organic&iid=b9969b73-dd2f-409b-b7f0-473a2b4bb0f5.COMH9EVGTG9MPHBS.SEARCH&ppt=sp&ppn=sp&ssid=0p2z0fciv40000001784731042331&qH=312f91285e048e09&ov_redirect=true,"Snapdragon X Elite Processor | 16 GB LPDDR5X RAM | Windows 11 Home Operating System | 512 GB SSD | 35.56 cm (14 Inch) Display | Microsoft Office Home 2024 (Lifetime Validity ) + Microsoft 365 Basic*(1-Year Validity), McAfee 1 year | 1 Year Onsite Warranty"
